min_samples_split value,Train_Accuracy,Train_Precision_micro,Train_Recall_micro,Train_f1_micro,Train_Precision_macro,Train_Recall_macro,Train_f1_macro,Train_Precision_weighted,Train_Recall_weighted,Train_f1_weighted,Train_Confusion_Matrix,Test_Accuracy,Test_Precision_micro,Test_Recall_micro,Test_f1_micro,Test_Precision_macro,Test_Recall_macro,Test_f1_macro,Test_Precision_weighted,Test_Recall_weighted,Test_f1_weighted,Test_Confusion_Matrix
2,"[0.9477611940298507, 0.9309701492537313, 0.9235074626865671, 0.9458955223880597, 0.9148148148148149, 0.9123134328358209, 0.914179104477612, 0.917910447761194, 0.9309701492537313, 0.9291044776119403]","[0.9477611940298507, 0.9309701492537313, 0.9235074626865671, 0.9458955223880597, 0.9148148148148149, 0.9123134328358209, 0.914179104477612, 0.917910447761194, 0.9309701492537313, 0.9291044776119403]","[0.9477611940298507, 0.9309701492537313, 0.9235074626865671, 0.9458955223880597, 0.9148148148148149, 0.9123134328358209, 0.914179104477612, 0.917910447761194, 0.9309701492537313, 0.9291044776119403]","[0.9477611940298507, 0.9309701492537313, 0.9235074626865671, 0.9458955223880597, 0.9148148148148149, 0.9123134328358209, 0.914179104477612, 0.917910447761194, 0.9309701492537313, 0.9291044776119403]","[0.9484889230375209, 0.9310740748131003, 0.9238030587953346, 0.9460271938906195, 0.9158835661129889, 0.9131947017137121, 0.9165626005469756, 0.9189262372186887, 0.9326933811882925, 0.9305054098379999]","[0.9477611940298507, 0.9309701492537313, 0.9235074626865671, 0.9458955223880597, 0.9148148148148149, 0.9123134328358209, 0.9141791044776119, 0.9179104477611941, 0.9309701492537313, 0.9291044776119404]","[0.9477548158901458, 0.9309961263024892, 0.9233737828553297, 0.9457428033206402, 0.9150358359696968, 0.9123663012308203, 0.9138771781592325, 0.9179192698550083, 0.9310189532400044, 0.9290724632908753]","[0.9484889230375209, 0.9310740748131002, 0.9238030587953346, 0.9460271938906195, 0.9158835661129888, 0.9131947017137121, 0.9165626005469756, 0.9189262372186886, 0.9326933811882925, 0.9305054098379999]","[0.9477611940298507, 0.9309701492537313, 0.9235074626865671, 0.9458955223880597, 0.9148148148148149, 0.9123134328358209, 0.914179104477612, 0.917910447761194, 0.9309701492537313, 0.9291044776119403]","[0.9477548158901458, 0.9309961263024893, 0.9233737828553298, 0.9457428033206401, 0.9150358359696967, 0.9123663012308201, 0.9138771781592325, 0.9179192698550083, 0.9310189532400044, 0.9290724632908753]","[array([[127,   6,   0,   1],
       [  1, 128,   2,   3],
       [  5,   0, 123,   6],
       [  0,   3,   1, 130]]), array([[125,   8,   0,   1],
       [  6, 123,   3,   2],
       [  2,   2, 126,   4],
       [  3,   1,   5, 125]]), array([[124,   8,   1,   1],
       [  2, 129,   1,   2],
       [  1,   2, 123,   8],
       [  4,   3,   8, 119]]), array([[130,   3,   0,   1],
       [  3, 130,   1,   0],
       [  4,   1, 122,   7],
       [  2,   2,   5, 125]]), array([[124,   9,   2,   0],
       [  9, 123,   1,   2],
       [  3,   2, 122,   8],
       [  3,   5,   2, 125]]), array([[123,   4,   6,   1],
       [ 11, 120,   1,   2],
       [  3,   1, 120,  10],
       [  3,   4,   1, 126]]), array([[117,  12,   2,   3],
       [  6, 127,   0,   1],
       [  4,   0, 116,  14],
       [  1,   1,   2, 130]]), array([[121,   9,   2,   2],
       [  3, 128,   0,   3],
       [  3,   4, 122,   5],
       [  2,   4,   7, 121]]), array([[129,   5,   0,   0],
       [  4, 128,   0,   2],
       [  5,   0, 121,   8],
       [  6,   5,   2, 121]]), array([[130,   4,   0,   0],
       [  6, 125,   1,   2],
       [  5,   0, 124,   5],
       [  5,   6,   4, 119]])]","[0.5434782608695652, 0.5869565217391305, 0.5, 0.7391304347826086, 0.6666666666666666, 0.6666666666666666, 0.6222222222222222, 0.6, 0.6222222222222222, 0.6444444444444445]","[0.5434782608695652, 0.5869565217391305, 0.5, 0.7391304347826086, 0.6666666666666666, 0.6666666666666666, 0.6222222222222222, 0.6, 0.6222222222222222, 0.6444444444444445]","[0.5434782608695652, 0.5869565217391305, 0.5, 0.7391304347826086, 0.6666666666666666, 0.6666666666666666, 0.6222222222222222, 0.6, 0.6222222222222222, 0.6444444444444445]","[0.5434782608695652, 0.5869565217391305, 0.5, 0.7391304347826086, 0.6666666666666666, 0.6666666666666666, 0.6222222222222222, 0.6, 0.6222222222222222, 0.6444444444444445]","[0.5080128205128205, 0.5835218702865762, 0.49374999999999997, 0.7444444444444445, 0.6729166666666666, 0.6638500388500388, 0.6196969696969696, 0.6144688644688644, 0.6230332167832168, 0.6554834054834056]","[0.5236111111111111, 0.5638888888888889, 0.49469696969696975, 0.7257575757575757, 0.6603896103896104, 0.6558080808080808, 0.6196969696969696, 0.6063131313131314, 0.6290404040404041, 0.6646464646464646]","[0.49361471861471856, 0.564078947368421, 0.49126436781609195, 0.7320574162679425, 0.660042735042735, 0.6582125603864735, 0.6174185463659148, 0.6024053945249598, 0.623249299719888, 0.6557881773399015]","[0.5231326644370123, 0.5933339891140402, 0.5007763975155279, 0.7410628019323672, 0.6840740740740741, 0.6864801864801865, 0.6263973063973064, 0.6163614163614163, 0.6219696969696971, 0.6472663139329806]","[0.5434782608695652, 0.5869565217391305, 0.5, 0.7391304347826086, 0.6666666666666666, 0.6666666666666666, 0.6222222222222222, 0.6, 0.6222222222222222, 0.6444444444444445]","[0.5138057594579333, 0.5814530892448512, 0.49759120439780113, 0.7367034186256155, 0.668755935422602, 0.6746261789740049, 0.6221888053467001, 0.6003891572732153, 0.619234360410831, 0.6420032840722496]","[array([[9, 2, 0, 1],
       [7, 1, 0, 1],
       [0, 0, 7, 3],
       [2, 0, 5, 8]]), array([[ 6,  5,  0,  1],
       [ 4,  5,  0,  0],
       [ 2,  0,  4,  4],
       [ 1,  0,  2, 12]]), array([[6, 4, 0, 1],
       [3, 6, 0, 1],
       [3, 0, 3, 4],
       [2, 0, 5, 8]]), array([[ 7,  2,  0,  2],
       [ 3,  6,  0,  1],
       [ 0,  0,  8,  2],
       [ 0,  1,  1, 13]]), array([[ 8,  2,  1,  0],
       [ 5,  5,  0,  0],
       [ 0,  1,  7,  2],
       [ 2,  0,  2, 10]]), array([[ 6,  5,  0,  0],
       [ 5,  5,  0,  0],
       [ 1,  0,  7,  1],
       [ 0,  1,  2, 12]]), array([[ 6,  4,  1,  0],
       [ 1,  6,  0,  2],
       [ 1,  0,  6,  3],
       [ 1,  0,  4, 10]]), array([[7, 2, 1, 1],
       [3, 5, 1, 0],
       [0, 0, 7, 3],
       [3, 0, 4, 8]]), array([[8, 1, 0, 2],
       [4, 5, 0, 0],
       [0, 0, 7, 3],
       [1, 2, 4, 8]]), array([[7, 1, 2, 1],
       [0, 8, 0, 1],
       [0, 0, 6, 4],
       [2, 2, 3, 8]])]"
4,"[0.9328358208955224, 0.9402985074626866, 0.9291044776119403, 0.9216417910447762, 0.937037037037037, 0.9216417910447762, 0.9309701492537313, 0.9272388059701493, 0.9291044776119403, 0.9328358208955224]","[0.9328358208955224, 0.9402985074626866, 0.9291044776119403, 0.9216417910447762, 0.937037037037037, 0.9216417910447762, 0.9309701492537313, 0.9272388059701493, 0.9291044776119403, 0.9328358208955224]","[0.9328358208955224, 0.9402985074626866, 0.9291044776119403, 0.9216417910447762, 0.937037037037037, 0.9216417910447762, 0.9309701492537313, 0.9272388059701493, 0.9291044776119403, 0.9328358208955224]","[0.9328358208955224, 0.9402985074626866, 0.9291044776119403, 0.9216417910447762, 0.937037037037037, 0.9216417910447762, 0.9309701492537313, 0.9272388059701493, 0.9291044776119403, 0.9328358208955224]","[0.9352782634032635, 0.9421216119949561, 0.9290982889620891, 0.9221258955324587, 0.9379543859954307, 0.9225423311678225, 0.9317632326483409, 0.9277897434558618, 0.9304543724629457, 0.9340439975575136]","[0.9328358208955224, 0.9402985074626866, 0.9291044776119403, 0.9216417910447762, 0.937037037037037, 0.9216417910447761, 0.9309701492537312, 0.9272388059701493, 0.9291044776119401, 0.9328358208955224]","[0.9324349226081209, 0.9404049474715496, 0.9290821175023758, 0.9216397539628642, 0.9371353740498084, 0.9216261218749848, 0.931044861101609, 0.9272753338097449, 0.9292600408968696, 0.9329026631041294]","[0.9352782634032634, 0.942121611994956, 0.9290982889620891, 0.9221258955324587, 0.9379543859954308, 0.9225423311678225, 0.9317632326483409, 0.927789743455862, 0.9304543724629456, 0.9340439975575136]","[0.9328358208955224, 0.9402985074626866, 0.9291044776119403, 0.9216417910447762, 0.937037037037037, 0.9216417910447762, 0.9309701492537313, 0.9272388059701493, 0.9291044776119403, 0.9328358208955224]","[0.932434922608121, 0.9404049474715497, 0.9290821175023758, 0.9216397539628642, 0.9371353740498084, 0.9216261218749848, 0.9310448611016089, 0.9272753338097449, 0.9292600408968696, 0.9329026631041294]","[array([[130,   1,   2,   1],
       [  9, 115,   4,   6],
       [  4,   0, 124,   6],
       [  0,   1,   2, 131]]), array([[129,   3,   1,   1],
       [ 13, 119,   0,   2],
       [  1,   1, 128,   4],
       [  3,   1,   2, 128]]), array([[123,   8,   2,   1],
       [  5, 126,   1,   2],
       [  1,   0, 126,   7],
       [  4,   2,   5, 123]]), array([[120,  13,   0,   1],
       [  3, 126,   3,   2],
       [  5,   0, 123,   6],
       [  1,   2,   6, 125]]), array([[127,   7,   0,   1],
       [  0, 130,   0,   5],
       [  2,   4, 126,   3],
       [  1,   3,   8, 123]]), array([[125,   6,   2,   1],
       [ 10, 122,   1,   1],
       [  1,   2, 128,   3],
       [  0,   7,   8, 119]]), array([[123,   4,   3,   4],
       [  4, 128,   1,   1],
       [  0,   3, 122,   9],
       [  0,   2,   6, 126]]), array([[122,   9,   2,   1],
       [  4, 126,   2,   2],
       [  2,   2, 127,   3],
       [  5,   3,   4, 122]]), array([[123,   9,   0,   2],
       [  2, 127,   2,   3],
       [  3,   2, 122,   7],
       [  2,   4,   2, 126]]), array([[130,   3,   0,   1],
       [  5, 123,   1,   5],
       [  2,   4, 122,   6],
       [  4,   4,   1, 125]])]","[0.4782608695652174, 0.6956521739130435, 0.6086956521739131, 0.717391304347826, 0.5777777777777777, 0.7333333333333333, 0.6, 0.6, 0.7111111111111111, 0.6222222222222222]","[0.4782608695652174, 0.6956521739130435, 0.6086956521739131, 0.717391304347826, 0.5777777777777777, 0.7333333333333333, 0.6, 0.6, 0.7111111111111111, 0.6222222222222222]","[0.4782608695652174, 0.6956521739130435, 0.6086956521739131, 0.717391304347826, 0.5777777777777777, 0.7333333333333333, 0.6, 0.6, 0.7111111111111111, 0.6222222222222222]","[0.4782608695652174, 0.6956521739130435, 0.6086956521739131, 0.717391304347826, 0.5777777777777777, 0.7333333333333333, 0.6, 0.6, 0.7111111111111111, 0.6222222222222222]","[0.45535714285714285, 0.7022408963585434, 0.6178196803196804, 0.7504960317460317, 0.5721500721500721, 0.7321969696969697, 0.6259469696969697, 0.6333874458874459, 0.709484551396316, 0.6331662489557226]","[0.45972222222222225, 0.6791666666666667, 0.603030303030303, 0.6984848484848485, 0.5837662337662337, 0.7313131313131314, 0.5969696969696969, 0.6085858585858586, 0.6946969696969696, 0.617929292929293]","[0.45284944940117355, 0.6807257625272332, 0.605878878742447, 0.7076641414141414, 0.5695238095238095, 0.727779593912317, 0.5940634318243426, 0.5959909655561829, 0.6952302631578947, 0.6202147525676938]","[0.47256728778467916, 0.6942272561198393, 0.6267319636884855, 0.7435300207039338, 0.5831008497675163, 0.7571380471380471, 0.6332491582491583, 0.676984126984127, 0.7201657093813956, 0.6217878028404344]","[0.4782608695652174, 0.6956521739130435, 0.6086956521739131, 0.717391304347826, 0.5777777777777777, 0.7333333333333333, 0.6, 0.6, 0.7111111111111111, 0.6222222222222222]","[0.47136641469475055, 0.6857860897982382, 0.6136714251569867, 0.7149121651295565, 0.572021164021164, 0.740493746443403, 0.6001144543839041, 0.6086036346905911, 0.7089619883040936, 0.6163087457205104]","[array([[7, 4, 0, 1],
       [6, 2, 0, 1],
       [1, 0, 5, 4],
       [0, 0, 7, 8]]), array([[11,  0,  0,  1],
       [ 3,  6,  0,  0],
       [ 1,  0,  4,  5],
       [ 0,  1,  3, 11]]), array([[ 6,  2,  3,  0],
       [ 3,  6,  0,  1],
       [ 1,  0,  6,  3],
       [ 1,  0,  4, 10]]), array([[ 8,  1,  0,  2],
       [ 4,  5,  0,  1],
       [ 1,  0,  7,  2],
       [ 1,  0,  1, 13]]), array([[4, 6, 1, 0],
       [2, 8, 0, 0],
       [1, 0, 6, 3],
       [2, 0, 4, 8]]), array([[ 7,  4,  0,  0],
       [ 4,  6,  0,  0],
       [ 1,  0,  8,  0],
       [ 0,  1,  2, 12]]), array([[ 5,  5,  1,  0],
       [ 1,  6,  0,  2],
       [ 0,  0,  6,  4],
       [ 0,  1,  4, 10]]), array([[6, 3, 2, 0],
       [4, 5, 0, 0],
       [1, 1, 8, 0],
       [0, 3, 4, 8]]), array([[ 6,  5,  0,  0],
       [ 2,  6,  0,  1],
       [ 0,  0,  7,  3],
       [ 0,  0,  2, 13]]), array([[ 8,  1,  0,  2],
       [ 1,  7,  0,  1],
       [ 1,  0,  3,  6],
       [ 0,  1,  4, 10]])]"
6,"[0.9328358208955224, 0.914179104477612, 0.9291044776119403, 0.9253731343283582, 0.924074074074074, 0.9253731343283582, 0.9365671641791045, 0.9160447761194029, 0.9309701492537313, 0.9291044776119403]","[0.9328358208955224, 0.914179104477612, 0.9291044776119403, 0.9253731343283582, 0.924074074074074, 0.9253731343283582, 0.9365671641791045, 0.9160447761194029, 0.9309701492537313, 0.9291044776119403]","[0.9328358208955224, 0.914179104477612, 0.9291044776119403, 0.9253731343283582, 0.924074074074074, 0.9253731343283582, 0.9365671641791045, 0.9160447761194029, 0.9309701492537313, 0.9291044776119403]","[0.9328358208955224, 0.914179104477612, 0.9291044776119403, 0.9253731343283582, 0.924074074074074, 0.9253731343283582, 0.9365671641791045, 0.9160447761194029, 0.9309701492537313, 0.9291044776119403]","[0.9328259551767946, 0.9172991911278265, 0.9302083242452849, 0.9269408556498563, 0.9247615396733708, 0.9266691283655285, 0.9369673882622642, 0.9164802222948676, 0.9323227224802029, 0.9300042605077405]","[0.9328358208955223, 0.914179104477612, 0.9291044776119404, 0.9253731343283582, 0.924074074074074, 0.9253731343283582, 0.9365671641791045, 0.9160447761194029, 0.9309701492537313, 0.9291044776119401]","[0.9327463267775913, 0.913671593678536, 0.9291137504675964, 0.9252396096548017, 0.9239674505400138, 0.9254170359358471, 0.936597471732721, 0.9158275452781763, 0.931122794717344, 0.9290523916894736]","[0.9328259551767946, 0.9172991911278264, 0.9302083242452848, 0.9269408556498563, 0.9247615396733707, 0.9266691283655284, 0.9369673882622642, 0.9164802222948675, 0.9323227224802028, 0.9300042605077404]","[0.9328358208955224, 0.914179104477612, 0.9291044776119403, 0.9253731343283582, 0.924074074074074, 0.9253731343283582, 0.9365671641791045, 0.9160447761194029, 0.9309701492537313, 0.9291044776119403]","[0.9327463267775913, 0.9136715936785359, 0.9291137504675963, 0.9252396096548015, 0.9239674505400138, 0.9254170359358471, 0.936597471732721, 0.9158275452781762, 0.931122794717344, 0.9290523916894736]","[array([[128,   2,   3,   1],
       [  4, 127,   1,   2],
       [  1,   3, 123,   7],
       [  4,   4,   4, 122]]), array([[125,   7,   0,   2],
       [  6, 123,   4,   1],
       [  2,   0, 131,   1],
       [  1,   7,  15, 111]]), array([[120,   7,   5,   2],
       [  3, 128,   0,   3],
       [  0,   2, 124,   8],
       [  1,   3,   4, 126]]), array([[130,   3,   0,   1],
       [ 10, 122,   0,   2],
       [  3,   3, 118,  10],
       [  1,   3,   4, 126]]), array([[128,   6,   1,   0],
       [  7, 126,   1,   1],
       [  4,   0, 126,   5],
       [  0,   7,   9, 119]]), array([[129,   4,   0,   1],
       [  9, 120,   3,   2],
       [  5,   1, 123,   5],
       [  3,   4,   3, 124]]), array([[123,   6,   2,   3],
       [  3, 128,   0,   3],
       [  4,   0, 124,   6],
       [  3,   1,   3, 127]]), array([[116,  10,   2,   6],
       [  5, 128,   0,   1],
       [  0,   2, 124,   8],
       [  4,   0,   7, 123]]), array([[128,   4,   0,   2],
       [  7, 122,   3,   2],
       [  4,   0, 124,   6],
       [  5,   1,   3, 125]]), array([[123,  10,   0,   1],
       [  3, 127,   0,   4],
       [  2,   1, 129,   2],
       [  3,   5,   7, 119]])]","[0.6739130434782609, 0.6739130434782609, 0.5869565217391305, 0.6739130434782609, 0.7111111111111111, 0.6444444444444445, 0.6444444444444445, 0.6222222222222222, 0.7333333333333333, 0.5777777777777777]","[0.6739130434782609, 0.6739130434782609, 0.5869565217391305, 0.6739130434782609, 0.7111111111111111, 0.6444444444444445, 0.6444444444444445, 0.6222222222222222, 0.7333333333333333, 0.5777777777777777]","[0.6739130434782609, 0.6739130434782609, 0.5869565217391305, 0.6739130434782609, 0.7111111111111111, 0.6444444444444445, 0.6444444444444445, 0.6222222222222222, 0.7333333333333333, 0.5777777777777777]","[0.6739130434782609, 0.6739130434782609, 0.5869565217391305, 0.6739130434782609, 0.7111111111111111, 0.6444444444444445, 0.6444444444444445, 0.6222222222222222, 0.7333333333333333, 0.5777777777777777]","[0.6785714285714285, 0.666125541125541, 0.5721275252525253, 0.6864583333333334, 0.707051282051282, 0.640422077922078, 0.6292483660130719, 0.6551535087719299, 0.7416666666666667, 0.5789772727272727]","[0.6736111111111112, 0.6666666666666666, 0.5696969696969697, 0.6674242424242424, 0.7081168831168831, 0.6280303030303029, 0.6224747474747474, 0.6164141414141414, 0.7161616161616162, 0.5803030303030303]","[0.6591666666666667, 0.664216575922565, 0.570361938570767, 0.6740377123266323, 0.7055799220272905, 0.6328495416157467, 0.6236111111111111, 0.6143790849673203, 0.7168690958164643, 0.5744360902255639]","[0.7015527950310559, 0.6817711274233013, 0.5840881642512078, 0.6843297101449276, 0.7122507122507122, 0.658946608946609, 0.6427015250544662, 0.6522417153996102, 0.7444444444444445, 0.5830808080808081]","[0.6739130434782609, 0.6739130434782609, 0.5869565217391305, 0.6739130434782609, 0.7111111111111111, 0.6444444444444445, 0.6444444444444445, 0.6222222222222222, 0.7333333333333333, 0.5777777777777777]","[0.6695652173913043, 0.675980430837213, 0.5849634605447701, 0.676491113956813, 0.7096924409789908, 0.6503948772579163, 0.6411111111111112, 0.6162672476397967, 0.7283850652271705, 0.575639097744361]","[array([[9, 3, 0, 0],
       [4, 4, 0, 1],
       [1, 0, 9, 0],
       [1, 0, 5, 9]]), array([[ 8,  3,  0,  1],
       [ 3,  6,  0,  0],
       [ 1,  1,  6,  2],
       [ 0,  1,  3, 11]]), array([[ 6,  4,  1,  0],
       [ 3,  5,  0,  2],
       [ 2,  0,  5,  3],
       [ 0,  0,  4, 11]]), array([[ 7,  2,  0,  2],
       [ 3,  6,  0,  1],
       [ 1,  0,  7,  2],
       [ 1,  2,  1, 11]]), array([[ 9,  1,  1,  0],
       [ 3,  7,  0,  0],
       [ 1,  0,  6,  3],
       [ 0,  2,  2, 10]]), array([[ 6,  5,  0,  0],
       [ 5,  5,  0,  0],
       [ 1,  0,  6,  2],
       [ 0,  1,  2, 12]]), array([[ 6,  4,  1,  0],
       [ 3,  4,  0,  2],
       [ 0,  0,  7,  3],
       [ 0,  1,  2, 12]]), array([[ 5,  4,  0,  2],
       [ 1,  7,  0,  1],
       [ 0,  0,  5,  5],
       [ 0,  1,  3, 11]]), array([[10,  1,  0,  0],
       [ 4,  5,  0,  0],
       [ 1,  0,  6,  3],
       [ 0,  0,  3, 12]]), array([[5, 4, 1, 1],
       [2, 6, 0, 1],
       [0, 0, 6, 4],
       [1, 1, 4, 9]])]"
8,"[0.9160447761194029, 0.9402985074626866, 0.9347014925373134, 0.9402985074626866, 0.9148148148148149, 0.9197761194029851, 0.9272388059701493, 0.917910447761194, 0.9067164179104478, 0.9309701492537313]","[0.9160447761194029, 0.9402985074626866, 0.9347014925373134, 0.9402985074626866, 0.9148148148148149, 0.9197761194029851, 0.9272388059701493, 0.917910447761194, 0.9067164179104478, 0.9309701492537313]","[0.9160447761194029, 0.9402985074626866, 0.9347014925373134, 0.9402985074626866, 0.9148148148148149, 0.9197761194029851, 0.9272388059701493, 0.917910447761194, 0.9067164179104478, 0.9309701492537313]","[0.9160447761194029, 0.9402985074626866, 0.9347014925373134, 0.9402985074626866, 0.9148148148148149, 0.9197761194029851, 0.9272388059701493, 0.917910447761194, 0.9067164179104478, 0.9309701492537313]","[0.91835140421083, 0.9410944667304191, 0.9358941224612867, 0.9405731291101928, 0.9176298839131952, 0.9199621347082858, 0.928150761373687, 0.9189261642156863, 0.9075636192206915, 0.9318505440928634]","[0.9160447761194029, 0.9402985074626865, 0.9347014925373134, 0.9402985074626865, 0.9148148148148149, 0.9197761194029851, 0.9272388059701492, 0.917910447761194, 0.9067164179104479, 0.9309701492537313]","[0.9161510152278584, 0.9404276899943418, 0.9347674618779809, 0.9402452256864904, 0.9146835516454517, 0.9195911654982728, 0.9270160146124549, 0.917863978537272, 0.9067663749164718, 0.9309114681084544]","[0.9183514042108298, 0.9410944667304191, 0.9358941224612866, 0.9405731291101928, 0.9176298839131951, 0.9199621347082858, 0.928150761373687, 0.9189261642156863, 0.9075636192206916, 0.9318505440928635]","[0.9160447761194029, 0.9402985074626866, 0.9347014925373134, 0.9402985074626866, 0.9148148148148149, 0.9197761194029851, 0.9272388059701493, 0.917910447761194, 0.9067164179104478, 0.9309701492537313]","[0.9161510152278584, 0.9404276899943418, 0.9347674618779808, 0.9402452256864904, 0.9146835516454518, 0.9195911654982729, 0.9270160146124549, 0.917863978537272, 0.9067663749164718, 0.9309114681084544]","[array([[123,   7,   2,   2],
       [  4, 127,   0,   3],
       [  5,   3, 117,   9],
       [  2,   7,   1, 124]]), array([[128,   6,   0,   0],
       [  6, 126,   1,   1],
       [  3,   1, 126,   4],
       [  2,   5,   3, 124]]), array([[128,   4,   1,   1],
       [  6, 126,   1,   1],
       [  2,   1, 127,   4],
       [  8,   1,   5, 120]]), array([[128,   5,   0,   1],
       [  4, 129,   0,   1],
       [  2,   1, 124,   7],
       [  2,   4,   5, 123]]), array([[130,   1,   2,   2],
       [ 11, 119,   2,   3],
       [  2,   2, 117,  14],
       [  2,   3,   2, 128]]), array([[128,   3,   1,   2],
       [  8, 118,   4,   4],
       [  3,   2, 124,   5],
       [  1,   4,   6, 123]]), array([[128,   2,   0,   4],
       [  5, 128,   1,   0],
       [  3,   6, 124,   1],
       [  4,   2,  11, 117]]), array([[129,   5,   0,   0],
       [ 10, 122,   0,   2],
       [  0,   3, 123,   8],
       [  5,   6,   5, 118]]), array([[125,   7,   0,   2],
       [  7, 121,   3,   3],
       [  6,   2, 119,   7],
       [  5,   2,   6, 121]]), array([[130,   3,   0,   1],
       [  9, 120,   1,   4],
       [  2,   0, 126,   6],
       [  3,   4,   4, 123]])]","[0.6086956521739131, 0.6739130434782609, 0.5217391304347826, 0.6086956521739131, 0.6, 0.6666666666666666, 0.6444444444444445, 0.6666666666666666, 0.6666666666666666, 0.6666666666666666]","[0.6086956521739131, 0.6739130434782609, 0.5217391304347826, 0.6086956521739131, 0.6, 0.6666666666666666, 0.6444444444444445, 0.6666666666666666, 0.6666666666666666, 0.6666666666666666]","[0.6086956521739131, 0.6739130434782609, 0.5217391304347826, 0.6086956521739131, 0.6, 0.6666666666666666, 0.6444444444444445, 0.6666666666666666, 0.6666666666666666, 0.6666666666666666]","[0.6086956521739131, 0.6739130434782609, 0.5217391304347826, 0.6086956521739131, 0.6, 0.6666666666666666, 0.6444444444444445, 0.6666666666666666, 0.6666666666666666, 0.6666666666666666]","[0.5902777777777778, 0.675, 0.530448717948718, 0.6013888888888889, 0.604326923076923, 0.65625, 0.6351648351648351, 0.6502525252525253, 0.6632575757575757, 0.6700980392156862]","[0.5902777777777778, 0.6625000000000001, 0.5280303030303031, 0.6053030303030302, 0.5948051948051948, 0.6507575757575756, 0.6368686868686869, 0.6502525252525253, 0.6762626262626263, 0.6590909090909091]","[0.5902777777777778, 0.6621631057114927, 0.5269658830871645, 0.6007575757575757, 0.5955555555555555, 0.6512778556958081, 0.6295518207282913, 0.6502525252525253, 0.6655797101449274, 0.6631030701754386]","[0.6086956521739131, 0.6880434782608695, 0.5306577480490524, 0.6074879227053139, 0.6098290598290599, 0.6648148148148149, 0.6545054945054944, 0.6666666666666666, 0.6735690235690236, 0.6682788671023966]","[0.6086956521739131, 0.6739130434782609, 0.5217391304347826, 0.6086956521739131, 0.6, 0.6666666666666666, 0.6444444444444445, 0.6666666666666666, 0.6666666666666666, 0.6666666666666666]","[0.6086956521739131, 0.675191101558563, 0.5239211837808991, 0.6057312252964426, 0.6010864197530863, 0.6636469101172234, 0.6433239962651728, 0.6666666666666666, 0.6656038647342994, 0.6658138401559454]","[array([[ 7,  5,  0,  0],
       [ 4,  4,  0,  1],
       [ 1,  0,  6,  3],
       [ 0,  0,  4, 11]]), array([[ 7,  4,  0,  1],
       [ 3,  6,  0,  0],
       [ 0,  1,  6,  3],
       [ 0,  1,  2, 12]]), array([[6, 3, 1, 1],
       [3, 6, 0, 1],
       [1, 0, 5, 4],
       [2, 0, 6, 7]]), array([[ 5,  3,  1,  2],
       [ 3,  6,  0,  1],
       [ 1,  0,  7,  2],
       [ 0,  1,  4, 10]]), array([[7, 3, 1, 0],
       [5, 5, 0, 0],
       [0, 0, 6, 4],
       [2, 0, 3, 9]]), array([[ 7,  3,  0,  1],
       [ 4,  5,  1,  0],
       [ 0,  0,  6,  3],
       [ 1,  0,  2, 12]]), array([[ 7,  3,  1,  0],
       [ 3,  4,  1,  1],
       [ 0,  0,  8,  2],
       [ 0,  1,  4, 10]]), array([[ 6,  3,  2,  0],
       [ 4,  5,  0,  0],
       [ 0,  0,  7,  3],
       [ 1,  1,  1, 12]]), array([[8, 3, 0, 0],
       [2, 7, 0, 0],
       [0, 1, 6, 3],
       [2, 0, 4, 9]]), array([[ 7,  2,  0,  2],
       [ 2,  6,  0,  1],
       [ 1,  0,  6,  3],
       [ 0,  1,  3, 11]])]"
10,"[0.9160447761194029, 0.9309701492537313, 0.9272388059701493, 0.9384328358208955, 0.9388888888888889, 0.9085820895522388, 0.9272388059701493, 0.9085820895522388, 0.917910447761194, 0.9309701492537313]","[0.9160447761194029, 0.9309701492537313, 0.9272388059701493, 0.9384328358208955, 0.9388888888888889, 0.9085820895522388, 0.9272388059701493, 0.9085820895522388, 0.917910447761194, 0.9309701492537313]","[0.9160447761194029, 0.9309701492537313, 0.9272388059701493, 0.9384328358208955, 0.9388888888888889, 0.9085820895522388, 0.9272388059701493, 0.9085820895522388, 0.917910447761194, 0.9309701492537313]","[0.9160447761194029, 0.9309701492537313, 0.9272388059701493, 0.9384328358208955, 0.9388888888888889, 0.9085820895522388, 0.9272388059701493, 0.9085820895522388, 0.917910447761194, 0.9309701492537313]","[0.918805688979157, 0.931228304212223, 0.9284182728973344, 0.9390428350526241, 0.9390548003477319, 0.9091589714353345, 0.9281060877528269, 0.9093711631879571, 0.9186458759916222, 0.931599822378969]","[0.916044776119403, 0.9309701492537313, 0.9272388059701493, 0.9384328358208955, 0.9388888888888889, 0.9085820895522387, 0.9272388059701493, 0.9085820895522388, 0.917910447761194, 0.9309701492537314]","[0.9162919889338184, 0.9309371634794443, 0.9271690688897254, 0.9383807284984717, 0.9388758268968633, 0.908555342410206, 0.9273369985122564, 0.9086506368775968, 0.9179737038609943, 0.9310034584631096]","[0.918805688979157, 0.931228304212223, 0.9284182728973344, 0.939042835052624, 0.939054800347732, 0.9091589714353346, 0.9281060877528269, 0.9093711631879571, 0.9186458759916222, 0.931599822378969]","[0.9160447761194029, 0.9309701492537313, 0.9272388059701493, 0.9384328358208955, 0.9388888888888889, 0.9085820895522388, 0.9272388059701493, 0.9085820895522388, 0.917910447761194, 0.9309701492537313]","[0.9162919889338182, 0.9309371634794442, 0.9271690688897254, 0.9383807284984717, 0.9388758268968632, 0.9085553424102061, 0.9273369985122564, 0.908650636877597, 0.9179737038609943, 0.9310034584631095]","[array([[129,   5,   0,   0],
       [ 13, 119,   2,   0],
       [  3,   2, 122,   7],
       [  6,   3,   4, 121]]), array([[129,   3,   2,   0],
       [  5, 124,   2,   3],
       [  2,   1, 121,  10],
       [  1,   2,   6, 125]]), array([[121,  10,   1,   2],
       [  2, 129,   1,   2],
       [  2,   2, 127,   3],
       [  3,   4,   7, 120]]), array([[128,   3,   1,   2],
       [  5, 129,   0,   0],
       [  3,   3, 124,   4],
       [  1,   6,   5, 122]]), array([[125,   8,   2,   0],
       [  1, 129,   2,   3],
       [  3,   0, 126,   6],
       [  3,   2,   3, 127]]), array([[120,   9,   3,   2],
       [  3, 127,   1,   3],
       [  0,   3, 121,  10],
       [  4,   2,   9, 119]]), array([[124,   3,   4,   3],
       [  6, 126,   2,   0],
       [  2,   0, 127,   5],
       [  6,   1,   7, 120]]), array([[125,   7,   0,   2],
       [  6, 122,   1,   5],
       [  6,   0, 122,   6],
       [  6,   2,   8, 118]]), array([[124,   5,   4,   1],
       [  8, 123,   0,   3],
       [  4,   1, 120,   9],
       [  3,   3,   3, 125]]), array([[128,   5,   0,   1],
       [  8, 124,   0,   2],
       [  3,   1, 125,   5],
       [  3,   3,   6, 122]])]","[0.6956521739130435, 0.6521739130434783, 0.5217391304347826, 0.6739130434782609, 0.6666666666666666, 0.7777777777777778, 0.6666666666666666, 0.7111111111111111, 0.6888888888888889, 0.7333333333333333]","[0.6956521739130435, 0.6521739130434783, 0.5217391304347826, 0.6739130434782609, 0.6666666666666666, 0.7777777777777778, 0.6666666666666666, 0.7111111111111111, 0.6888888888888889, 0.7333333333333333]","[0.6956521739130435, 0.6521739130434783, 0.5217391304347826, 0.6739130434782609, 0.6666666666666666, 0.7777777777777778, 0.6666666666666666, 0.7111111111111111, 0.6888888888888889, 0.7333333333333333]","[0.6956521739130435, 0.6521739130434783, 0.5217391304347826, 0.6739130434782609, 0.6666666666666666, 0.7777777777777778, 0.6666666666666666, 0.7111111111111111, 0.6888888888888889, 0.7333333333333333]","[0.7114441930618401, 0.6499999999999999, 0.5074404761904762, 0.6886500754147814, 0.6601592851592852, 0.7806915306915307, 0.6770104895104896, 0.703125, 0.6927447552447552, 0.7703505644682115]","[0.6791666666666666, 0.6333333333333333, 0.5075757575757576, 0.6568181818181817, 0.6672077922077922, 0.7911616161616161, 0.6734848484848485, 0.6924242424242424, 0.692929292929293, 0.7373737373737373]","[0.6641380164618544, 0.6313795853269537, 0.4971821354461422, 0.6604166666666667, 0.6578874024526198, 0.7753277424330056, 0.6711769688112399, 0.6951846657316503, 0.6869047619047619, 0.7474806808688388]","[0.7210554790478064, 0.653623188405797, 0.5216097308488612, 0.6889304216669946, 0.6732280065613399, 0.7972373305706639, 0.6782051282051281, 0.713425925925926, 0.7007770007770008, 0.7591206179441473]","[0.6956521739130435, 0.6521739130434783, 0.5217391304347826, 0.6739130434782609, 0.6666666666666666, 0.7777777777777778, 0.6666666666666666, 0.7111111111111111, 0.6888888888888889, 0.7333333333333333]","[0.680976679998908, 0.6433326399001456, 0.512120354650066, 0.6702898550724637, 0.6642759816672861, 0.776237602553392, 0.6685056631348192, 0.7098436444860008, 0.6892063492063492, 0.7397765246449457]","[array([[11,  1,  0,  0],
       [ 5,  3,  0,  1],
       [ 1,  0,  8,  1],
       [ 0,  0,  5, 10]]), array([[ 8,  3,  0,  1],
       [ 3,  6,  0,  0],
       [ 1,  0,  4,  5],
       [ 0,  1,  2, 12]]), array([[ 4,  6,  1,  0],
       [ 1,  7,  0,  2],
       [ 2,  1,  3,  4],
       [ 0,  0,  5, 10]]), array([[ 8,  2,  0,  1],
       [ 3,  6,  0,  1],
       [ 2,  0,  5,  3],
       [ 0,  2,  1, 12]]), array([[ 5,  5,  1,  0],
       [ 2,  8,  0,  0],
       [ 1,  0,  7,  2],
       [ 1,  0,  3, 10]]), array([[10,  1,  0,  0],
       [ 3,  7,  0,  0],
       [ 0,  0,  8,  1],
       [ 0,  1,  4, 10]]), array([[8, 2, 1, 0],
       [2, 6, 0, 1],
       [0, 0, 7, 3],
       [1, 0, 5, 9]]), array([[ 7,  3,  1,  0],
       [ 3,  6,  0,  0],
       [ 1,  0,  6,  3],
       [ 1,  0,  1, 13]]), array([[ 8,  3,  0,  0],
       [ 2,  7,  0,  0],
       [ 1,  0,  6,  3],
       [ 2,  1,  2, 10]]), array([[ 8,  0,  2,  1],
       [ 0,  8,  0,  1],
       [ 0,  0,  6,  4],
       [ 0,  1,  3, 11]])]"
12,"[0.9272388059701493, 0.9197761194029851, 0.914179104477612, 0.9235074626865671, 0.9018518518518519, 0.9197761194029851, 0.9085820895522388, 0.9029850746268657, 0.914179104477612, 0.917910447761194]","[0.9272388059701493, 0.9197761194029851, 0.914179104477612, 0.9235074626865671, 0.9018518518518519, 0.9197761194029851, 0.9085820895522388, 0.9029850746268657, 0.914179104477612, 0.917910447761194]","[0.9272388059701493, 0.9197761194029851, 0.914179104477612, 0.9235074626865671, 0.9018518518518519, 0.9197761194029851, 0.9085820895522388, 0.9029850746268657, 0.914179104477612, 0.917910447761194]","[0.9272388059701493, 0.9197761194029851, 0.914179104477612, 0.9235074626865671, 0.9018518518518519, 0.9197761194029851, 0.9085820895522388, 0.9029850746268657, 0.914179104477612, 0.917910447761194]","[0.9308972046425747, 0.9214750302847308, 0.9193533295335803, 0.9235704591213433, 0.9018399722915175, 0.9220607341629977, 0.9088223884060783, 0.9066977453209061, 0.9143936653935152, 0.919174839736091]","[0.9272388059701493, 0.9197761194029851, 0.914179104477612, 0.9235074626865672, 0.9018518518518519, 0.919776119402985, 0.9085820895522388, 0.9029850746268657, 0.914179104477612, 0.9179104477611939]","[0.927430504261272, 0.9198676192066977, 0.91438258469355, 0.9234814318714857, 0.9016164246297831, 0.9199017610524279, 0.9082149627533176, 0.9028884716838932, 0.9141038754306714, 0.917879306241743]","[0.9308972046425749, 0.9214750302847309, 0.9193533295335803, 0.9235704591213432, 0.9018399722915176, 0.9220607341629977, 0.9088223884060783, 0.9066977453209061, 0.9143936653935153, 0.9191748397360908]","[0.9272388059701493, 0.9197761194029851, 0.914179104477612, 0.9235074626865671, 0.9018518518518519, 0.9197761194029851, 0.9085820895522388, 0.9029850746268657, 0.914179104477612, 0.917910447761194]","[0.9274305042612718, 0.9198676192066977, 0.91438258469355, 0.9234814318714857, 0.9016164246297832, 0.919901761052428, 0.9082149627533175, 0.9028884716838933, 0.9141038754306715, 0.9178793062417429]","[array([[125,   7,   0,   2],
       [  7, 119,   0,   8],
       [  4,   0, 121,   9],
       [  1,   1,   0, 132]]), array([[119,  11,   1,   3],
       [  2, 128,   0,   4],
       [  2,   1, 122,   9],
       [  0,   2,   8, 124]]), array([[131,   2,   0,   1],
       [ 12, 116,   0,   6],
       [  3,   0, 118,  13],
       [  4,   3,   2, 125]]), array([[125,   6,   1,   2],
       [  7, 124,   2,   1],
       [  1,   1, 125,   7],
       [  1,   3,   9, 121]]), array([[117,  10,   5,   3],
       [  8, 123,   0,   4],
       [  3,   0, 128,   4],
       [  4,   4,   8, 119]]), array([[126,   4,   3,   1],
       [  7, 124,   0,   3],
       [  4,   0, 117,  13],
       [  4,   3,   1, 126]]), array([[123,   9,   0,   2],
       [  4, 129,   0,   1],
       [  6,   0, 121,   7],
       [  6,   1,  13, 114]]), array([[117,   9,   6,   2],
       [  2, 131,   1,   0],
       [  1,   5, 121,   7],
       [  2,   9,   8, 115]]), array([[125,   4,   2,   3],
       [  6, 124,   2,   2],
       [  2,   1, 124,   7],
       [  3,   3,  11, 117]]), array([[127,   5,   1,   1],
       [  8, 120,   1,   5],
       [  2,   3, 119,  10],
       [  3,   1,   4, 126]])]","[0.6739130434782609, 0.6956521739130435, 0.5869565217391305, 0.6956521739130435, 0.5777777777777777, 0.6666666666666666, 0.6444444444444445, 0.5555555555555556, 0.6444444444444445, 0.6666666666666666]","[0.6739130434782609, 0.6956521739130435, 0.5869565217391305, 0.6956521739130435, 0.5777777777777777, 0.6666666666666666, 0.6444444444444445, 0.5555555555555556, 0.6444444444444445, 0.6666666666666666]","[0.6739130434782609, 0.6956521739130435, 0.5869565217391305, 0.6956521739130435, 0.5777777777777777, 0.6666666666666666, 0.6444444444444445, 0.5555555555555556, 0.6444444444444445, 0.6666666666666666]","[0.6739130434782609, 0.6956521739130435, 0.5869565217391305, 0.6956521739130435, 0.5777777777777777, 0.6666666666666666, 0.6444444444444445, 0.5555555555555556, 0.6444444444444445, 0.6666666666666666]","[0.6910714285714286, 0.6916666666666667, 0.6137254901960785, 0.7221055088702147, 0.6019886363636364, 0.663003663003663, 0.6361111111111112, 0.6011904761904762, 0.6551587301587302, 0.6805555555555556]","[0.6611111111111111, 0.6833333333333333, 0.5734848484848485, 0.6818181818181819, 0.5769480519480519, 0.658080808080808, 0.6391414141414141, 0.5580808080808081, 0.6262626262626263, 0.6424242424242425]","[0.6609224109224109, 0.6847764572722128, 0.5774572649572649, 0.6879605263157895, 0.578042328042328, 0.656775778777278, 0.6262962962962962, 0.5543806151223031, 0.6310830256063522, 0.6398268398268399]","[0.6870600414078676, 0.6989130434782609, 0.6092071611253197, 0.7170665367596314, 0.6159343434343435, 0.6796364129697463, 0.662962962962963, 0.6417989417989418, 0.6716402116402116, 0.6896296296296296]","[0.6739130434782609, 0.6956521739130435, 0.5869565217391305, 0.6956521739130435, 0.5777777777777777, 0.6666666666666666, 0.6444444444444445, 0.5555555555555556, 0.6444444444444445, 0.6666666666666666]","[0.6682013638535378, 0.6948647917128024, 0.5834494611668525, 0.6936613272311213, 0.5845972957084068, 0.6695818757288023, 0.6424691358024691, 0.5681669471950802, 0.6490525476326694, 0.6583934583934583]","[array([[10,  1,  0,  1],
       [ 4,  4,  0,  1],
       [ 0,  0,  7,  3],
       [ 0,  0,  5, 10]]), array([[ 8,  3,  0,  1],
       [ 3,  6,  0,  0],
       [ 1,  0,  6,  3],
       [ 0,  1,  2, 12]]), array([[ 8,  1,  2,  0],
       [ 3,  5,  0,  2],
       [ 1,  0,  4,  5],
       [ 3,  0,  2, 10]]), array([[ 8,  0,  1,  2],
       [ 4,  5,  0,  1],
       [ 1,  0,  7,  2],
       [ 1,  1,  1, 12]]), array([[7, 3, 1, 0],
       [5, 5, 0, 0],
       [2, 0, 6, 2],
       [2, 0, 4, 8]]), array([[ 5,  6,  0,  0],
       [ 4,  6,  0,  0],
       [ 0,  0,  7,  2],
       [ 0,  1,  2, 12]]), array([[ 6,  4,  1,  0],
       [ 3,  4,  1,  1],
       [ 0,  0,  9,  1],
       [ 0,  1,  4, 10]]), array([[5, 3, 3, 0],
       [5, 4, 0, 0],
       [2, 0, 8, 0],
       [3, 1, 3, 8]]), array([[ 8,  3,  0,  0],
       [ 5,  4,  0,  0],
       [ 0,  1,  6,  3],
       [ 2,  1,  1, 11]]), array([[ 7,  4,  0,  0],
       [ 3,  6,  0,  0],
       [ 0,  1,  4,  5],
       [ 0,  1,  1, 13]])]"
14,"[0.9048507462686567, 0.9067164179104478, 0.9197761194029851, 0.9216417910447762, 0.9074074074074074, 0.9197761194029851, 0.9309701492537313, 0.9048507462686567, 0.9253731343283582, 0.9123134328358209]","[0.9048507462686567, 0.9067164179104478, 0.9197761194029851, 0.9216417910447762, 0.9074074074074074, 0.9197761194029851, 0.9309701492537313, 0.9048507462686567, 0.9253731343283582, 0.9123134328358209]","[0.9048507462686567, 0.9067164179104478, 0.9197761194029851, 0.9216417910447762, 0.9074074074074074, 0.9197761194029851, 0.9309701492537313, 0.9048507462686567, 0.9253731343283582, 0.9123134328358209]","[0.9048507462686567, 0.9067164179104478, 0.9197761194029851, 0.9216417910447762, 0.9074074074074074, 0.9197761194029851, 0.9309701492537313, 0.9048507462686567, 0.9253731343283582, 0.9123134328358209]","[0.9077807595359999, 0.9084794470324361, 0.9229964830044787, 0.9224537162417966, 0.9079668776233661, 0.923729778165262, 0.9316096874289104, 0.9053315462115223, 0.9277502614827596, 0.9132568747745171]","[0.9048507462686567, 0.9067164179104478, 0.919776119402985, 0.9216417910447762, 0.9074074074074073, 0.9197761194029851, 0.9309701492537313, 0.9048507462686567, 0.9253731343283582, 0.9123134328358209]","[0.9051840572438214, 0.9069228296682883, 0.9201845639242214, 0.9217259485181345, 0.9073163652351275, 0.9198438278212457, 0.9310707179840984, 0.9048056486988378, 0.9250245124178824, 0.9122795810102549]","[0.9077807595359999, 0.9084794470324362, 0.9229964830044787, 0.9224537162417967, 0.9079668776233661, 0.923729778165262, 0.9316096874289104, 0.9053315462115223, 0.9277502614827596, 0.9132568747745171]","[0.9048507462686567, 0.9067164179104478, 0.9197761194029851, 0.9216417910447762, 0.9074074074074074, 0.9197761194029851, 0.9309701492537313, 0.9048507462686567, 0.9253731343283582, 0.9123134328358209]","[0.9051840572438214, 0.9069228296682884, 0.9201845639242214, 0.9217259485181344, 0.9073163652351275, 0.9198438278212456, 0.9310707179840982, 0.9048056486988377, 0.9250245124178824, 0.9122795810102549]","[array([[120,   9,   1,   4],
       [  6, 123,   0,   5],
       [  4,   0, 117,  13],
       [  1,   5,   3, 125]]), array([[124,   6,   1,   3],
       [ 11, 118,   0,   5],
       [  2,   0, 120,  12],
       [  1,   4,   5, 124]]), array([[122,   6,   1,   5],
       [  6, 125,   0,   3],
       [  2,   1, 119,  12],
       [  4,   3,   0, 127]]), array([[126,   4,   3,   1],
       [  9, 121,   0,   4],
       [  3,   0, 124,   7],
       [  3,   2,   6, 123]]), array([[121,   7,   4,   3],
       [  8, 122,   2,   3],
       [  6,   0, 119,  10],
       [  0,   2,   5, 128]]), array([[120,  12,   1,   1],
       [  1, 129,   1,   3],
       [  2,   4, 116,  12],
       [  1,   3,   2, 128]]), array([[126,   3,   1,   4],
       [  6, 127,   0,   1],
       [  3,   1, 121,   9],
       [  2,   0,   7, 125]]), array([[122,   9,   0,   3],
       [  4, 122,   4,   4],
       [  6,   2, 117,   9],
       [  1,   3,   6, 124]]), array([[125,   4,   3,   2],
       [  3, 129,   2,   0],
       [  2,   0, 129,   3],
       [  2,   5,  14, 113]]), array([[121,   9,   3,   1],
       [  3, 128,   0,   3],
       [  2,   2, 121,   9],
       [  3,   6,   6, 119]])]","[0.6521739130434783, 0.6086956521739131, 0.6739130434782609, 0.5869565217391305, 0.5777777777777777, 0.6888888888888889, 0.6444444444444445, 0.7777777777777778, 0.5777777777777777, 0.6]","[0.6521739130434783, 0.6086956521739131, 0.6739130434782609, 0.5869565217391305, 0.5777777777777777, 0.6888888888888889, 0.6444444444444445, 0.7777777777777778, 0.5777777777777777, 0.6]","[0.6521739130434783, 0.6086956521739131, 0.6739130434782609, 0.5869565217391305, 0.5777777777777777, 0.6888888888888889, 0.6444444444444445, 0.7777777777777778, 0.5777777777777777, 0.6]","[0.6521739130434783, 0.6086956521739131, 0.6739130434782609, 0.5869565217391305, 0.5777777777777777, 0.6888888888888889, 0.6444444444444445, 0.7777777777777778, 0.5777777777777777, 0.6]","[0.6565656565656565, 0.5971250971250972, 0.6734848484848485, 0.5803571428571428, 0.5753205128205129, 0.6920770202020202, 0.6238636363636363, 0.7821428571428571, 0.571435508935509, 0.616468253968254]","[0.6541666666666667, 0.6027777777777777, 0.6734848484848485, 0.5803030303030303, 0.5672077922077922, 0.6840909090909091, 0.6224747474747474, 0.7689393939393938, 0.5775252525252526, 0.6118686868686869]","[0.6499999999999999, 0.5984920634920634, 0.6734848484848485, 0.5748275594822909, 0.5666763791763791, 0.685752688172043, 0.62255908228394, 0.7693965517241379, 0.5723304473304474, 0.6107779244349116]","[0.6653491436100132, 0.6115840681058072, 0.6739130434782609, 0.5861801242236025, 0.5940170940170941, 0.6940375982042648, 0.6388888888888888, 0.7873015873015872, 0.5826210826210827, 0.6131922398589066]","[0.6521739130434783, 0.6086956521739131, 0.6739130434782609, 0.5869565217391305, 0.5777777777777777, 0.6888888888888889, 0.6444444444444445, 0.7777777777777778, 0.5777777777777777, 0.6]","[0.653623188405797, 0.6084679089026915, 0.6739130434782609, 0.5817656156808831, 0.5813476646809981, 0.6891517323775389, 0.6410710520767446, 0.7769731800766283, 0.577922077922078, 0.6033976791508552]","[array([[ 7,  4,  0,  1],
       [ 2,  6,  0,  1],
       [ 0,  0,  7,  3],
       [ 0,  1,  4, 10]]), array([[8, 3, 0, 1],
       [4, 4, 0, 1],
       [1, 0, 7, 2],
       [0, 2, 4, 9]]), array([[ 8,  2,  1,  0],
       [ 1,  8,  0,  1],
       [ 1,  0,  5,  4],
       [ 1,  0,  4, 10]]), array([[ 5,  3,  1,  2],
       [ 5,  4,  0,  1],
       [ 0,  0,  8,  2],
       [ 2,  0,  3, 10]]), array([[ 5,  4,  2,  0],
       [ 6,  4,  0,  0],
       [ 1,  0,  7,  2],
       [ 1,  0,  3, 10]]), array([[ 7,  2,  0,  2],
       [ 2,  7,  0,  1],
       [ 0,  1,  6,  2],
       [ 0,  1,  3, 11]]), array([[ 6,  4,  1,  0],
       [ 3,  4,  0,  2],
       [ 1,  0,  7,  2],
       [ 1,  0,  2, 12]]), array([[10,  1,  0,  0],
       [ 3,  6,  0,  0],
       [ 1,  0,  7,  2],
       [ 0,  0,  3, 12]]), array([[5, 4, 0, 2],
       [4, 5, 0, 0],
       [1, 0, 7, 2],
       [1, 0, 5, 9]]), array([[7, 2, 2, 0],
       [1, 7, 0, 1],
       [0, 0, 5, 5],
       [1, 1, 5, 8]])]"
16,"[0.878731343283582, 0.9085820895522388, 0.9029850746268657, 0.9011194029850746, 0.9092592592592592, 0.8955223880597015, 0.8973880597014925, 0.8917910447761194, 0.8955223880597015, 0.9123134328358209]","[0.878731343283582, 0.9085820895522388, 0.9029850746268657, 0.9011194029850746, 0.9092592592592592, 0.8955223880597015, 0.8973880597014925, 0.8917910447761194, 0.8955223880597015, 0.9123134328358209]","[0.878731343283582, 0.9085820895522388, 0.9029850746268657, 0.9011194029850746, 0.9092592592592592, 0.8955223880597015, 0.8973880597014925, 0.8917910447761194, 0.8955223880597015, 0.9123134328358209]","[0.878731343283582, 0.9085820895522388, 0.9029850746268657, 0.9011194029850746, 0.9092592592592592, 0.8955223880597015, 0.8973880597014925, 0.8917910447761194, 0.8955223880597015, 0.9123134328358209]","[0.8791884536159346, 0.9090463980016086, 0.9031477862879912, 0.9027683409805999, 0.9095941686367218, 0.8977088563280222, 0.8989106280050541, 0.8943683467630577, 0.8995440619487493, 0.9131849468466317]","[0.878731343283582, 0.9085820895522387, 0.9029850746268656, 0.9011194029850746, 0.9092592592592592, 0.8955223880597014, 0.8973880597014926, 0.8917910447761194, 0.8955223880597014, 0.9123134328358209]","[0.8787703604140363, 0.9086319027883967, 0.9029273998469041, 0.9011823882937026, 0.9092624255911994, 0.8952548114853425, 0.8971557745916205, 0.8920668010512023, 0.8955983353269538, 0.9124196379823857]","[0.8791884536159347, 0.9090463980016087, 0.9031477862879913, 0.9027683409805999, 0.9095941686367218, 0.8977088563280222, 0.8989106280050542, 0.8943683467630577, 0.8995440619487491, 0.9131849468466315]","[0.878731343283582, 0.9085820895522388, 0.9029850746268657, 0.9011194029850746, 0.9092592592592592, 0.8955223880597015, 0.8973880597014925, 0.8917910447761194, 0.8955223880597015, 0.9123134328358209]","[0.8787703604140363, 0.9086319027883967, 0.902927399846904, 0.9011823882937027, 0.9092624255911994, 0.8952548114853424, 0.8971557745916205, 0.8920668010512022, 0.8955983353269538, 0.9124196379823857]","[array([[122,   7,   0,   5],
       [  9, 119,   0,   6],
       [  6,   2, 116,  10],
       [  3,   2,  15, 114]]), array([[124,   8,   1,   1],
       [  9, 122,   0,   3],
       [  2,   4, 122,   6],
       [  1,   5,   9, 119]]), array([[122,  10,   0,   2],
       [  8, 123,   2,   1],
       [  2,   1, 122,   9],
       [  1,   3,  13, 117]]), array([[120,   9,   3,   2],
       [ 10, 120,   0,   4],
       [  2,   1, 117,  14],
       [  1,   3,   4, 126]]), array([[120,  10,   4,   1],
       [  6, 125,   1,   3],
       [  6,   0, 122,   7],
       [  0,   6,   5, 124]]), array([[119,   8,   6,   1],
       [ 11, 119,   0,   4],
       [  3,   0, 129,   2],
       [  3,   4,  14, 113]]), array([[111,  18,   2,   3],
       [  6, 127,   0,   1],
       [  4,   0, 119,  11],
       [  6,   1,   3, 124]]), array([[116,  12,   4,   2],
       [  5, 124,   1,   4],
       [  0,   7, 120,   7],
       [  1,   4,  11, 118]]), array([[128,   4,   0,   2],
       [ 15, 114,   0,   5],
       [  5,   1, 116,  12],
       [  3,   3,   6, 122]]), array([[123,   8,   0,   3],
       [  8, 118,   0,   8],
       [  4,   1, 124,   5],
       [  3,   1,   6, 124]])]","[0.6521739130434783, 0.5869565217391305, 0.5869565217391305, 0.6956521739130435, 0.6444444444444445, 0.7555555555555555, 0.6, 0.6666666666666666, 0.7555555555555555, 0.6444444444444445]","[0.6521739130434783, 0.5869565217391305, 0.5869565217391305, 0.6956521739130435, 0.6444444444444445, 0.7555555555555555, 0.6, 0.6666666666666666, 0.7555555555555555, 0.6444444444444445]","[0.6521739130434783, 0.5869565217391305, 0.5869565217391305, 0.6956521739130435, 0.6444444444444445, 0.7555555555555555, 0.6, 0.6666666666666666, 0.7555555555555555, 0.6444444444444445]","[0.6521739130434783, 0.5869565217391305, 0.5869565217391305, 0.6956521739130435, 0.6444444444444445, 0.7555555555555555, 0.6, 0.6666666666666666, 0.7555555555555555, 0.6444444444444445]","[0.6519480519480519, 0.578219696969697, 0.6172438672438673, 0.706469298245614, 0.6500582750582751, 0.7498196248196247, 0.586764705882353, 0.6647435897435897, 0.7924603174603175, 0.6372159090909091]","[0.6569444444444446, 0.5722222222222222, 0.5954545454545455, 0.678030303030303, 0.6470779220779221, 0.747979797979798, 0.5785353535353536, 0.6823232323232323, 0.7305555555555555, 0.6313131313131314]","[0.6383190883190882, 0.5722222222222222, 0.5480769230769231, 0.6856209150326797, 0.6422425629290618, 0.7483082052047569, 0.5811887254901961, 0.6698586744639377, 0.7341384106089988, 0.6335690874590305]","[0.6534726143421795, 0.5943675889328063, 0.6401593575506619, 0.7031845919145691, 0.6616679616679617, 0.7640692640692641, 0.5979084967320262, 0.6647863247863247, 0.7787301587301587, 0.6430555555555556]","[0.6521739130434783, 0.5869565217391305, 0.5869565217391305, 0.6956521739130435, 0.6444444444444445, 0.7555555555555555, 0.6, 0.6666666666666666, 0.7555555555555555, 0.6444444444444445]","[0.6374210330732069, 0.5881642512077295, 0.5580506450071667, 0.6923557828928673, 0.6464764810577167, 0.7591680350301041, 0.5973583877995643, 0.6615659519168291, 0.7430399665693784, 0.6430950874973645]","[array([[11,  0,  0,  1],
       [ 3,  4,  0,  2],
       [ 1,  0,  8,  1],
       [ 0,  2,  6,  7]]), array([[ 6,  5,  0,  1],
       [ 4,  5,  0,  0],
       [ 2,  0,  5,  3],
       [ 0,  1,  3, 11]]), array([[ 2,  7,  2,  0],
       [ 0, 10,  0,  0],
       [ 1,  1,  6,  2],
       [ 0,  0,  6,  9]]), array([[ 6,  2,  1,  2],
       [ 3,  6,  0,  1],
       [ 0,  0,  7,  3],
       [ 0,  2,  0, 13]]), array([[6, 3, 2, 0],
       [4, 6, 0, 0],
       [0, 0, 8, 2],
       [2, 0, 3, 9]]), array([[ 7,  4,  0,  0],
       [ 3,  6,  0,  1],
       [ 1,  0,  8,  0],
       [ 0,  1,  1, 13]]), array([[ 7,  3,  1,  0],
       [ 3,  4,  1,  1],
       [ 0,  0,  5,  5],
       [ 0,  1,  3, 11]]), array([[9, 2, 0, 0],
       [2, 7, 0, 0],
       [0, 0, 6, 4],
       [2, 1, 4, 8]]), array([[11,  0,  0,  0],
       [ 4,  5,  0,  0],
       [ 0,  0,  5,  5],
       [ 0,  0,  2, 13]]), array([[ 7,  2,  1,  1],
       [ 3,  5,  0,  1],
       [ 1,  0,  6,  3],
       [ 0,  1,  3, 11]])]"
18,"[0.8824626865671642, 0.917910447761194, 0.9216417910447762, 0.9123134328358209, 0.9111111111111111, 0.8731343283582089, 0.8973880597014925, 0.8843283582089553, 0.8768656716417911, 0.8992537313432836]","[0.8824626865671642, 0.917910447761194, 0.9216417910447762, 0.9123134328358209, 0.9111111111111111, 0.8731343283582089, 0.8973880597014925, 0.8843283582089553, 0.8768656716417911, 0.8992537313432836]","[0.8824626865671642, 0.917910447761194, 0.9216417910447762, 0.9123134328358209, 0.9111111111111111, 0.8731343283582089, 0.8973880597014925, 0.8843283582089553, 0.8768656716417911, 0.8992537313432836]","[0.8824626865671642, 0.917910447761194, 0.9216417910447762, 0.9123134328358209, 0.9111111111111111, 0.8731343283582089, 0.8973880597014925, 0.8843283582089553, 0.8768656716417911, 0.8992537313432836]","[0.884155418513213, 0.9180424400913769, 0.9256238010801524, 0.9125744414040304, 0.9130406716822661, 0.8761998820165153, 0.9004006736000105, 0.88585456727645, 0.8786819130085327, 0.900402529392131]","[0.8824626865671642, 0.917910447761194, 0.9216417910447761, 0.9123134328358209, 0.9111111111111111, 0.873134328358209, 0.8973880597014925, 0.8843283582089552, 0.8768656716417911, 0.8992537313432836]","[0.8824011790375199, 0.9178804086304397, 0.9216328215790657, 0.9121305045673058, 0.9114850409416985, 0.8730857062359721, 0.8978205503665119, 0.8843041433157712, 0.877023258920372, 0.8990289808199801]","[0.884155418513213, 0.9180424400913768, 0.9256238010801524, 0.9125744414040305, 0.9130406716822662, 0.8761998820165153, 0.9004006736000104, 0.88585456727645, 0.8786819130085327, 0.9004025293921308]","[0.8824626865671642, 0.917910447761194, 0.9216417910447762, 0.9123134328358209, 0.9111111111111111, 0.8731343283582089, 0.8973880597014925, 0.8843283582089553, 0.8768656716417911, 0.8992537313432836]","[0.8824011790375199, 0.9178804086304397, 0.9216328215790657, 0.9121305045673058, 0.9114850409416985, 0.8730857062359721, 0.897820550366512, 0.8843041433157712, 0.8770232589203719, 0.8990289808199802]","[array([[113,   7,  13,   1],
       [ 10, 120,   0,   4],
       [  0,   0, 124,  10],
       [  0,   8,  10, 116]]), array([[126,   6,   2,   0],
       [  6, 123,   2,   3],
       [  2,   1, 120,  11],
       [  2,   3,   6, 123]]), array([[122,  10,   0,   2],
       [  4, 127,   0,   3],
       [  6,   0, 115,  13],
       [  2,   2,   0, 130]]), array([[125,   5,   2,   2],
       [  6, 126,   0,   2],
       [  6,   1, 115,  12],
       [  0,   2,   9, 123]]), array([[125,   5,   2,   3],
       [ 10, 122,   0,   3],
       [  4,   2, 122,   7],
       [  7,   1,   4, 123]]), array([[110,  22,   0,   2],
       [  5, 125,   1,   3],
       [  1,   0, 118,  15],
       [  3,   4,  12, 115]]), array([[124,   8,   0,   2],
       [ 14, 119,   0,   1],
       [  5,   0, 122,   7],
       [  7,   0,  11, 116]]), array([[116,   8,   6,   4],
       [  7, 125,   1,   1],
       [  6,   0, 121,   7],
       [  1,   3,  18, 112]]), array([[119,   8,   0,   7],
       [  9, 121,   0,   4],
       [  7,   3, 113,  11],
       [  2,   7,   8, 117]]), array([[128,   5,   0,   1],
       [ 11, 120,   0,   3],
       [  4,   1, 120,   9],
       [  5,   5,  10, 114]])]","[0.6304347826086957, 0.717391304347826, 0.6304347826086957, 0.6521739130434783, 0.7333333333333333, 0.6888888888888889, 0.6222222222222222, 0.7111111111111111, 0.6222222222222222, 0.6]","[0.6304347826086957, 0.717391304347826, 0.6304347826086957, 0.6521739130434783, 0.7333333333333333, 0.6888888888888889, 0.6222222222222222, 0.7111111111111111, 0.6222222222222222, 0.6]","[0.6304347826086957, 0.717391304347826, 0.6304347826086957, 0.6521739130434783, 0.7333333333333333, 0.6888888888888889, 0.6222222222222222, 0.7111111111111111, 0.6222222222222222, 0.6]","[0.6304347826086957, 0.717391304347826, 0.6304347826086957, 0.6521739130434783, 0.7333333333333333, 0.6888888888888889, 0.6222222222222222, 0.7111111111111111, 0.6222222222222222, 0.6]","[0.6378472222222222, 0.7345220139337786, 0.6167388167388168, 0.671590909090909, 0.7310606060606061, 0.6891025641025641, 0.6283088235294118, 0.7344513125763126, 0.6201159951159951, 0.6067682317682318]","[0.6291666666666667, 0.7069444444444445, 0.6174242424242424, 0.628030303030303, 0.7376623376623377, 0.6830808080808082, 0.6247474747474747, 0.7090909090909091, 0.6295454545454545, 0.5957070707070707]","[0.6064102564102564, 0.7053531639928698, 0.6120448179271708, 0.6285714285714286, 0.7323509823509823, 0.6795634920634921, 0.602027290448343, 0.7138323983169705, 0.6211027568922305, 0.5938979039891819]","[0.6664855072463768, 0.7439457388306493, 0.6179371353284396, 0.6676877470355731, 0.7380471380471382, 0.7101614434947768, 0.6634967320261438, 0.7274708316374984, 0.6190611857278524, 0.6143523143523143]","[0.6304347826086957, 0.717391304347826, 0.6304347826086957, 0.6521739130434783, 0.7333333333333333, 0.6888888888888889, 0.6222222222222222, 0.7111111111111111, 0.6222222222222222, 0.6]","[0.620066889632107, 0.7168173099279237, 0.6191694068931921, 0.639751552795031, 0.7334961334961335, 0.6931216931216931, 0.6174745505739657, 0.7122596228767337, 0.6167685881370092, 0.6005784689354668]","[array([[9, 3, 0, 0],
       [5, 3, 0, 1],
       [1, 0, 9, 0],
       [0, 0, 7, 8]]), array([[ 7,  4,  0,  1],
       [ 2,  7,  0,  0],
       [ 0,  1,  6,  3],
       [ 0,  1,  1, 13]]), array([[ 7,  3,  0,  1],
       [ 0,  8,  0,  2],
       [ 3,  0,  3,  4],
       [ 0,  0,  4, 11]]), array([[ 6,  3,  0,  2],
       [ 2,  7,  0,  1],
       [ 2,  0,  4,  4],
       [ 0,  1,  1, 13]]), array([[ 7,  3,  1,  0],
       [ 2,  8,  0,  0],
       [ 0,  0,  8,  2],
       [ 2,  0,  2, 10]]), array([[ 5,  6,  0,  0],
       [ 3,  7,  0,  0],
       [ 1,  0,  7,  1],
       [ 0,  1,  2, 12]]), array([[ 5,  5,  1,  0],
       [ 3,  4,  1,  1],
       [ 0,  0, 10,  0],
       [ 0,  1,  5,  9]]), array([[ 7,  1,  1,  2],
       [ 2,  6,  0,  1],
       [ 0,  0,  8,  2],
       [ 0,  0,  4, 11]]), array([[9, 1, 0, 1],
       [3, 6, 0, 0],
       [1, 0, 5, 4],
       [1, 2, 4, 8]]), array([[8, 2, 0, 1],
       [4, 5, 0, 0],
       [1, 0, 5, 4],
       [0, 4, 2, 9]])]"
