C value,Train_Accuracy,Train_Precision_micro,Train_Recall_micro,Train_f1_micro,Train_Precision_macro,Train_Recall_macro,Train_f1_macro,Train_Precision_weighted,Train_Recall_weighted,Train_f1_weighted,Train_Confusion_Matrix,Test_Accuracy,Test_Precision_micro,Test_Recall_micro,Test_f1_micro,Test_Precision_macro,Test_Recall_macro,Test_f1_macro,Test_Precision_weighted,Test_Recall_weighted,Test_f1_weighted,Test_Confusion_Matrix
0.001,"[0.7723880597014925, 0.7593283582089553, 0.7630597014925373, 0.7985074626865671, 0.7703703703703704, 0.7593283582089553, 0.7779850746268657, 0.7276119402985075, 0.7611940298507462, 0.8190298507462687]","[0.7723880597014925, 0.7593283582089553, 0.7630597014925373, 0.7985074626865671, 0.7703703703703704, 0.7593283582089553, 0.7779850746268657, 0.7276119402985075, 0.7611940298507462, 0.8190298507462687]","[0.7723880597014925, 0.7593283582089553, 0.7630597014925373, 0.7985074626865671, 0.7703703703703704, 0.7593283582089553, 0.7779850746268657, 0.7276119402985075, 0.7611940298507462, 0.8190298507462687]","[0.7723880597014925, 0.7593283582089553, 0.7630597014925373, 0.7985074626865671, 0.7703703703703704, 0.7593283582089553, 0.7779850746268657, 0.7276119402985075, 0.7611940298507462, 0.8190298507462687]","[0.806308777429467, 0.80035817552118, 0.8022783835187233, 0.8130319648579154, 0.8140361012700803, 0.78278643446897, 0.7986888798210763, 0.7777450643604356, 0.7953267903028031, 0.8229217554391637]","[0.7723880597014926, 0.7593283582089553, 0.7630597014925373, 0.7985074626865671, 0.7703703703703704, 0.7593283582089552, 0.7779850746268657, 0.7276119402985075, 0.7611940298507462, 0.8190298507462688]","[0.7771325218415628, 0.7628978667220552, 0.7685071108427877, 0.7954174845622215, 0.776592256468429, 0.7624780278632198, 0.7802787821591005, 0.7316554954169233, 0.7645004048952249, 0.8189502538037393]","[0.806308777429467, 0.8003581755211802, 0.8022783835187233, 0.8130319648579155, 0.8140361012700803, 0.78278643446897, 0.7986888798210763, 0.7777450643604356, 0.7953267903028031, 0.8229217554391636]","[0.7723880597014925, 0.7593283582089553, 0.7630597014925373, 0.7985074626865671, 0.7703703703703704, 0.7593283582089553, 0.7779850746268657, 0.7276119402985075, 0.7611940298507462, 0.8190298507462687]","[0.7771325218415628, 0.7628978667220552, 0.7685071108427877, 0.7954174845622214, 0.7765922564684289, 0.7624780278632197, 0.7802787821591004, 0.7316554954169234, 0.7645004048952249, 0.8189502538037393]","[array([[ 98,  34,   0,   2],
       [ 12, 120,   0,   2],
       [  0,  28,  95,  11],
       [  0,  18,  15, 101]]), array([[ 95,  39,   0,   0],
       [  8, 123,   0,   3],
       [  0,  31,  85,  18],
       [  0,  16,  14, 104]]), array([[ 99,  34,   0,   1],
       [ 10, 120,   0,   4],
       [  0,  34,  96,   4],
       [  0,  16,  24,  94]]), array([[ 84,  46,   0,   4],
       [ 13, 119,   0,   2],
       [  0,   0, 126,   8],
       [  0,   7,  28,  99]]), array([[ 97,  36,   0,   2],
       [ 10, 123,   0,   2],
       [  0,  32,  97,   6],
       [  0,  20,  16,  99]]), array([[104,  26,   0,   4],
       [ 17, 113,   0,   4],
       [  0,  33,  88,  13],
       [  0,  15,  17, 102]]), array([[108,  24,   0,   2],
       [ 14, 118,   0,   2],
       [  1,  29,  92,  12],
       [  0,  15,  20,  99]]), array([[ 83,  50,   0,   1],
       [  8, 121,   0,   5],
       [  0,  33,  85,  16],
       [  0,  15,  18, 101]]), array([[ 89,  43,   0,   2],
       [  9, 121,   0,   4],
       [  0,  23,  99,  12],
       [  0,  14,  21,  99]]), array([[121,  12,   0,   1],
       [ 16, 112,   0,   6],
       [  0,  17, 104,  13],
       [  5,  11,  16, 102]])]","[0.6956521739130435, 0.6956521739130435, 0.5434782608695652, 0.6739130434782609, 0.5555555555555556, 0.6888888888888889, 0.6888888888888889, 0.7111111111111111, 0.7111111111111111, 0.7333333333333333]","[0.6956521739130435, 0.6956521739130435, 0.5434782608695652, 0.6739130434782609, 0.5555555555555556, 0.6888888888888889, 0.6888888888888889, 0.7111111111111111, 0.7111111111111111, 0.7333333333333333]","[0.6956521739130435, 0.6956521739130435, 0.5434782608695652, 0.6739130434782609, 0.5555555555555556, 0.6888888888888889, 0.6888888888888889, 0.7111111111111111, 0.7111111111111111, 0.7333333333333333]","[0.6956521739130435, 0.6956521739130435, 0.5434782608695652, 0.6739130434782609, 0.5555555555555556, 0.6888888888888889, 0.6888888888888889, 0.7111111111111111, 0.7111111111111111, 0.7333333333333333]","[0.7192307692307692, 0.7208791208791209, 0.6021825396825397, 0.7735576923076923, 0.6015873015873016, 0.7758928571428572, 0.7, 0.7847222222222222, 0.759205500381971, 0.7353896103896104]","[0.7069444444444445, 0.7013888888888888, 0.5553030303030303, 0.6803030303030303, 0.5681818181818182, 0.6785353535353535, 0.6785353535353535, 0.7058080808080807, 0.7252525252525251, 0.717929292929293]","[0.695810276679842, 0.6901757066462949, 0.5453334276551594, 0.679265873015873, 0.5410852033660589, 0.6837674210339745, 0.6752733282481567, 0.7156289416351336, 0.7128205128205127, 0.713193775533929]","[0.7506688963210703, 0.7387243191591019, 0.6217650103519669, 0.7780100334448161, 0.6172134038800705, 0.8024603174603173, 0.7194444444444444, 0.8166666666666667, 0.784449537390714, 0.7698412698412698]","[0.6956521739130435, 0.6956521739130435, 0.5434782608695652, 0.6739130434782609, 0.5555555555555556, 0.6888888888888889, 0.6888888888888889, 0.7111111111111111, 0.7111111111111111, 0.7333333333333333]","[0.7050524145042104, 0.699452618992261, 0.5490504252684071, 0.6818926846100759, 0.5434042387408446, 0.70548621346584, 0.6919795462892335, 0.7373925008599931, 0.7202279202279201, 0.739759671984736]","[array([[9, 3, 0, 0],
       [1, 7, 0, 1],
       [0, 3, 7, 0],
       [0, 0, 6, 9]]), array([[ 9,  2,  0,  1],
       [ 1,  8,  0,  0],
       [ 0,  3,  5,  2],
       [ 0,  3,  2, 10]]), array([[5, 6, 0, 0],
       [2, 8, 0, 0],
       [0, 3, 5, 2],
       [1, 4, 3, 7]]), array([[ 5,  6,  0,  0],
       [ 0,  9,  0,  1],
       [ 0,  1,  7,  2],
       [ 0,  4,  1, 10]]), array([[3, 8, 0, 0],
       [1, 9, 0, 0],
       [0, 2, 6, 2],
       [1, 2, 4, 7]]), array([[ 7,  4,  0,  0],
       [ 1,  9,  0,  0],
       [ 0,  5,  4,  0],
       [ 0,  3,  1, 11]]), array([[ 7,  4,  0,  0],
       [ 1,  7,  0,  1],
       [ 0,  3,  5,  2],
       [ 0,  0,  3, 12]]), array([[ 6,  5,  0,  0],
       [ 2,  7,  0,  0],
       [ 0,  3,  7,  0],
       [ 0,  3,  0, 12]]), array([[ 6,  5,  0,  0],
       [ 1,  8,  0,  0],
       [ 0,  1,  8,  1],
       [ 0,  3,  2, 10]]), array([[ 8,  3,  0,  0],
       [ 2,  7,  0,  0],
       [ 1,  4,  5,  0],
       [ 0,  0,  2, 13]])]"
0.005,"[0.8134328358208955, 0.7369402985074627, 0.7667910447761194, 0.7406716417910447, 0.7166666666666667, 0.7742537313432836, 0.7723880597014925, 0.746268656716418, 0.7611940298507462, 0.8097014925373134]","[0.8134328358208955, 0.7369402985074627, 0.7667910447761194, 0.7406716417910447, 0.7166666666666667, 0.7742537313432836, 0.7723880597014925, 0.746268656716418, 0.7611940298507462, 0.8097014925373134]","[0.8134328358208955, 0.7369402985074627, 0.7667910447761194, 0.7406716417910447, 0.7166666666666667, 0.7742537313432836, 0.7723880597014925, 0.746268656716418, 0.7611940298507462, 0.8097014925373134]","[0.8134328358208955, 0.7369402985074627, 0.7667910447761194, 0.7406716417910447, 0.7166666666666667, 0.7742537313432836, 0.7723880597014925, 0.746268656716418, 0.7611940298507462, 0.8097014925373134]","[0.823015004617826, 0.8103634940708011, 0.8013241689965828, 0.7900919327953294, 0.77067955927769, 0.794424543277469, 0.8080857231428491, 0.7878053235115071, 0.7886152868752925, 0.8162369752039766]","[0.8134328358208955, 0.7369402985074627, 0.7667910447761194, 0.7406716417910447, 0.7166666666666667, 0.7742537313432835, 0.7723880597014925, 0.746268656716418, 0.7611940298507464, 0.8097014925373135]","[0.8140277857750838, 0.7411893144415458, 0.770869624454867, 0.7451833986050599, 0.7234236339282045, 0.7770197253813271, 0.7769701795756051, 0.7516275231088474, 0.7636871344619139, 0.8091331842494938]","[0.823015004617826, 0.8103634940708011, 0.8013241689965828, 0.7900919327953293, 0.77067955927769, 0.7944245432774689, 0.8080857231428492, 0.7878053235115071, 0.7886152868752926, 0.8162369752039766]","[0.8134328358208955, 0.7369402985074627, 0.7667910447761194, 0.7406716417910447, 0.7166666666666667, 0.7742537313432836, 0.7723880597014925, 0.746268656716418, 0.7611940298507462, 0.8097014925373134]","[0.8140277857750838, 0.7411893144415457, 0.770869624454867, 0.74518339860506, 0.7234236339282044, 0.7770197253813271, 0.7769701795756051, 0.7516275231088475, 0.7636871344619139, 0.8091331842494938]","[array([[124,   8,   0,   2],
       [ 23, 109,   0,   2],
       [  0,  27, 100,   7],
       [  2,  13,  16, 103]]), array([[ 72,  62,   0,   0],
       [  3, 126,   0,   5],
       [  0,  31,  91,  12],
       [  0,  16,  12, 106]]), array([[ 99,  34,   0,   1],
       [  9, 122,   0,   3],
       [  1,  32,  92,   9],
       [  1,  15,  20,  98]]), array([[ 83,  49,   0,   2],
       [  9, 123,   0,   2],
       [  0,  31,  95,   8],
       [  0,  15,  23,  96]]), array([[ 84,  49,   0,   2],
       [ 14, 119,   0,   2],
       [  0,  36,  90,   9],
       [  0,  21,  20,  94]]), array([[101,  29,   0,   4],
       [ 14, 116,   0,   4],
       [  0,  23, 102,   9],
       [  0,  15,  23,  96]]), array([[ 97,  36,   0,   1],
       [ 10, 122,   0,   2],
       [  1,  28,  96,   9],
       [  1,  17,  17,  99]]), array([[ 87,  46,   0,   1],
       [ 11, 118,   0,   5],
       [  0,  31,  95,   8],
       [  0,  13,  21, 100]]), array([[ 87,  46,   0,   1],
       [  9, 118,   0,   7],
       [  1,  23,  98,  12],
       [  4,   7,  18, 105]]), array([[120,  12,   0,   2],
       [ 16, 113,   0,   5],
       [  8,  19,  96,  11],
       [  6,   9,  14, 105]])]","[0.717391304347826, 0.6086956521739131, 0.5652173913043478, 0.6521739130434783, 0.5555555555555556, 0.7111111111111111, 0.6666666666666666, 0.6888888888888889, 0.7111111111111111, 0.6666666666666666]","[0.717391304347826, 0.6086956521739131, 0.5652173913043478, 0.6521739130434783, 0.5555555555555556, 0.7111111111111111, 0.6666666666666666, 0.6888888888888889, 0.7111111111111111, 0.6666666666666666]","[0.717391304347826, 0.6086956521739131, 0.5652173913043478, 0.6521739130434783, 0.5555555555555556, 0.7111111111111111, 0.6666666666666666, 0.6888888888888889, 0.7111111111111111, 0.6666666666666666]","[0.717391304347826, 0.6086956521739131, 0.5652173913043478, 0.6521739130434783, 0.5555555555555556, 0.7111111111111111, 0.6666666666666666, 0.6888888888888889, 0.7111111111111111, 0.6666666666666666]","[0.7211538461538461, 0.6792124542124542, 0.6466450216450217, 0.7987012987012987, 0.6311594202898552, 0.774671052631579, 0.6721230158730158, 0.7534722222222222, 0.7494164332399627, 0.669047619047619]","[0.7208333333333333, 0.6180555555555556, 0.5659090909090909, 0.646969696969697, 0.5633116883116882, 0.7174242424242424, 0.6618686868686868, 0.689141414141414, 0.7280303030303029, 0.6446969696969697]","[0.7100686498855835, 0.6024501754724879, 0.5654380341880342, 0.6531968390804597, 0.5323536113009797, 0.7158535283441871, 0.6557179743461603, 0.6935072724546408, 0.7091393012445644, 0.6441602728047741]","[0.7486622073578595, 0.7017677974199713, 0.6636551853943158, 0.8016657255787689, 0.6469565217391304, 0.802485380116959, 0.6909171075837742, 0.7888888888888889, 0.7660234464156032, 0.6962962962962963]","[0.717391304347826, 0.6086956521739131, 0.5652173913043478, 0.6521739130434783, 0.5555555555555556, 0.7111111111111111, 0.6666666666666666, 0.6888888888888889, 0.7111111111111111, 0.6666666666666666]","[0.7202427619142374, 0.6136700557284384, 0.5765979189892233, 0.6640429785107446, 0.5388116756537809, 0.7258911308019881, 0.6691805948877413, 0.7129804568401059, 0.7120807717298946, 0.670622335890878]","[array([[11,  1,  0,  0],
       [ 2,  6,  0,  1],
       [ 0,  3,  7,  0],
       [ 0,  0,  6,  9]]), array([[ 5,  6,  0,  1],
       [ 1,  8,  0,  0],
       [ 0,  3,  5,  2],
       [ 0,  3,  2, 10]]), array([[4, 7, 0, 0],
       [2, 8, 0, 0],
       [0, 3, 5, 2],
       [1, 4, 1, 9]]), array([[ 5,  6,  0,  0],
       [ 0,  9,  0,  1],
       [ 0,  3,  5,  2],
       [ 0,  4,  0, 11]]), array([[2, 9, 0, 0],
       [1, 9, 0, 0],
       [0, 2, 6, 2],
       [0, 3, 3, 8]]), array([[ 7,  4,  0,  0],
       [ 1,  9,  0,  0],
       [ 0,  3,  6,  0],
       [ 0,  3,  2, 10]]), array([[ 7,  4,  0,  0],
       [ 1,  7,  0,  1],
       [ 0,  3,  5,  2],
       [ 1,  0,  3, 11]]), array([[ 6,  5,  0,  0],
       [ 2,  7,  0,  0],
       [ 0,  3,  7,  0],
       [ 0,  3,  1, 11]]), array([[ 6,  5,  0,  0],
       [ 0,  9,  0,  0],
       [ 0,  1,  7,  2],
       [ 1,  2,  2, 10]]), array([[ 6,  3,  0,  2],
       [ 3,  6,  0,  0],
       [ 0,  5,  5,  0],
       [ 0,  0,  2, 13]])]"
0.01,"[0.7686567164179104, 0.792910447761194, 0.7369402985074627, 0.792910447761194, 0.7833333333333333, 0.8246268656716418, 0.7910447761194029, 0.7164179104477612, 0.8302238805970149, 0.7686567164179104]","[0.7686567164179104, 0.792910447761194, 0.7369402985074627, 0.792910447761194, 0.7833333333333333, 0.8246268656716418, 0.7910447761194029, 0.7164179104477612, 0.8302238805970149, 0.7686567164179104]","[0.7686567164179104, 0.792910447761194, 0.7369402985074627, 0.792910447761194, 0.7833333333333333, 0.8246268656716418, 0.7910447761194029, 0.7164179104477612, 0.8302238805970149, 0.7686567164179104]","[0.7686567164179104, 0.792910447761194, 0.7369402985074627, 0.792910447761194, 0.7833333333333333, 0.8246268656716418, 0.7910447761194029, 0.7164179104477612, 0.8302238805970149, 0.7686567164179104]","[0.7964427282668125, 0.8078339788866105, 0.7858183640428649, 0.8140562756555684, 0.8090679136684827, 0.826999523428331, 0.8119403896630537, 0.7768262547508439, 0.8341125959896337, 0.8013697515221905]","[0.7686567164179104, 0.7929104477611941, 0.7369402985074627, 0.7929104477611941, 0.7833333333333333, 0.8246268656716418, 0.791044776119403, 0.7164179104477613, 0.8302238805970149, 0.7686567164179104]","[0.7729255785001339, 0.793289495216043, 0.7407973802901339, 0.7935285877673912, 0.7860200377009492, 0.824505948726004, 0.7939244900720455, 0.7214139040485176, 0.8300184184092008, 0.7699495266921873]","[0.7964427282668124, 0.8078339788866105, 0.7858183640428649, 0.8140562756555684, 0.8090679136684826, 0.8269995234283312, 0.8119403896630537, 0.7768262547508438, 0.8341125959896338, 0.8013697515221905]","[0.7686567164179104, 0.792910447761194, 0.7369402985074627, 0.792910447761194, 0.7833333333333333, 0.8246268656716418, 0.7910447761194029, 0.7164179104477612, 0.8302238805970149, 0.7686567164179104]","[0.772925578500134, 0.793289495216043, 0.7407973802901339, 0.7935285877673913, 0.7860200377009493, 0.824505948726004, 0.7939244900720452, 0.7214139040485177, 0.8300184184092008, 0.7699495266921872]","[array([[106,  26,   0,   2],
       [ 18, 114,   0,   2],
       [  0,  30,  91,  13],
       [  0,  20,  13, 101]]), array([[116,  17,   0,   1],
       [ 17, 113,   0,   4],
       [  0,  28,  87,  19],
       [  0,  13,  12, 109]]), array([[ 81,  52,   0,   1],
       [  8, 123,   0,   3],
       [  0,  30,  95,   9],
       [  1,  13,  24,  96]]), array([[126,   7,   0,   1],
       [ 22, 110,   0,   2],
       [ 30,   0,  95,   9],
       [ 12,   6,  22,  94]]), array([[ 90,  44,   0,   1],
       [ 10, 121,   0,   4],
       [  1,  17, 106,  11],
       [  4,  11,  14, 106]]), array([[119,  11,   0,   4],
       [ 18, 112,   0,   4],
       [  0,  18, 109,   7],
       [  1,   4,  27, 102]]), array([[100,  33,   0,   1],
       [ 13, 119,   0,   2],
       [  0,  22, 101,  11],
       [  0,  10,  20, 104]]), array([[ 78,  55,   0,   1],
       [  9, 123,   0,   2],
       [  0,  33,  88,  13],
       [  0,  20,  19,  95]]), array([[121,  12,   0,   1],
       [ 18, 112,   0,   4],
       [  2,  14, 111,   7],
       [  2,   9,  22, 101]]), array([[127,   6,   0,   1],
       [ 29, 102,   0,   3],
       [ 31,   0,  85,  18],
       [ 18,   4,  14,  98]])]","[0.6956521739130435, 0.6956521739130435, 0.6304347826086957, 0.6739130434782609, 0.6222222222222222, 0.6888888888888889, 0.6888888888888889, 0.7111111111111111, 0.7333333333333333, 0.6888888888888889]","[0.6956521739130435, 0.6956521739130435, 0.6304347826086957, 0.6739130434782609, 0.6222222222222222, 0.6888888888888889, 0.6888888888888889, 0.7111111111111111, 0.7333333333333333, 0.6888888888888889]","[0.6956521739130435, 0.6956521739130435, 0.6304347826086957, 0.6739130434782609, 0.6222222222222222, 0.6888888888888889, 0.6888888888888889, 0.7111111111111111, 0.7333333333333333, 0.6888888888888889]","[0.6956521739130435, 0.6956521739130435, 0.6304347826086957, 0.6739130434782609, 0.6222222222222222, 0.6888888888888889, 0.6888888888888889, 0.7111111111111111, 0.7333333333333333, 0.6888888888888889]","[0.7043123543123543, 0.7045454545454546, 0.6964285714285714, 0.6964743589743589, 0.6507575757575756, 0.7301470588235294, 0.7, 0.7882988721804511, 0.7625, 0.7447916666666666]","[0.7000000000000001, 0.6902777777777778, 0.6325757575757576, 0.6712121212121211, 0.6337662337662338, 0.6924242424242424, 0.6785353535353535, 0.716919191919192, 0.7512626262626263, 0.6601010101010101]","[0.6905072463768116, 0.6845400828997266, 0.6244641225665895, 0.6669892607392608, 0.6116946778711484, 0.691285403050109, 0.6752733282481567, 0.7155067155067155, 0.7346955580651233, 0.6684212617193708]","[0.7346457889936151, 0.722755505364201, 0.7106625258799172, 0.7022853957636567, 0.6643771043771044, 0.7590196078431373, 0.7194444444444444, 0.8215121136173766, 0.7955555555555555, 0.7412037037037037]","[0.6956521739130435, 0.6956521739130435, 0.6304347826086957, 0.6739130434782609, 0.6222222222222222, 0.6888888888888889, 0.6888888888888889, 0.7111111111111111, 0.7333333333333333, 0.6888888888888889]","[0.7018903591682419, 0.6985049674651166, 0.6337577574274217, 0.672680580289276, 0.6134453781512605, 0.7024933430162188, 0.6919795462892335, 0.7321394654727988, 0.7398006984963507, 0.6852622843724068]","[array([[10,  2,  0,  0],
       [ 2,  6,  0,  1],
       [ 0,  3,  7,  0],
       [ 0,  0,  6,  9]]), array([[ 9,  2,  0,  1],
       [ 2,  7,  0,  0],
       [ 0,  3,  5,  2],
       [ 0,  2,  2, 11]]), array([[ 4,  7,  0,  0],
       [ 1,  9,  0,  0],
       [ 0,  2,  6,  2],
       [ 1,  3,  1, 10]]), array([[ 9,  2,  0,  0],
       [ 2,  7,  0,  1],
       [ 3,  0,  5,  2],
       [ 1,  3,  1, 10]]), array([[4, 7, 0, 0],
       [1, 9, 0, 0],
       [0, 1, 7, 2],
       [1, 1, 4, 8]]), array([[ 7,  4,  0,  0],
       [ 2,  8,  0,  0],
       [ 0,  3,  6,  0],
       [ 1,  2,  2, 10]]), array([[ 7,  4,  0,  0],
       [ 1,  7,  0,  1],
       [ 0,  3,  5,  2],
       [ 0,  0,  3, 12]]), array([[ 6,  5,  0,  0],
       [ 1,  8,  0,  0],
       [ 0,  3,  7,  0],
       [ 0,  3,  1, 11]]), array([[8, 3, 0, 0],
       [2, 7, 0, 0],
       [0, 1, 9, 0],
       [0, 3, 3, 9]]), array([[ 9,  0,  0,  2],
       [ 4,  5,  0,  0],
       [ 5,  0,  4,  1],
       [ 0,  0,  2, 13]])]"
0.05,"[0.7705223880597015, 0.7723880597014925, 0.753731343283582, 0.7425373134328358, 0.7722222222222223, 0.7723880597014925, 0.7182835820895522, 0.8003731343283582, 0.7611940298507462, 0.7686567164179104]","[0.7705223880597015, 0.7723880597014925, 0.753731343283582, 0.7425373134328358, 0.7722222222222223, 0.7723880597014925, 0.7182835820895522, 0.8003731343283582, 0.7611940298507462, 0.7686567164179104]","[0.7705223880597015, 0.7723880597014925, 0.753731343283582, 0.7425373134328358, 0.7722222222222223, 0.7723880597014925, 0.7182835820895522, 0.8003731343283582, 0.7611940298507462, 0.7686567164179104]","[0.7705223880597015, 0.7723880597014925, 0.753731343283582, 0.7425373134328358, 0.7722222222222223, 0.7723880597014925, 0.7182835820895522, 0.8003731343283582, 0.7611940298507462, 0.7686567164179104]","[0.8040408198409588, 0.8113688809561319, 0.8005340920314072, 0.7857246539392456, 0.8114222476668771, 0.7962136746825742, 0.7788508175747952, 0.816416357962586, 0.7820000224363923, 0.7903980938155696]","[0.7705223880597014, 0.7723880597014926, 0.7537313432835822, 0.7425373134328358, 0.7722222222222221, 0.7723880597014926, 0.7182835820895522, 0.8003731343283582, 0.7611940298507462, 0.7686567164179104]","[0.7757916035381408, 0.7749517815503879, 0.7588154469931612, 0.7480911540859971, 0.7768835106217226, 0.7744804213820908, 0.7252870069855716, 0.8025743472132647, 0.7643035578612443, 0.771704205248509]","[0.8040408198409589, 0.8113688809561319, 0.8005340920314072, 0.7857246539392456, 0.8114222476668771, 0.7962136746825742, 0.7788508175747954, 0.816416357962586, 0.7820000224363923, 0.7903980938155696]","[0.7705223880597015, 0.7723880597014925, 0.753731343283582, 0.7425373134328358, 0.7722222222222223, 0.7723880597014925, 0.7182835820895522, 0.8003731343283582, 0.7611940298507462, 0.7686567164179104]","[0.7757916035381409, 0.774951781550388, 0.7588154469931613, 0.7480911540859971, 0.7768835106217226, 0.7744804213820907, 0.7252870069855716, 0.8025743472132648, 0.7643035578612444, 0.771704205248509]","[array([[110,  23,   0,   1],
       [ 17, 114,   0,   3],
       [  0,  37,  89,   8],
       [  0,  21,  13, 100]]), array([[ 90,  42,   0,   2],
       [  6, 124,   0,   4],
       [  0,  31,  89,  14],
       [  0,   8,  15, 111]]), array([[ 84,  49,   0,   1],
       [  8, 121,   0,   5],
       [  0,  28, 100,   6],
       [  0,  14,  21,  99]]), array([[ 91,  42,   0,   1],
       [ 13, 119,   0,   2],
       [  0,  32,  95,   7],
       [  0,  17,  24,  93]]), array([[ 89,  45,   0,   1],
       [  8, 122,   0,   5],
       [  0,  29, 101,   5],
       [  0,   9,  21, 105]]), array([[ 95,  36,   0,   3],
       [ 10, 121,   0,   3],
       [  0,  22,  98,  14],
       [  0,  11,  23, 100]]), array([[ 83,  50,   0,   1],
       [ 11, 120,   0,   3],
       [  0,  37,  85,  12],
       [  0,  22,  15,  97]]), array([[111,  19,   0,   4],
       [ 13, 117,   0,   4],
       [  0,  27, 103,   4],
       [  0,  12,  24,  98]]), array([[106,  25,   0,   3],
       [ 18, 112,   0,   4],
       [  0,  30,  97,   7],
       [  0,  15,  26,  93]]), array([[108,  25,   0,   1],
       [ 17, 111,   0,   6],
       [  0,  32,  88,  14],
       [  0,  14,  15, 105]])]","[0.6956521739130435, 0.717391304347826, 0.6086956521739131, 0.6304347826086957, 0.6, 0.7333333333333333, 0.6888888888888889, 0.7333333333333333, 0.7333333333333333, 0.6222222222222222]","[0.6956521739130435, 0.717391304347826, 0.6086956521739131, 0.6304347826086957, 0.6, 0.7333333333333333, 0.6888888888888889, 0.7333333333333333, 0.7333333333333333, 0.6222222222222222]","[0.6956521739130435, 0.717391304347826, 0.6086956521739131, 0.6304347826086957, 0.6, 0.7333333333333333, 0.6888888888888889, 0.7333333333333333, 0.7333333333333333, 0.6222222222222222]","[0.6956521739130435, 0.717391304347826, 0.6086956521739131, 0.6304347826086957, 0.6, 0.7333333333333333, 0.6888888888888889, 0.7333333333333333, 0.7333333333333333, 0.6222222222222222]","[0.7026515151515152, 0.7341269841269842, 0.6654761904761906, 0.7149267399267399, 0.6545454545454545, 0.8125, 0.7, 0.7611832611832612, 0.7625, 0.6393995098039216]","[0.6958333333333332, 0.7138888888888888, 0.6053030303030303, 0.628030303030303, 0.6038961038961039, 0.7424242424242423, 0.6785353535353535, 0.7318181818181819, 0.7512626262626263, 0.602020202020202]","[0.6899079181687877, 0.7042016806722688, 0.6044662309368192, 0.6348214285714285, 0.5800000000000001, 0.7375816993464053, 0.6752733282481567, 0.7343177417548127, 0.7346955580651233, 0.5869398627937528]","[0.7345191040843215, 0.7523809523809524, 0.6847826086956522, 0.7239210065297021, 0.6712121212121211, 0.8388888888888889, 0.7194444444444444, 0.7943562610229277, 0.7955555555555555, 0.664297385620915]","[0.6956521739130435, 0.717391304347826, 0.6086956521739131, 0.6304347826086957, 0.6, 0.7333333333333333, 0.6888888888888889, 0.7333333333333333, 0.7333333333333333, 0.6222222222222222]","[0.7051360737561115, 0.7179393496529047, 0.6182154021028701, 0.6441511387163561, 0.5884444444444443, 0.7461147421931735, 0.6919795462892335, 0.751311388839993, 0.7398006984963507, 0.6134059910150992]","[array([[ 9,  3,  0,  0],
       [ 2,  6,  0,  1],
       [ 0,  3,  7,  0],
       [ 0,  0,  5, 10]]), array([[ 8,  3,  0,  1],
       [ 1,  8,  0,  0],
       [ 0,  3,  5,  2],
       [ 0,  1,  2, 12]]), array([[ 5,  6,  0,  0],
       [ 2,  8,  0,  0],
       [ 0,  3,  5,  2],
       [ 0,  3,  2, 10]]), array([[ 6,  5,  0,  0],
       [ 1,  8,  0,  1],
       [ 0,  3,  5,  2],
       [ 0,  4,  1, 10]]), array([[3, 8, 0, 0],
       [1, 9, 0, 0],
       [0, 2, 6, 2],
       [0, 1, 4, 9]]), array([[ 7,  4,  0,  0],
       [ 0, 10,  0,  0],
       [ 0,  3,  6,  0],
       [ 0,  3,  2, 10]]), array([[ 7,  4,  0,  0],
       [ 1,  7,  0,  1],
       [ 0,  3,  5,  2],
       [ 0,  0,  3, 12]]), array([[ 8,  3,  0,  0],
       [ 3,  6,  0,  0],
       [ 0,  2,  8,  0],
       [ 0,  3,  1, 11]]), array([[8, 3, 0, 0],
       [2, 7, 0, 0],
       [0, 1, 9, 0],
       [0, 3, 3, 9]]), array([[ 4,  5,  0,  2],
       [ 2,  7,  0,  0],
       [ 0,  5,  4,  1],
       [ 0,  0,  2, 13]])]"
0.1,"[0.8041044776119403, 0.7835820895522388, 0.7761194029850746, 0.8078358208955224, 0.8074074074074075, 0.8022388059701493, 0.7873134328358209, 0.792910447761194, 0.7593283582089553, 0.792910447761194]","[0.8041044776119403, 0.7835820895522388, 0.7761194029850746, 0.8078358208955224, 0.8074074074074075, 0.8022388059701493, 0.7873134328358209, 0.792910447761194, 0.7593283582089553, 0.792910447761194]","[0.8041044776119403, 0.7835820895522388, 0.7761194029850746, 0.8078358208955224, 0.8074074074074075, 0.8022388059701493, 0.7873134328358209, 0.792910447761194, 0.7593283582089553, 0.792910447761194]","[0.8041044776119403, 0.7835820895522388, 0.7761194029850746, 0.8078358208955224, 0.8074074074074075, 0.8022388059701493, 0.7873134328358209, 0.792910447761194, 0.7593283582089553, 0.792910447761194]","[0.8357932459630956, 0.8182381519923354, 0.8159809202227017, 0.8238091893542662, 0.8311018447504886, 0.8108825876040608, 0.8225738875570424, 0.8217908168438235, 0.8010576489019003, 0.8222624779535322]","[0.8041044776119401, 0.7835820895522387, 0.7761194029850746, 0.8078358208955224, 0.8074074074074074, 0.8022388059701493, 0.7873134328358209, 0.792910447761194, 0.7593283582089552, 0.792910447761194]","[0.8089904663134746, 0.7875192618305898, 0.7811704681148575, 0.8100973682586248, 0.8113268441073356, 0.8017497738579829, 0.7916816580305235, 0.797188418098731, 0.7622763930611555, 0.7972204615734028]","[0.8357932459630956, 0.8182381519923355, 0.8159809202227019, 0.8238091893542661, 0.8311018447504888, 0.810882587604061, 0.8225738875570424, 0.8217908168438235, 0.8010576489019002, 0.8222624779535322]","[0.8041044776119403, 0.7835820895522388, 0.7761194029850746, 0.8078358208955224, 0.8074074074074075, 0.8022388059701493, 0.7873134328358209, 0.792910447761194, 0.7593283582089553, 0.792910447761194]","[0.8089904663134747, 0.7875192618305898, 0.7811704681148574, 0.8100973682586248, 0.8113268441073357, 0.8017497738579829, 0.7916816580305234, 0.7971884180987309, 0.7622763930611555, 0.7972204615734028]","[array([[101,  32,   0,   1],
       [  9, 122,   0,   3],
       [  0,  24, 106,   4],
       [  0,  16,  16, 102]]), array([[ 94,  40,   0,   0],
       [  7, 123,   0,   4],
       [  0,  25,  97,  12],
       [  0,  12,  16, 106]]), array([[ 91,  42,   0,   1],
       [  8, 122,   0,   4],
       [  0,  29,  98,   7],
       [  0,  12,  17, 105]]), array([[104,  29,   0,   1],
       [ 11, 119,   0,   4],
       [  0,  17, 103,  14],
       [  0,  11,  16, 107]]), array([[102,  32,   0,   1],
       [ 10, 120,   0,   5],
       [  0,  22, 105,   8],
       [  0,  12,  14, 109]]), array([[119,  13,   0,   2],
       [ 15, 115,   0,   4],
       [  0,  28,  89,  17],
       [  0,  10,  17, 107]]), array([[ 90,  43,   0,   1],
       [ 10, 122,   0,   2],
       [  0,  22, 106,   6],
       [  1,  13,  16, 104]]), array([[101,  32,   0,   1],
       [ 11, 121,   0,   2],
       [  0,  28,  99,   7],
       [  0,  12,  18, 104]]), array([[ 79,  54,   0,   1],
       [  8, 121,   0,   5],
       [  0,  24, 101,   9],
       [  1,   9,  18, 106]]), array([[ 95,  38,   0,   1],
       [  9, 119,   0,   6],
       [  0,  22, 107,   5],
       [  0,  12,  18, 104]])]","[0.6739130434782609, 0.717391304347826, 0.6086956521739131, 0.6956521739130435, 0.6444444444444445, 0.7333333333333333, 0.7333333333333333, 0.7555555555555555, 0.7111111111111111, 0.6444444444444445]","[0.6739130434782609, 0.717391304347826, 0.6086956521739131, 0.6956521739130435, 0.6444444444444445, 0.7333333333333333, 0.7333333333333333, 0.7555555555555555, 0.7111111111111111, 0.6444444444444445]","[0.6739130434782609, 0.717391304347826, 0.6086956521739131, 0.6956521739130435, 0.6444444444444445, 0.7333333333333333, 0.7333333333333333, 0.7555555555555555, 0.7111111111111111, 0.6444444444444445]","[0.6739130434782609, 0.717391304347826, 0.6086956521739131, 0.6956521739130435, 0.6444444444444445, 0.7333333333333333, 0.7333333333333333, 0.7555555555555555, 0.7111111111111111, 0.6444444444444445]","[0.6891608391608391, 0.7462606837606838, 0.6729166666666667, 0.8089285714285714, 0.687878787878788, 0.8128654970760234, 0.7385340354090354, 0.7888888888888889, 0.7987095141700405, 0.6816468253968254]","[0.6791666666666666, 0.7222222222222222, 0.6053030303030303, 0.6924242424242424, 0.6493506493506493, 0.7229797979797981, 0.717929292929293, 0.7595959595959596, 0.7219696969696969, 0.6381313131313131]","[0.6706832298136647, 0.7135714285714285, 0.6063474658869396, 0.7007662835249042, 0.6377731092436976, 0.7309660645867543, 0.7158271519751597, 0.7583743011374591, 0.7078373015873015, 0.618933588761175]","[0.7217999391912435, 0.7686733556298774, 0.6893115942028986, 0.8105590062111802, 0.7026936026936028, 0.8287199480181937, 0.7545397503730836, 0.819753086419753, 0.8156770130454342, 0.709047619047619]","[0.6739130434782609, 0.717391304347826, 0.6086956521739131, 0.6956521739130435, 0.6444444444444445, 0.7333333333333333, 0.7333333333333333, 0.7555555555555555, 0.7111111111111111, 0.6444444444444445]","[0.683067782878747, 0.7251138716356107, 0.6192156114924994, 0.7087289688489089, 0.6439813258636787, 0.748195584747309, 0.7331171295497672, 0.7720958378853116, 0.7160934744268077, 0.6400595998297147]","[array([[9, 3, 0, 0],
       [2, 6, 0, 1],
       [0, 3, 7, 0],
       [0, 0, 6, 9]]), array([[ 8,  3,  0,  1],
       [ 1,  8,  0,  0],
       [ 0,  3,  6,  1],
       [ 0,  2,  2, 11]]), array([[ 5,  6,  0,  0],
       [ 2,  8,  0,  0],
       [ 0,  3,  5,  2],
       [ 1,  3,  1, 10]]), array([[ 7,  4,  0,  0],
       [ 0,  9,  0,  1],
       [ 0,  3,  5,  2],
       [ 0,  4,  0, 11]]), array([[5, 6, 0, 0],
       [1, 9, 0, 0],
       [0, 2, 6, 2],
       [0, 1, 4, 9]]), array([[ 7,  4,  0,  0],
       [ 1,  9,  0,  0],
       [ 0,  4,  5,  0],
       [ 1,  2,  0, 12]]), array([[ 8,  3,  0,  0],
       [ 1,  7,  0,  1],
       [ 0,  3,  5,  2],
       [ 0,  0,  2, 13]]), array([[ 8,  3,  0,  0],
       [ 2,  7,  0,  0],
       [ 0,  2,  8,  0],
       [ 0,  3,  1, 11]]), array([[ 5,  6,  0,  0],
       [ 0,  9,  0,  0],
       [ 0,  1,  7,  2],
       [ 0,  3,  1, 11]]), array([[ 4,  5,  0,  2],
       [ 1,  8,  0,  0],
       [ 0,  5,  5,  0],
       [ 0,  0,  3, 12]])]"
0.5,"[0.9365671641791045, 0.9440298507462687, 0.9272388059701493, 0.9291044776119403, 0.9388888888888889, 0.9328358208955224, 0.9402985074626866, 0.9328358208955224, 0.9365671641791045, 0.9384328358208955]","[0.9365671641791045, 0.9440298507462687, 0.9272388059701493, 0.9291044776119403, 0.9388888888888889, 0.9328358208955224, 0.9402985074626866, 0.9328358208955224, 0.9365671641791045, 0.9384328358208955]","[0.9365671641791045, 0.9440298507462687, 0.9272388059701493, 0.9291044776119403, 0.9388888888888889, 0.9328358208955224, 0.9402985074626866, 0.9328358208955224, 0.9365671641791045, 0.9384328358208955]","[0.9365671641791045, 0.9440298507462687, 0.9272388059701493, 0.9291044776119403, 0.9388888888888889, 0.9328358208955224, 0.9402985074626866, 0.9328358208955224, 0.9365671641791045, 0.9384328358208955]","[0.9382887400718506, 0.9450650764843143, 0.9293315319593146, 0.9302816690613027, 0.94002240854446, 0.9339583281958919, 0.9412629372117782, 0.934450582707589, 0.9372934068246568, 0.9397952326518374]","[0.9365671641791045, 0.9440298507462686, 0.9272388059701493, 0.9291044776119403, 0.9388888888888889, 0.9328358208955224, 0.9402985074626865, 0.9328358208955224, 0.9365671641791046, 0.9384328358208955]","[0.9363343541625614, 0.9438975038830059, 0.9268607628107504, 0.9290912967985842, 0.9387430231954413, 0.9326666097646102, 0.9400786330193239, 0.9325528530262672, 0.9365098224713044, 0.9383085625005777]","[0.9382887400718506, 0.9450650764843143, 0.9293315319593146, 0.9302816690613027, 0.94002240854446, 0.9339583281958918, 0.9412629372117783, 0.934450582707589, 0.9372934068246568, 0.9397952326518374]","[0.9365671641791045, 0.9440298507462687, 0.9272388059701493, 0.9291044776119403, 0.9388888888888889, 0.9328358208955224, 0.9402985074626866, 0.9328358208955224, 0.9365671641791045, 0.9384328358208955]","[0.9363343541625615, 0.943897503883006, 0.9268607628107505, 0.929091296798584, 0.9387430231954415, 0.9326666097646104, 0.940078633019324, 0.9325528530262671, 0.9365098224713044, 0.9383085625005777]","[array([[130,   3,   0,   1],
       [  8, 124,   0,   2],
       [  0,   0, 131,   3],
       [  0,   1,  16, 117]]), array([[129,   5,   0,   0],
       [  4, 127,   0,   3],
       [  0,   0, 131,   3],
       [  0,   1,  14, 119]]), array([[128,   6,   0,   0],
       [  8, 122,   0,   4],
       [  0,   0, 132,   2],
       [  0,   1,  18, 115]]), array([[129,   4,   0,   1],
       [  6, 124,   0,   4],
       [  0,   0, 128,   6],
       [  0,   0,  17, 117]]), array([[129,   6,   0,   0],
       [  4, 127,   0,   4],
       [  0,   0, 132,   3],
       [  0,   1,  15, 119]]), array([[128,   5,   0,   1],
       [  6, 125,   0,   3],
       [  0,   0, 130,   4],
       [  0,   1,  16, 117]]), array([[131,   3,   0,   0],
       [  5, 127,   0,   2],
       [  0,   0, 129,   5],
       [  1,   1,  15, 117]]), array([[128,   6,   0,   0],
       [  5, 127,   0,   2],
       [  0,   0, 130,   4],
       [  2,   0,  17, 115]]), array([[130,   3,   0,   1],
       [  5, 126,   0,   3],
       [  0,   0, 128,   6],
       [  0,   1,  15, 118]]), array([[126,   7,   0,   1],
       [  3, 128,   0,   3],
       [  0,   0, 131,   3],
       [  0,   1,  15, 118]])]","[0.7608695652173914, 0.782608695652174, 0.782608695652174, 0.782608695652174, 0.6888888888888889, 0.8, 0.7555555555555555, 0.8, 0.8222222222222222, 0.7777777777777778]","[0.7608695652173914, 0.782608695652174, 0.782608695652174, 0.782608695652174, 0.6888888888888889, 0.8, 0.7555555555555555, 0.8, 0.8222222222222222, 0.7777777777777778]","[0.7608695652173914, 0.782608695652174, 0.782608695652174, 0.782608695652174, 0.6888888888888889, 0.8, 0.7555555555555555, 0.8, 0.8222222222222222, 0.7777777777777778]","[0.7608695652173914, 0.782608695652174, 0.782608695652174, 0.782608695652174, 0.6888888888888889, 0.8, 0.7555555555555555, 0.8, 0.8222222222222222, 0.7777777777777778]","[0.775974025974026, 0.7822916666666666, 0.7855113636363636, 0.8017156862745098, 0.7036713286713286, 0.7962121212121211, 0.7655677655677656, 0.796031746031746, 0.8206293706293707, 0.7790598290598291]","[0.7666666666666667, 0.7763888888888889, 0.7734848484848486, 0.7651515151515151, 0.689935064935065, 0.7989898989898989, 0.7474747474747475, 0.7828282828282828, 0.8328282828282829, 0.767929292929293]","[0.7580128205128205, 0.7713657310431504, 0.7764162360936555, 0.774199452508276, 0.6822089947089947, 0.792796384901648, 0.7424242424242424, 0.7834429824561403, 0.8247038049669628, 0.7659204830257462]","[0.782326369282891, 0.7932065217391304, 0.7871788537549407, 0.8040494458653026, 0.7129093129093129, 0.8214814814814815, 0.7838827838827838, 0.8038800705467373, 0.8258896658896658, 0.8094207027540361]","[0.7608695652173914, 0.782608695652174, 0.782608695652174, 0.782608695652174, 0.6888888888888889, 0.8, 0.7555555555555555, 0.8, 0.8222222222222222, 0.7777777777777778]","[0.7582218506131551, 0.7809268805061231, 0.7821189251764287, 0.7848887578746913, 0.6870664315108759, 0.8052808789650895, 0.756902356902357, 0.796578947368421, 0.8218602060707323, 0.7867826130984025]","[array([[12,  0,  0,  0],
       [ 2,  6,  0,  1],
       [ 0,  1,  8,  1],
       [ 0,  0,  6,  9]]), array([[ 9,  2,  0,  1],
       [ 1,  8,  0,  0],
       [ 0,  2,  6,  2],
       [ 0,  0,  2, 13]]), array([[ 8,  3,  0,  0],
       [ 2,  8,  0,  0],
       [ 0,  0,  7,  3],
       [ 1,  0,  1, 13]]), array([[ 8,  3,  0,  0],
       [ 2,  7,  0,  1],
       [ 0,  1,  7,  2],
       [ 0,  1,  0, 14]]), array([[ 6,  4,  1,  0],
       [ 1,  9,  0,  0],
       [ 0,  1,  6,  3],
       [ 0,  0,  4, 10]]), array([[ 9,  2,  0,  0],
       [ 2,  8,  0,  0],
       [ 0,  2,  7,  0],
       [ 0,  0,  3, 12]]), array([[ 6,  5,  0,  0],
       [ 1,  7,  0,  1],
       [ 0,  1,  8,  1],
       [ 0,  0,  2, 13]]), array([[10,  1,  0,  0],
       [ 4,  5,  0,  0],
       [ 0,  0,  8,  2],
       [ 0,  1,  1, 13]]), array([[10,  1,  0,  0],
       [ 1,  8,  0,  0],
       [ 0,  0,  8,  2],
       [ 0,  1,  3, 11]]), array([[ 8,  3,  0,  0],
       [ 2,  7,  0,  0],
       [ 0,  3,  7,  0],
       [ 0,  0,  2, 13]])]"
1,"[0.9664179104477612, 0.960820895522388, 0.960820895522388, 0.957089552238806, 0.9611111111111111, 0.9626865671641791, 0.9682835820895522, 0.9552238805970149, 0.960820895522388, 0.9496268656716418]","[0.9664179104477612, 0.960820895522388, 0.960820895522388, 0.957089552238806, 0.9611111111111111, 0.9626865671641791, 0.9682835820895522, 0.9552238805970149, 0.960820895522388, 0.9496268656716418]","[0.9664179104477612, 0.960820895522388, 0.960820895522388, 0.957089552238806, 0.9611111111111111, 0.9626865671641791, 0.9682835820895522, 0.9552238805970149, 0.960820895522388, 0.9496268656716418]","[0.9664179104477612, 0.960820895522388, 0.960820895522388, 0.957089552238806, 0.9611111111111111, 0.9626865671641791, 0.9682835820895522, 0.9552238805970149, 0.960820895522388, 0.9496268656716418]","[0.9672522921390055, 0.9614786469346451, 0.96218266042049, 0.9582352693602694, 0.9619538921551223, 0.9634163527254356, 0.9692896357373969, 0.9562987282203701, 0.9613290157104362, 0.9499937346160368]","[0.9664179104477612, 0.960820895522388, 0.960820895522388, 0.957089552238806, 0.961111111111111, 0.9626865671641791, 0.9682835820895523, 0.9552238805970149, 0.9608208955223881, 0.9496268656716418]","[0.9663557274409698, 0.9607841691185822, 0.9608063799772373, 0.9570575704295611, 0.961107059819854, 0.9626650865946964, 0.9682519861004693, 0.9552257669879047, 0.9608214787372132, 0.949659968773156]","[0.9672522921390055, 0.9614786469346451, 0.9621826604204899, 0.9582352693602694, 0.9619538921551225, 0.9634163527254354, 0.9692896357373968, 0.9562987282203701, 0.9613290157104363, 0.9499937346160369]","[0.9664179104477612, 0.960820895522388, 0.960820895522388, 0.957089552238806, 0.9611111111111111, 0.9626865671641791, 0.9682835820895522, 0.9552238805970149, 0.960820895522388, 0.9496268656716418]","[0.9663557274409698, 0.9607841691185823, 0.9608063799772373, 0.9570575704295611, 0.961107059819854, 0.9626650865946964, 0.9682519861004693, 0.9552257669879048, 0.9608214787372132, 0.9496599687731561]","[array([[133,   1,   0,   0],
       [  3, 128,   0,   3],
       [  0,   0, 133,   1],
       [  0,   0,  10, 124]]), array([[133,   1,   0,   0],
       [  4, 127,   0,   3],
       [  0,   0, 131,   3],
       [  0,   0,  10, 124]]), array([[129,   5,   0,   0],
       [  0, 131,   0,   3],
       [  0,   0, 133,   1],
       [  0,   0,  12, 122]]), array([[130,   4,   0,   0],
       [  2, 131,   0,   1],
       [  0,   0, 131,   3],
       [  0,   0,  13, 121]]), array([[134,   1,   0,   0],
       [  2, 130,   0,   3],
       [  0,   0, 132,   3],
       [  0,   0,  12, 123]]), array([[132,   2,   0,   0],
       [  3, 130,   0,   1],
       [  0,   0, 131,   3],
       [  0,   0,  11, 123]]), array([[133,   1,   0,   0],
       [  1, 133,   0,   0],
       [  0,   0, 131,   3],
       [  0,   0,  12, 122]]), array([[131,   3,   0,   0],
       [  1, 131,   0,   2],
       [  0,   0, 130,   4],
       [  0,   0,  14, 120]]), array([[130,   4,   0,   0],
       [  2, 130,   0,   2],
       [  0,   0, 131,   3],
       [  0,   0,  10, 124]]), array([[131,   3,   0,   0],
       [  4, 127,   0,   3],
       [  0,   0, 128,   6],
       [  0,   0,  11, 123]])]","[0.7391304347826086, 0.782608695652174, 0.8260869565217391, 0.782608695652174, 0.7777777777777778, 0.8666666666666667, 0.7777777777777778, 0.7777777777777778, 0.7777777777777778, 0.8]","[0.7391304347826086, 0.782608695652174, 0.8260869565217391, 0.782608695652174, 0.7777777777777778, 0.8666666666666667, 0.7777777777777778, 0.7777777777777778, 0.7777777777777778, 0.8]","[0.7391304347826086, 0.782608695652174, 0.8260869565217391, 0.782608695652174, 0.7777777777777778, 0.8666666666666667, 0.7777777777777778, 0.7777777777777778, 0.7777777777777778, 0.8]","[0.7391304347826086, 0.782608695652174, 0.8260869565217391, 0.782608695652174, 0.7777777777777778, 0.8666666666666667, 0.7777777777777778, 0.7777777777777778, 0.7777777777777778, 0.8]","[0.746441058941059, 0.7814542483660131, 0.826388888888889, 0.7933823529411765, 0.7803515928515928, 0.8722943722943723, 0.7691964285714286, 0.7770562770562771, 0.7876359751359752, 0.7958333333333334]","[0.7458333333333333, 0.7694444444444445, 0.8234848484848486, 0.7628787878787879, 0.7782467532467532, 0.8661616161616161, 0.7623737373737374, 0.7550505050505051, 0.7911616161616161, 0.7929292929292929]","[0.7362141779788838, 0.7725694444444444, 0.8222146274777854, 0.77028452685422, 0.7749158249158249, 0.863751457604531, 0.7609490643764838, 0.75, 0.7871572871572872, 0.7892857142857144]","[0.7584969378447639, 0.7819693094629155, 0.8301932367149759, 0.7957161125319693, 0.7886126219459553, 0.880904280904281, 0.7759126984126984, 0.7851082251082251, 0.7860398860398862, 0.8233333333333333]","[0.7391304347826086, 0.782608695652174, 0.8260869565217391, 0.782608695652174, 0.7777777777777778, 0.8666666666666667, 0.7777777777777778, 0.7777777777777778, 0.7777777777777778, 0.8]","[0.7383526788641879, 0.7794384057971014, 0.8257352868336849, 0.7819345602134994, 0.7790198279087167, 0.8689418253836044, 0.7726314605346863, 0.7680423280423281, 0.7795093795093796, 0.8068783068783069]","[array([[11,  1,  0,  0],
       [ 2,  6,  0,  1],
       [ 0,  1,  8,  1],
       [ 0,  0,  6,  9]]), array([[10,  1,  0,  1],
       [ 2,  7,  0,  0],
       [ 0,  1,  6,  3],
       [ 0,  0,  2, 13]]), array([[ 8,  3,  0,  0],
       [ 1,  9,  0,  0],
       [ 0,  0,  8,  2],
       [ 1,  0,  1, 13]]), array([[ 9,  2,  0,  0],
       [ 3,  6,  0,  1],
       [ 0,  1,  7,  2],
       [ 0,  1,  0, 14]]), array([[ 8,  2,  1,  0],
       [ 1,  9,  0,  0],
       [ 0,  1,  7,  2],
       [ 0,  0,  3, 11]]), array([[10,  0,  1,  0],
       [ 2,  8,  0,  0],
       [ 0,  0,  8,  1],
       [ 0,  0,  2, 13]]), array([[ 8,  2,  1,  0],
       [ 2,  5,  0,  2],
       [ 0,  0,  9,  1],
       [ 0,  0,  2, 13]]), array([[10,  1,  0,  0],
       [ 4,  4,  1,  0],
       [ 0,  0,  8,  2],
       [ 0,  0,  2, 13]]), array([[10,  1,  0,  0],
       [ 1,  8,  0,  0],
       [ 0,  0,  7,  3],
       [ 0,  0,  5, 10]]), array([[ 8,  3,  0,  0],
       [ 2,  7,  0,  0],
       [ 0,  2,  8,  0],
       [ 0,  0,  2, 13]])]"
5,"[0.9888059701492538, 0.9888059701492538, 0.9906716417910447, 0.9888059701492538, 0.9888888888888889, 0.9869402985074627, 0.9869402985074627, 0.9925373134328358, 0.9906716417910447, 0.9850746268656716]","[0.9888059701492538, 0.9888059701492538, 0.9906716417910447, 0.9888059701492538, 0.9888888888888889, 0.9869402985074627, 0.9869402985074627, 0.9925373134328358, 0.9906716417910447, 0.9850746268656716]","[0.9888059701492538, 0.9888059701492538, 0.9906716417910447, 0.9888059701492538, 0.9888888888888889, 0.9869402985074627, 0.9869402985074627, 0.9925373134328358, 0.9906716417910447, 0.9850746268656716]","[0.9888059701492538, 0.9888059701492538, 0.9906716417910447, 0.9888059701492538, 0.9888888888888889, 0.9869402985074627, 0.9869402985074627, 0.9925373134328358, 0.9906716417910447, 0.9850746268656716]","[0.9890841173215275, 0.9890841173215275, 0.9908452262418409, 0.9892857142857143, 0.9889413314307667, 0.9872706485974012, 0.9870591185156294, 0.9927536231884058, 0.9907258956214064, 0.9852842809364548]","[0.9888059701492538, 0.9888059701492538, 0.9906716417910447, 0.9888059701492538, 0.9888888888888888, 0.9869402985074627, 0.9869402985074627, 0.9925373134328358, 0.9906716417910447, 0.9850746268656716]","[0.9888030976514122, 0.9888030976514122, 0.9906702186916743, 0.9888003566055608, 0.988888279192274, 0.9869357511943063, 0.9869386618394487, 0.9925356506238859, 0.9906783187682064, 0.9850713012477719]","[0.9890841173215273, 0.9890841173215273, 0.9908452262418408, 0.9892857142857143, 0.9889413314307667, 0.9872706485974012, 0.9870591185156293, 0.9927536231884058, 0.9907258956214063, 0.9852842809364548]","[0.9888059701492538, 0.9888059701492538, 0.9906716417910447, 0.9888059701492538, 0.9888888888888889, 0.9869402985074627, 0.9869402985074627, 0.9925373134328358, 0.9906716417910447, 0.9850746268656716]","[0.9888030976514124, 0.9888030976514124, 0.9906702186916742, 0.9888003566055608, 0.988888279192274, 0.9869357511943063, 0.9869386618394488, 0.9925356506238859, 0.9906783187682066, 0.9850713012477719]","[array([[134,   0,   0,   0],
       [  0, 133,   0,   1],
       [  0,   0, 134,   0],
       [  0,   0,   5, 129]]), array([[134,   0,   0,   0],
       [  0, 133,   0,   1],
       [  0,   0, 134,   0],
       [  0,   0,   5, 129]]), array([[134,   0,   0,   0],
       [  0, 133,   0,   1],
       [  0,   0, 134,   0],
       [  0,   0,   4, 130]]), array([[134,   0,   0,   0],
       [  0, 134,   0,   0],
       [  0,   0, 134,   0],
       [  0,   0,   6, 128]]), array([[135,   0,   0,   0],
       [  0, 135,   0,   0],
       [  0,   0, 133,   2],
       [  0,   0,   4, 131]]), array([[134,   0,   0,   0],
       [  0, 134,   0,   0],
       [  0,   0, 133,   1],
       [  0,   0,   6, 128]]), array([[134,   0,   0,   0],
       [  0, 134,   0,   0],
       [  0,   0, 132,   2],
       [  0,   0,   5, 129]]), array([[134,   0,   0,   0],
       [  0, 134,   0,   0],
       [  0,   0, 134,   0],
       [  0,   0,   4, 130]]), array([[134,   0,   0,   0],
       [  0, 133,   0,   1],
       [  0,   0, 133,   1],
       [  0,   0,   3, 131]]), array([[134,   0,   0,   0],
       [  0, 134,   0,   0],
       [  0,   0, 132,   2],
       [  0,   0,   6, 128]])]","[0.717391304347826, 0.7608695652173914, 0.8260869565217391, 0.8043478260869565, 0.7777777777777778, 0.8222222222222222, 0.7555555555555555, 0.7555555555555555, 0.7777777777777778, 0.7555555555555555]","[0.717391304347826, 0.7608695652173914, 0.8260869565217391, 0.8043478260869565, 0.7777777777777778, 0.8222222222222222, 0.7555555555555555, 0.7555555555555555, 0.7777777777777778, 0.7555555555555555]","[0.717391304347826, 0.7608695652173914, 0.8260869565217391, 0.8043478260869565, 0.7777777777777778, 0.8222222222222222, 0.7555555555555555, 0.7555555555555555, 0.7777777777777778, 0.7555555555555555]","[0.717391304347826, 0.7608695652173914, 0.8260869565217391, 0.8043478260869565, 0.7777777777777778, 0.8222222222222222, 0.7555555555555555, 0.7555555555555555, 0.7777777777777778, 0.7555555555555555]","[0.7230894105894106, 0.7502705627705627, 0.826388888888889, 0.8035353535353535, 0.7782051282051282, 0.825, 0.7584935897435896, 0.7595238095238095, 0.7876359751359752, 0.75]","[0.7208333333333333, 0.7541666666666667, 0.8234848484848486, 0.8022727272727272, 0.7782467532467532, 0.8189393939393939, 0.7507575757575757, 0.7383838383838384, 0.7911616161616161, 0.742929292929293]","[0.713259885894157, 0.751539408866995, 0.8222146274777854, 0.8019594440647073, 0.775998075998076, 0.8191112808759868, 0.7465293668954995, 0.7315718763994625, 0.7871572871572872, 0.7404761904761904]","[0.7355633496937845, 0.7636928289102202, 0.8301932367149759, 0.8054457619675012, 0.7847293447293447, 0.8277777777777777, 0.7677350427350427, 0.7684656084656083, 0.7860398860398862, 0.7677777777777777]","[0.717391304347826, 0.7608695652173914, 0.8260869565217391, 0.8043478260869565, 0.7777777777777778, 0.8222222222222222, 0.7555555555555555, 0.7555555555555555, 0.7777777777777778, 0.7555555555555555]","[0.7169208529711143, 0.7615834939673022, 0.8257352868336849, 0.8040754059060695, 0.7791352680241569, 0.8224655518773166, 0.7540300025425883, 0.7473195004229487, 0.7795093795093796, 0.7566137566137565]","[array([[11,  1,  0,  0],
       [ 2,  6,  0,  1],
       [ 1,  1,  7,  1],
       [ 0,  0,  6,  9]]), array([[ 9,  2,  0,  1],
       [ 3,  6,  0,  0],
       [ 0,  1,  8,  1],
       [ 0,  0,  3, 12]]), array([[ 8,  3,  0,  0],
       [ 1,  9,  0,  0],
       [ 0,  0,  8,  2],
       [ 1,  0,  1, 13]]), array([[10,  1,  0,  0],
       [ 1,  8,  0,  1],
       [ 0,  1,  7,  2],
       [ 0,  1,  2, 12]]), array([[ 8,  2,  1,  0],
       [ 2,  8,  0,  0],
       [ 0,  0,  8,  2],
       [ 0,  0,  3, 11]]), array([[10,  1,  0,  0],
       [ 0,  9,  0,  1],
       [ 0,  1,  6,  2],
       [ 0,  1,  2, 12]]), array([[ 7,  3,  1,  0],
       [ 1,  6,  0,  2],
       [ 0,  0,  9,  1],
       [ 0,  0,  3, 12]]), array([[10,  1,  0,  0],
       [ 4,  4,  1,  0],
       [ 0,  0,  8,  2],
       [ 0,  0,  3, 12]]), array([[10,  1,  0,  0],
       [ 1,  8,  0,  0],
       [ 0,  0,  7,  3],
       [ 0,  0,  5, 10]]), array([[ 8,  3,  0,  0],
       [ 2,  7,  0,  0],
       [ 0,  2,  6,  2],
       [ 0,  0,  2, 13]])]"
10,"[0.9981343283582089, 0.9944029850746269, 0.9981343283582089, 0.996268656716418, 0.9981481481481481, 0.9981343283582089, 0.9981343283582089, 0.996268656716418, 1.0, 0.9981343283582089]","[0.9981343283582089, 0.9944029850746269, 0.9981343283582089, 0.996268656716418, 0.9981481481481481, 0.9981343283582089, 0.9981343283582089, 0.996268656716418, 1.0, 0.9981343283582089]","[0.9981343283582089, 0.9944029850746269, 0.9981343283582089, 0.996268656716418, 0.9981481481481481, 0.9981343283582089, 0.9981343283582089, 0.996268656716418, 1.0, 0.9981343283582089]","[0.9981343283582089, 0.9944029850746269, 0.9981343283582089, 0.996268656716418, 0.9981481481481481, 0.9981343283582089, 0.9981343283582089, 0.996268656716418, 1.0, 0.9981343283582089]","[0.9981481481481481, 0.9945255474452555, 0.9981481481481481, 0.9962686567164178, 0.9981617647058824, 0.9981481481481481, 0.9981481481481481, 0.9963235294117647, 1.0, 0.9981481481481481]","[0.9981343283582089, 0.9944029850746269, 0.9981343283582089, 0.9962686567164178, 0.9981481481481481, 0.9981343283582089, 0.9981343283582089, 0.9962686567164178, 1.0, 0.9981343283582089]","[0.9981343023822453, 0.994402283645478, 0.9981343023822453, 0.9962686567164178, 0.9981481227451681, 0.9981343023822453, 0.9981343023822453, 0.9962684489000277, 1.0, 0.9981343023822453]","[0.9981481481481481, 0.9945255474452553, 0.9981481481481481, 0.996268656716418, 0.9981617647058824, 0.9981481481481481, 0.9981481481481481, 0.9963235294117646, 1.0, 0.9981481481481481]","[0.9981343283582089, 0.9944029850746269, 0.9981343283582089, 0.996268656716418, 0.9981481481481481, 0.9981343283582089, 0.9981343283582089, 0.996268656716418, 1.0, 0.9981343283582089]","[0.9981343023822453, 0.9944022836454781, 0.9981343023822453, 0.996268656716418, 0.9981481227451678, 0.9981343023822453, 0.9981343023822453, 0.9962684489000279, 1.0, 0.9981343023822453]","[array([[134,   0,   0,   0],
       [  0, 134,   0,   0],
       [  0,   0, 134,   0],
       [  0,   0,   1, 133]]), array([[134,   0,   0,   0],
       [  0, 134,   0,   0],
       [  0,   0, 134,   0],
       [  0,   0,   3, 131]]), array([[134,   0,   0,   0],
       [  0, 134,   0,   0],
       [  0,   0, 134,   0],
       [  0,   0,   1, 133]]), array([[134,   0,   0,   0],
       [  0, 134,   0,   0],
       [  0,   0, 133,   1],
       [  0,   0,   1, 133]]), array([[135,   0,   0,   0],
       [  0, 135,   0,   0],
       [  0,   0, 135,   0],
       [  0,   0,   1, 134]]), array([[134,   0,   0,   0],
       [  0, 134,   0,   0],
       [  0,   0, 134,   0],
       [  0,   0,   1, 133]]), array([[134,   0,   0,   0],
       [  0, 134,   0,   0],
       [  0,   0, 134,   0],
       [  0,   0,   1, 133]]), array([[134,   0,   0,   0],
       [  0, 134,   0,   0],
       [  0,   0, 134,   0],
       [  0,   0,   2, 132]]), array([[134,   0,   0,   0],
       [  0, 134,   0,   0],
       [  0,   0, 134,   0],
       [  0,   0,   0, 134]]), array([[134,   0,   0,   0],
       [  0, 134,   0,   0],
       [  0,   0, 134,   0],
       [  0,   0,   1, 133]])]","[0.6956521739130435, 0.7391304347826086, 0.8260869565217391, 0.7608695652173914, 0.8, 0.7555555555555555, 0.7333333333333333, 0.7555555555555555, 0.8, 0.7111111111111111]","[0.6956521739130435, 0.7391304347826086, 0.8260869565217391, 0.7608695652173914, 0.8, 0.7555555555555555, 0.7333333333333333, 0.7555555555555555, 0.8, 0.7111111111111111]","[0.6956521739130435, 0.7391304347826086, 0.8260869565217391, 0.7608695652173914, 0.8, 0.7555555555555555, 0.7333333333333333, 0.7555555555555555, 0.8, 0.7111111111111111]","[0.6956521739130435, 0.7391304347826086, 0.8260869565217391, 0.7608695652173914, 0.8, 0.7555555555555555, 0.7333333333333333, 0.7555555555555555, 0.8, 0.7111111111111111]","[0.700974025974026, 0.7291666666666665, 0.826388888888889, 0.763095238095238, 0.804972804972805, 0.7486742424242424, 0.7369318181818181, 0.7413419913419913, 0.8, 0.7036764705882352]","[0.6902777777777779, 0.7291666666666665, 0.8234848484848486, 0.7628787878787879, 0.8032467532467533, 0.7494949494949494, 0.7257575757575758, 0.7383838383838384, 0.8017676767676767, 0.692929292929293]","[0.677948717948718, 0.7291666666666665, 0.8222146274777854, 0.7607590685176893, 0.7998075998075997, 0.7481410746116629, 0.7246867167919799, 0.7307060755336617, 0.7998120300751879, 0.6852678571428571]","[0.718144174665914, 0.7391304347826086, 0.8301932367149759, 0.7685300207039338, 0.8104981438314771, 0.7532828282828283, 0.7512626262626262, 0.7552669552669553, 0.8022222222222223, 0.7152723311546841]","[0.6956521739130435, 0.7391304347826086, 0.8260869565217391, 0.7608695652173914, 0.8, 0.7555555555555555, 0.7333333333333333, 0.7555555555555555, 0.8, 0.7111111111111111]","[0.6899665551839466, 0.7391304347826086, 0.8257352868336849, 0.7626219357853542, 0.8011458500347389, 0.7536258948023655, 0.7360957950431634, 0.7473964604999088, 0.8001670843776107, 0.701521164021164]","[array([[11,  1,  0,  0],
       [ 3,  4,  1,  1],
       [ 0,  1,  8,  1],
       [ 0,  0,  6,  9]]), array([[ 9,  2,  0,  1],
       [ 3,  6,  0,  0],
       [ 0,  1,  7,  2],
       [ 0,  0,  3, 12]]), array([[ 8,  3,  0,  0],
       [ 1,  9,  0,  0],
       [ 0,  0,  8,  2],
       [ 1,  0,  1, 13]]), array([[ 9,  2,  0,  0],
       [ 1,  8,  0,  1],
       [ 0,  1,  7,  2],
       [ 0,  1,  3, 11]]), array([[ 8,  2,  1,  0],
       [ 1,  9,  0,  0],
       [ 0,  0,  8,  2],
       [ 0,  0,  3, 11]]), array([[10,  1,  0,  0],
       [ 1,  8,  0,  1],
       [ 0,  1,  5,  3],
       [ 0,  1,  3, 11]]), array([[ 7,  4,  0,  0],
       [ 1,  6,  0,  2],
       [ 0,  1,  8,  1],
       [ 0,  0,  3, 12]]), array([[10,  1,  0,  0],
       [ 4,  4,  1,  0],
       [ 0,  0,  8,  2],
       [ 0,  1,  2, 12]]), array([[ 9,  2,  0,  0],
       [ 1,  8,  0,  0],
       [ 0,  0,  7,  3],
       [ 0,  0,  3, 12]]), array([[ 8,  3,  0,  0],
       [ 2,  7,  0,  0],
       [ 0,  2,  4,  4],
       [ 0,  0,  2, 13]])]"
50,"[1.0, 1.0, 1.0, 1.0, 1.0, 1.0, 1.0, 1.0, 1.0, 1.0]","[1.0, 1.0, 1.0, 1.0, 1.0, 1.0, 1.0, 1.0, 1.0, 1.0]","[1.0, 1.0, 1.0, 1.0, 1.0, 1.0, 1.0, 1.0, 1.0, 1.0]","[1.0, 1.0, 1.0, 1.0, 1.0, 1.0, 1.0, 1.0, 1.0, 1.0]","[1.0, 1.0, 1.0, 1.0, 1.0, 1.0, 1.0, 1.0, 1.0, 1.0]","[1.0, 1.0, 1.0, 1.0, 1.0, 1.0, 1.0, 1.0, 1.0, 1.0]","[1.0, 1.0, 1.0, 1.0, 1.0, 1.0, 1.0, 1.0, 1.0, 1.0]","[1.0, 1.0, 1.0, 1.0, 1.0, 1.0, 1.0, 1.0, 1.0, 1.0]","[1.0, 1.0, 1.0, 1.0, 1.0, 1.0, 1.0, 1.0, 1.0, 1.0]","[1.0, 1.0, 1.0, 1.0, 1.0, 1.0, 1.0, 1.0, 1.0, 1.0]","[array([[134,   0,   0,   0],
       [  0, 134,   0,   0],
       [  0,   0, 134,   0],
       [  0,   0,   0, 134]]), array([[134,   0,   0,   0],
       [  0, 134,   0,   0],
       [  0,   0, 134,   0],
       [  0,   0,   0, 134]]), array([[134,   0,   0,   0],
       [  0, 134,   0,   0],
       [  0,   0, 134,   0],
       [  0,   0,   0, 134]]), array([[134,   0,   0,   0],
       [  0, 134,   0,   0],
       [  0,   0, 134,   0],
       [  0,   0,   0, 134]]), array([[135,   0,   0,   0],
       [  0, 135,   0,   0],
       [  0,   0, 135,   0],
       [  0,   0,   0, 135]]), array([[134,   0,   0,   0],
       [  0, 134,   0,   0],
       [  0,   0, 134,   0],
       [  0,   0,   0, 134]]), array([[134,   0,   0,   0],
       [  0, 134,   0,   0],
       [  0,   0, 134,   0],
       [  0,   0,   0, 134]]), array([[134,   0,   0,   0],
       [  0, 134,   0,   0],
       [  0,   0, 134,   0],
       [  0,   0,   0, 134]]), array([[134,   0,   0,   0],
       [  0, 134,   0,   0],
       [  0,   0, 134,   0],
       [  0,   0,   0, 134]]), array([[134,   0,   0,   0],
       [  0, 134,   0,   0],
       [  0,   0, 134,   0],
       [  0,   0,   0, 134]])]","[0.717391304347826, 0.7391304347826086, 0.8043478260869565, 0.8043478260869565, 0.8, 0.7777777777777778, 0.7333333333333333, 0.7111111111111111, 0.8222222222222222, 0.7777777777777778]","[0.717391304347826, 0.7391304347826086, 0.8043478260869565, 0.8043478260869565, 0.8, 0.7777777777777778, 0.7333333333333333, 0.7111111111111111, 0.8222222222222222, 0.7777777777777778]","[0.717391304347826, 0.7391304347826086, 0.8043478260869565, 0.8043478260869565, 0.8, 0.7777777777777778, 0.7333333333333333, 0.7111111111111111, 0.8222222222222222, 0.7777777777777778]","[0.717391304347826, 0.7391304347826086, 0.8043478260869565, 0.8043478260869565, 0.8, 0.7777777777777778, 0.7333333333333333, 0.7111111111111111, 0.8222222222222222, 0.7777777777777778]","[0.7343750000000001, 0.735498366013072, 0.809375, 0.8068181818181819, 0.7961038961038961, 0.7674512987012987, 0.7373626373626374, 0.6964285714285714, 0.8244949494949494, 0.7837301587301587]","[0.7097222222222223, 0.7277777777777779, 0.7984848484848485, 0.8045454545454545, 0.7961038961038961, 0.7744949494949496, 0.728030303030303, 0.705050505050505, 0.8244949494949494, 0.7595959595959596]","[0.7073713323713324, 0.7291666666666667, 0.7991435088209282, 0.8047619047619048, 0.7952380952380952, 0.7685321777613867, 0.7202135774218155, 0.692003367003367, 0.8244949494949494, 0.7632785171484863]","[0.7409420289855073, 0.7356138107416881, 0.8095108695652173, 0.808102766798419, 0.8016161616161617, 0.7757936507936508, 0.7500366300366301, 0.7148148148148148, 0.8222222222222222, 0.7852910052910053]","[0.717391304347826, 0.7391304347826086, 0.8043478260869565, 0.8043478260869565, 0.8, 0.7777777777777778, 0.7333333333333333, 0.7111111111111111, 0.8222222222222222, 0.7777777777777778]","[0.7152895413764979, 0.7349033816425121, 0.8026346413443186, 0.8053830227743272, 0.8, 0.7745610260823241, 0.7298584625815746, 0.7040852974186308, 0.8222222222222222, 0.7733028352223398]","[array([[11,  1,  0,  0],
       [ 3,  5,  0,  1],
       [ 2,  0,  7,  1],
       [ 0,  0,  5, 10]]), array([[10,  1,  0,  1],
       [ 2,  7,  0,  0],
       [ 0,  1,  5,  4],
       [ 0,  0,  3, 12]]), array([[ 8,  3,  0,  0],
       [ 1,  9,  0,  0],
       [ 0,  0,  7,  3],
       [ 1,  0,  1, 13]]), array([[ 9,  2,  0,  0],
       [ 1,  8,  0,  1],
       [ 0,  0,  8,  2],
       [ 0,  1,  2, 12]]), array([[ 8,  2,  1,  0],
       [ 2,  8,  0,  0],
       [ 0,  0,  8,  2],
       [ 0,  0,  2, 12]]), array([[10,  1,  0,  0],
       [ 1,  9,  0,  0],
       [ 0,  1,  5,  3],
       [ 0,  1,  3, 11]]), array([[ 6,  4,  1,  0],
       [ 1,  6,  0,  2],
       [ 0,  0,  9,  1],
       [ 0,  0,  3, 12]]), array([[10,  1,  0,  0],
       [ 4,  4,  1,  0],
       [ 0,  0,  8,  2],
       [ 0,  2,  3, 10]]), array([[10,  1,  0,  0],
       [ 1,  8,  0,  0],
       [ 0,  0,  7,  3],
       [ 0,  0,  3, 12]]), array([[ 8,  3,  0,  0],
       [ 2,  7,  0,  0],
       [ 0,  0,  6,  4],
       [ 0,  0,  1, 14]])]"
100,"[1.0, 1.0, 1.0, 1.0, 1.0, 1.0, 1.0, 1.0, 1.0, 1.0]","[1.0, 1.0, 1.0, 1.0, 1.0, 1.0, 1.0, 1.0, 1.0, 1.0]","[1.0, 1.0, 1.0, 1.0, 1.0, 1.0, 1.0, 1.0, 1.0, 1.0]","[1.0, 1.0, 1.0, 1.0, 1.0, 1.0, 1.0, 1.0, 1.0, 1.0]","[1.0, 1.0, 1.0, 1.0, 1.0, 1.0, 1.0, 1.0, 1.0, 1.0]","[1.0, 1.0, 1.0, 1.0, 1.0, 1.0, 1.0, 1.0, 1.0, 1.0]","[1.0, 1.0, 1.0, 1.0, 1.0, 1.0, 1.0, 1.0, 1.0, 1.0]","[1.0, 1.0, 1.0, 1.0, 1.0, 1.0, 1.0, 1.0, 1.0, 1.0]","[1.0, 1.0, 1.0, 1.0, 1.0, 1.0, 1.0, 1.0, 1.0, 1.0]","[1.0, 1.0, 1.0, 1.0, 1.0, 1.0, 1.0, 1.0, 1.0, 1.0]","[array([[134,   0,   0,   0],
       [  0, 134,   0,   0],
       [  0,   0, 134,   0],
       [  0,   0,   0, 134]]), array([[134,   0,   0,   0],
       [  0, 134,   0,   0],
       [  0,   0, 134,   0],
       [  0,   0,   0, 134]]), array([[134,   0,   0,   0],
       [  0, 134,   0,   0],
       [  0,   0, 134,   0],
       [  0,   0,   0, 134]]), array([[134,   0,   0,   0],
       [  0, 134,   0,   0],
       [  0,   0, 134,   0],
       [  0,   0,   0, 134]]), array([[135,   0,   0,   0],
       [  0, 135,   0,   0],
       [  0,   0, 135,   0],
       [  0,   0,   0, 135]]), array([[134,   0,   0,   0],
       [  0, 134,   0,   0],
       [  0,   0, 134,   0],
       [  0,   0,   0, 134]]), array([[134,   0,   0,   0],
       [  0, 134,   0,   0],
       [  0,   0, 134,   0],
       [  0,   0,   0, 134]]), array([[134,   0,   0,   0],
       [  0, 134,   0,   0],
       [  0,   0, 134,   0],
       [  0,   0,   0, 134]]), array([[134,   0,   0,   0],
       [  0, 134,   0,   0],
       [  0,   0, 134,   0],
       [  0,   0,   0, 134]]), array([[134,   0,   0,   0],
       [  0, 134,   0,   0],
       [  0,   0, 134,   0],
       [  0,   0,   0, 134]])]","[0.717391304347826, 0.717391304347826, 0.8478260869565217, 0.7608695652173914, 0.8444444444444444, 0.7777777777777778, 0.7333333333333333, 0.7111111111111111, 0.8, 0.7111111111111111]","[0.717391304347826, 0.717391304347826, 0.8478260869565217, 0.7608695652173914, 0.8444444444444444, 0.7777777777777778, 0.7333333333333333, 0.7111111111111111, 0.8, 0.7111111111111111]","[0.717391304347826, 0.717391304347826, 0.8478260869565217, 0.7608695652173914, 0.8444444444444444, 0.7777777777777778, 0.7333333333333333, 0.7111111111111111, 0.8, 0.7111111111111111]","[0.717391304347826, 0.717391304347826, 0.8478260869565217, 0.7608695652173914, 0.8444444444444444, 0.7777777777777778, 0.7333333333333333, 0.7111111111111111, 0.8, 0.7111111111111111]","[0.7224025974025974, 0.7132936507936508, 0.8446428571428573, 0.7580808080808081, 0.8438311688311689, 0.7674512987012987, 0.7237713675213675, 0.6964285714285714, 0.80501443001443, 0.7036764705882352]","[0.7180555555555556, 0.6958333333333333, 0.8484848484848485, 0.7545454545454544, 0.8438311688311689, 0.7744949494949496, 0.7229797979797981, 0.705050505050505, 0.8078282828282828, 0.692929292929293]","[0.7075320512820513, 0.6981951871657754, 0.8441595760561278, 0.7554226475279107, 0.8428571428571429, 0.7685321777613867, 0.7177109974424551, 0.692003367003367, 0.8058167885754093, 0.6852678571428571]","[0.735742518351214, 0.7168737060041408, 0.8527950310559006, 0.7639437856829162, 0.8462626262626262, 0.7757936507936508, 0.7356362773029439, 0.7148148148148148, 0.8033189033189033, 0.7152723311546841]","[0.717391304347826, 0.717391304347826, 0.8478260869565217, 0.7608695652173914, 0.8444444444444444, 0.7777777777777778, 0.7333333333333333, 0.7111111111111111, 0.8, 0.7111111111111111]","[0.7136984392419174, 0.7108811904208324, 0.8480662266269462, 0.761632341723875, 0.8444444444444444, 0.7745610260823241, 0.7293378800795681, 0.7040852974186308, 0.8010217113665389, 0.701521164021164]","[array([[11,  1,  0,  0],
       [ 3,  5,  0,  1],
       [ 0,  1,  8,  1],
       [ 0,  0,  6,  9]]), array([[ 9,  2,  0,  1],
       [ 3,  6,  0,  0],
       [ 0,  1,  5,  4],
       [ 0,  0,  2, 13]]), array([[ 8,  3,  0,  0],
       [ 1,  9,  0,  0],
       [ 0,  0,  9,  1],
       [ 1,  0,  1, 13]]), array([[ 9,  2,  0,  0],
       [ 2,  7,  0,  1],
       [ 0,  1,  7,  2],
       [ 0,  1,  2, 12]]), array([[ 9,  2,  0,  0],
       [ 1,  9,  0,  0],
       [ 0,  0,  8,  2],
       [ 0,  0,  2, 12]]), array([[10,  1,  0,  0],
       [ 1,  9,  0,  0],
       [ 0,  1,  5,  3],
       [ 0,  1,  3, 11]]), array([[ 7,  3,  1,  0],
       [ 2,  5,  0,  2],
       [ 0,  0,  9,  1],
       [ 0,  0,  3, 12]]), array([[10,  1,  0,  0],
       [ 4,  4,  1,  0],
       [ 0,  0,  8,  2],
       [ 0,  2,  3, 10]]), array([[10,  1,  0,  0],
       [ 1,  8,  0,  0],
       [ 0,  0,  7,  3],
       [ 0,  0,  4, 11]]), array([[ 8,  3,  0,  0],
       [ 2,  7,  0,  0],
       [ 0,  2,  4,  4],
       [ 0,  0,  2, 13]])]"
500,"[1.0, 1.0, 1.0, 1.0, 1.0, 1.0, 1.0, 1.0, 1.0, 1.0]","[1.0, 1.0, 1.0, 1.0, 1.0, 1.0, 1.0, 1.0, 1.0, 1.0]","[1.0, 1.0, 1.0, 1.0, 1.0, 1.0, 1.0, 1.0, 1.0, 1.0]","[1.0, 1.0, 1.0, 1.0, 1.0, 1.0, 1.0, 1.0, 1.0, 1.0]","[1.0, 1.0, 1.0, 1.0, 1.0, 1.0, 1.0, 1.0, 1.0, 1.0]","[1.0, 1.0, 1.0, 1.0, 1.0, 1.0, 1.0, 1.0, 1.0, 1.0]","[1.0, 1.0, 1.0, 1.0, 1.0, 1.0, 1.0, 1.0, 1.0, 1.0]","[1.0, 1.0, 1.0, 1.0, 1.0, 1.0, 1.0, 1.0, 1.0, 1.0]","[1.0, 1.0, 1.0, 1.0, 1.0, 1.0, 1.0, 1.0, 1.0, 1.0]","[1.0, 1.0, 1.0, 1.0, 1.0, 1.0, 1.0, 1.0, 1.0, 1.0]","[array([[134,   0,   0,   0],
       [  0, 134,   0,   0],
       [  0,   0, 134,   0],
       [  0,   0,   0, 134]]), array([[134,   0,   0,   0],
       [  0, 134,   0,   0],
       [  0,   0, 134,   0],
       [  0,   0,   0, 134]]), array([[134,   0,   0,   0],
       [  0, 134,   0,   0],
       [  0,   0, 134,   0],
       [  0,   0,   0, 134]]), array([[134,   0,   0,   0],
       [  0, 134,   0,   0],
       [  0,   0, 134,   0],
       [  0,   0,   0, 134]]), array([[135,   0,   0,   0],
       [  0, 135,   0,   0],
       [  0,   0, 135,   0],
       [  0,   0,   0, 135]]), array([[134,   0,   0,   0],
       [  0, 134,   0,   0],
       [  0,   0, 134,   0],
       [  0,   0,   0, 134]]), array([[134,   0,   0,   0],
       [  0, 134,   0,   0],
       [  0,   0, 134,   0],
       [  0,   0,   0, 134]]), array([[134,   0,   0,   0],
       [  0, 134,   0,   0],
       [  0,   0, 134,   0],
       [  0,   0,   0, 134]]), array([[134,   0,   0,   0],
       [  0, 134,   0,   0],
       [  0,   0, 134,   0],
       [  0,   0,   0, 134]]), array([[134,   0,   0,   0],
       [  0, 134,   0,   0],
       [  0,   0, 134,   0],
       [  0,   0,   0, 134]])]","[0.717391304347826, 0.7391304347826086, 0.8043478260869565, 0.7608695652173914, 0.7777777777777778, 0.8222222222222222, 0.7333333333333333, 0.7111111111111111, 0.8, 0.7333333333333333]","[0.717391304347826, 0.7391304347826086, 0.8043478260869565, 0.7608695652173914, 0.7777777777777778, 0.8222222222222222, 0.7333333333333333, 0.7111111111111111, 0.8, 0.7333333333333333]","[0.717391304347826, 0.7391304347826086, 0.8043478260869565, 0.7608695652173914, 0.7777777777777778, 0.8222222222222222, 0.7333333333333333, 0.7111111111111111, 0.8, 0.7333333333333333]","[0.717391304347826, 0.7391304347826086, 0.8043478260869565, 0.7608695652173914, 0.7777777777777778, 0.8222222222222222, 0.7333333333333333, 0.7111111111111111, 0.8, 0.7333333333333333]","[0.7351190476190477, 0.7389346764346765, 0.809375, 0.7580808080808081, 0.7749999999999999, 0.8172619047619047, 0.7237713675213675, 0.6964285714285714, 0.8020833333333333, 0.7402777777777778]","[0.7180555555555556, 0.7166666666666667, 0.7984848484848485, 0.7545454545454544, 0.7711038961038962, 0.825, 0.7229797979797981, 0.705050505050505, 0.7967171717171717, 0.7095959595959596]","[0.7115384615384615, 0.7204991087344028, 0.7991435088209282, 0.7554226475279107, 0.7723727422003284, 0.8204522738630684, 0.7177109974424551, 0.692003367003367, 0.7982736572890026, 0.7025974025974026]","[0.736801242236025, 0.7381947762382545, 0.8095108695652173, 0.7639437856829162, 0.7777777777777778, 0.8193121693121693, 0.7356362773029439, 0.7148148148148148, 0.800925925925926, 0.7492592592592593]","[0.717391304347826, 0.7391304347826086, 0.8043478260869565, 0.7608695652173914, 0.7777777777777778, 0.8222222222222222, 0.7333333333333333, 0.7111111111111111, 0.8, 0.7333333333333333]","[0.713489409141583, 0.7315973029528017, 0.8026346413443186, 0.761632341723875, 0.7770479839445356, 0.820023321672497, 0.7293378800795681, 0.7040852974186308, 0.7994884910485933, 0.720923520923521]","[array([[11,  1,  0,  0],
       [ 3,  5,  0,  1],
       [ 0,  0,  8,  2],
       [ 0,  0,  6,  9]]), array([[10,  1,  0,  1],
       [ 3,  6,  0,  0],
       [ 0,  1,  5,  4],
       [ 0,  0,  2, 13]]), array([[ 8,  3,  0,  0],
       [ 1,  9,  0,  0],
       [ 0,  0,  7,  3],
       [ 1,  0,  1, 13]]), array([[ 9,  2,  0,  0],
       [ 2,  7,  0,  1],
       [ 0,  1,  7,  2],
       [ 0,  1,  2, 12]]), array([[ 8,  2,  1,  0],
       [ 2,  8,  0,  0],
       [ 0,  0,  7,  3],
       [ 0,  0,  2, 12]]), array([[11,  0,  0,  0],
       [ 1,  9,  0,  0],
       [ 0,  0,  6,  3],
       [ 0,  1,  3, 11]]), array([[ 7,  3,  1,  0],
       [ 2,  5,  0,  2],
       [ 0,  0,  9,  1],
       [ 0,  0,  3, 12]]), array([[10,  1,  0,  0],
       [ 4,  4,  1,  0],
       [ 0,  0,  8,  2],
       [ 0,  2,  3, 10]]), array([[10,  1,  0,  0],
       [ 2,  7,  0,  0],
       [ 0,  0,  7,  3],
       [ 0,  0,  3, 12]]), array([[ 8,  3,  0,  0],
       [ 2,  7,  0,  0],
       [ 0,  2,  4,  4],
       [ 0,  0,  1, 14]])]"
1000,"[1.0, 1.0, 1.0, 1.0, 1.0, 1.0, 1.0, 1.0, 1.0, 1.0]","[1.0, 1.0, 1.0, 1.0, 1.0, 1.0, 1.0, 1.0, 1.0, 1.0]","[1.0, 1.0, 1.0, 1.0, 1.0, 1.0, 1.0, 1.0, 1.0, 1.0]","[1.0, 1.0, 1.0, 1.0, 1.0, 1.0, 1.0, 1.0, 1.0, 1.0]","[1.0, 1.0, 1.0, 1.0, 1.0, 1.0, 1.0, 1.0, 1.0, 1.0]","[1.0, 1.0, 1.0, 1.0, 1.0, 1.0, 1.0, 1.0, 1.0, 1.0]","[1.0, 1.0, 1.0, 1.0, 1.0, 1.0, 1.0, 1.0, 1.0, 1.0]","[1.0, 1.0, 1.0, 1.0, 1.0, 1.0, 1.0, 1.0, 1.0, 1.0]","[1.0, 1.0, 1.0, 1.0, 1.0, 1.0, 1.0, 1.0, 1.0, 1.0]","[1.0, 1.0, 1.0, 1.0, 1.0, 1.0, 1.0, 1.0, 1.0, 1.0]","[array([[134,   0,   0,   0],
       [  0, 134,   0,   0],
       [  0,   0, 134,   0],
       [  0,   0,   0, 134]]), array([[134,   0,   0,   0],
       [  0, 134,   0,   0],
       [  0,   0, 134,   0],
       [  0,   0,   0, 134]]), array([[134,   0,   0,   0],
       [  0, 134,   0,   0],
       [  0,   0, 134,   0],
       [  0,   0,   0, 134]]), array([[134,   0,   0,   0],
       [  0, 134,   0,   0],
       [  0,   0, 134,   0],
       [  0,   0,   0, 134]]), array([[135,   0,   0,   0],
       [  0, 135,   0,   0],
       [  0,   0, 135,   0],
       [  0,   0,   0, 135]]), array([[134,   0,   0,   0],
       [  0, 134,   0,   0],
       [  0,   0, 134,   0],
       [  0,   0,   0, 134]]), array([[134,   0,   0,   0],
       [  0, 134,   0,   0],
       [  0,   0, 134,   0],
       [  0,   0,   0, 134]]), array([[134,   0,   0,   0],
       [  0, 134,   0,   0],
       [  0,   0, 134,   0],
       [  0,   0,   0, 134]]), array([[134,   0,   0,   0],
       [  0, 134,   0,   0],
       [  0,   0, 134,   0],
       [  0,   0,   0, 134]]), array([[134,   0,   0,   0],
       [  0, 134,   0,   0],
       [  0,   0, 134,   0],
       [  0,   0,   0, 134]])]","[0.6956521739130435, 0.7391304347826086, 0.8260869565217391, 0.782608695652174, 0.7777777777777778, 0.8, 0.7555555555555555, 0.7111111111111111, 0.8, 0.7555555555555555]","[0.6956521739130435, 0.7391304347826086, 0.8260869565217391, 0.782608695652174, 0.7777777777777778, 0.8, 0.7555555555555555, 0.7111111111111111, 0.8, 0.7555555555555555]","[0.6956521739130435, 0.7391304347826086, 0.8260869565217391, 0.782608695652174, 0.7777777777777778, 0.8, 0.7555555555555555, 0.7111111111111111, 0.8, 0.7555555555555555]","[0.6956521739130435, 0.7391304347826086, 0.8260869565217391, 0.782608695652174, 0.7777777777777778, 0.8, 0.7555555555555555, 0.7111111111111111, 0.8, 0.7555555555555555]","[0.700974025974026, 0.7389346764346765, 0.826388888888889, 0.7888888888888888, 0.7749999999999999, 0.80501443001443, 0.7584935897435896, 0.6964285714285714, 0.7987012987012987, 0.7932017543859649]","[0.6902777777777779, 0.7166666666666667, 0.8234848484848486, 0.7818181818181817, 0.7711038961038962, 0.805050505050505, 0.7507575757575757, 0.705050505050505, 0.8078282828282828, 0.7262626262626263]","[0.677948717948718, 0.7204991087344028, 0.8222146274777854, 0.7818181818181817, 0.7723727422003284, 0.8024542154759942, 0.7465293668954995, 0.692003367003367, 0.8024542154759942, 0.7205882352941175]","[0.718144174665914, 0.7381947762382545, 0.8301932367149759, 0.7922705314009661, 0.7777777777777778, 0.8089305755972421, 0.7677350427350427, 0.7148148148148148, 0.7996825396825396, 0.7976023391812865]","[0.6956521739130435, 0.7391304347826086, 0.8260869565217391, 0.782608695652174, 0.7777777777777778, 0.8, 0.7555555555555555, 0.7111111111111111, 0.8, 0.7555555555555555]","[0.6899665551839466, 0.7315973029528017, 0.8257352868336849, 0.7841897233201582, 0.7770479839445356, 0.8022302883645895, 0.7540300025425883, 0.7040852974186308, 0.7990723936277474, 0.7406784936196701]","[array([[11,  1,  0,  0],
       [ 3,  4,  1,  1],
       [ 0,  1,  8,  1],
       [ 0,  0,  6,  9]]), array([[10,  1,  0,  1],
       [ 3,  6,  0,  0],
       [ 0,  1,  5,  4],
       [ 0,  0,  2, 13]]), array([[ 8,  3,  0,  0],
       [ 1,  9,  0,  0],
       [ 0,  0,  8,  2],
       [ 1,  0,  1, 13]]), array([[ 8,  3,  0,  0],
       [ 1,  8,  0,  1],
       [ 0,  0,  8,  2],
       [ 0,  1,  2, 12]]), array([[ 8,  2,  1,  0],
       [ 2,  8,  0,  0],
       [ 0,  0,  7,  3],
       [ 0,  0,  2, 12]]), array([[10,  0,  1,  0],
       [ 1,  8,  0,  1],
       [ 0,  0,  7,  2],
       [ 0,  1,  3, 11]]), array([[ 7,  3,  1,  0],
       [ 1,  6,  0,  2],
       [ 0,  0,  9,  1],
       [ 0,  0,  3, 12]]), array([[10,  1,  0,  0],
       [ 4,  4,  1,  0],
       [ 0,  0,  8,  2],
       [ 0,  2,  3, 10]]), array([[10,  1,  0,  0],
       [ 1,  8,  0,  0],
       [ 0,  0,  7,  3],
       [ 0,  1,  3, 11]]), array([[ 8,  3,  0,  0],
       [ 2,  7,  0,  0],
       [ 0,  2,  4,  4],
       [ 0,  0,  0, 15]])]"
