gamma value,Train_Accuracy,Train_Precision_micro,Train_Recall_micro,Train_f1_micro,Train_Precision_macro,Train_Recall_macro,Train_f1_macro,Train_Precision_weighted,Train_Recall_weighted,Train_f1_weighted,Train_Confusion_Matrix,Test_Accuracy,Test_Precision_micro,Test_Recall_micro,Test_f1_micro,Test_Precision_macro,Test_Recall_macro,Test_f1_macro,Test_Precision_weighted,Test_Recall_weighted,Test_f1_weighted,Test_Confusion_Matrix
0.001,"[0.8656716417910447, 0.8582089552238806, 0.8656716417910447, 0.8638059701492538, 0.8759259259259259, 0.8470149253731343, 0.875, 0.8488805970149254, 0.8656716417910447, 0.8638059701492538]","[0.8656716417910447, 0.8582089552238806, 0.8656716417910447, 0.8638059701492538, 0.8759259259259259, 0.8470149253731343, 0.875, 0.8488805970149254, 0.8656716417910447, 0.8638059701492538]","[0.8656716417910447, 0.8582089552238806, 0.8656716417910447, 0.8638059701492538, 0.8759259259259259, 0.8470149253731343, 0.875, 0.8488805970149254, 0.8656716417910447, 0.8638059701492538]","[0.8656716417910447, 0.8582089552238806, 0.8656716417910447, 0.8638059701492538, 0.8759259259259259, 0.8470149253731343, 0.875, 0.8488805970149254, 0.8656716417910447, 0.8638059701492538]","[0.8669861818524807, 0.859719371465061, 0.8674325583143279, 0.8648705859295587, 0.8772732134046002, 0.849132662742746, 0.8753118815380266, 0.8511947027293607, 0.8661779516965052, 0.867956385066398]","[0.8656716417910447, 0.8582089552238806, 0.8656716417910448, 0.8638059701492538, 0.8759259259259259, 0.8470149253731343, 0.875, 0.8488805970149254, 0.8656716417910448, 0.8638059701492538]","[0.8657270713076549, 0.8567132488762412, 0.8661426331803754, 0.8631599686262754, 0.8755799478064608, 0.8468249454269265, 0.8746299539107363, 0.8492466772656622, 0.865094639881924, 0.8633282728395568]","[0.8669861818524807, 0.859719371465061, 0.8674325583143279, 0.8648705859295587, 0.8772732134046003, 0.849132662742746, 0.8753118815380265, 0.8511947027293605, 0.8661779516965051, 0.8679563850663982]","[0.8656716417910447, 0.8582089552238806, 0.8656716417910447, 0.8638059701492538, 0.8759259259259259, 0.8470149253731343, 0.875, 0.8488805970149254, 0.8656716417910447, 0.8638059701492538]","[0.8657270713076548, 0.8567132488762411, 0.8661426331803753, 0.8631599686262754, 0.8755799478064606, 0.8468249454269265, 0.8746299539107364, 0.849246677265662, 0.865094639881924, 0.8633282728395568]","[array([[117,  13,   0,   4],
       [ 17, 110,   0,   7],
       [  0,   0, 119,  15],
       [  1,   1,  14, 118]]), array([[119,  13,   1,   1],
       [ 25,  99,   0,  10],
       [  0,   0, 126,   8],
       [  1,   0,  17, 116]]), array([[118,  11,   1,   4],
       [ 13, 115,   0,   6],
       [  0,   0, 116,  18],
       [  0,   1,  18, 115]]), array([[119,  12,   0,   3],
       [ 20, 108,   0,   6],
       [  0,   0, 125,   9],
       [  0,   1,  22, 111]]), array([[121,   9,   1,   4],
       [ 19, 110,   0,   6],
       [  0,   0, 125,  10],
       [  0,   1,  17, 117]]), array([[118,  11,   0,   5],
       [ 23, 105,   0,   6],
       [  0,   0, 118,  16],
       [  0,   1,  20, 113]]), array([[118,  13,   0,   3],
       [ 17, 112,   0,   5],
       [  0,   0, 125,   9],
       [  0,   1,  19, 114]]), array([[116,  13,   1,   4],
       [ 15, 109,   0,  10],
       [  0,   0, 117,  17],
       [  1,   0,  20, 113]]), array([[118,  13,   1,   2],
       [ 20, 107,   0,   7],
       [  0,   0, 124,  10],
       [  0,   1,  18, 115]]), array([[125,   7,   1,   1],
       [ 21, 104,   0,   9],
       [  0,   0, 118,  16],
       [  1,   0,  17, 116]])]","[0.8043478260869565, 0.8043478260869565, 0.8043478260869565, 0.8478260869565217, 0.7777777777777778, 0.9333333333333333, 0.7777777777777778, 0.9111111111111111, 0.8222222222222222, 0.8222222222222222]","[0.8043478260869565, 0.8043478260869565, 0.8043478260869565, 0.8478260869565217, 0.7777777777777778, 0.9333333333333333, 0.7777777777777778, 0.9111111111111111, 0.8222222222222222, 0.8222222222222222]","[0.8043478260869565, 0.8043478260869565, 0.8043478260869565, 0.8478260869565217, 0.7777777777777778, 0.9333333333333333, 0.7777777777777778, 0.9111111111111111, 0.8222222222222222, 0.8222222222222222]","[0.8043478260869565, 0.8043478260869565, 0.8043478260869565, 0.8478260869565217, 0.7777777777777778, 0.9333333333333333, 0.7777777777777778, 0.9111111111111111, 0.8222222222222222, 0.8222222222222222]","[0.8333333333333334, 0.8127042483660131, 0.8135212418300652, 0.8482954545454546, 0.7762626262626262, 0.9333333333333333, 0.7975744843391903, 0.9198717948717949, 0.8231872294372294, 0.8573232323232324]","[0.8083333333333332, 0.7944444444444444, 0.7924242424242425, 0.8439393939393939, 0.7711038961038962, 0.9356060606060606, 0.7712121212121212, 0.9111111111111111, 0.8217171717171716, 0.817929292929293]","[0.8034544159544159, 0.8015512125902993, 0.7953050239234449, 0.8427881297446514, 0.7720594589923083, 0.9332706766917294, 0.7797619047619048, 0.907332251082251, 0.8206463994893309, 0.8300054112554112]","[0.8307453416149069, 0.8070296959363455, 0.815945581131003, 0.8499670619235837, 0.7789001122334456, 0.9355555555555556, 0.7883388506917919, 0.9253561253561254, 0.8260341510341511, 0.8398428731762065]","[0.8043478260869565, 0.8043478260869565, 0.8043478260869565, 0.8478260869565217, 0.7777777777777778, 0.9333333333333333, 0.7777777777777778, 0.9111111111111111, 0.8222222222222222, 0.8222222222222222]","[0.8019137866963952, 0.8036453425763898, 0.8026965883087165, 0.845965733489363, 0.776769509981851, 0.9333890281258702, 0.7788359788359789, 0.9106180856180857, 0.8224405071040577, 0.8236580086580088]","[array([[12,  0,  0,  0],
       [ 2,  6,  0,  1],
       [ 0,  0,  9,  1],
       [ 0,  0,  5, 10]]), array([[10,  1,  0,  1],
       [ 2,  7,  0,  0],
       [ 0,  0,  7,  3],
       [ 0,  0,  2, 13]]), array([[ 7,  4,  0,  0],
       [ 1,  8,  0,  1],
       [ 0,  0,  8,  2],
       [ 0,  0,  1, 14]]), array([[10,  0,  1,  0],
       [ 2,  7,  0,  1],
       [ 0,  0,  9,  1],
       [ 0,  1,  1, 13]]), array([[ 8,  3,  0,  0],
       [ 2,  8,  0,  0],
       [ 0,  0,  7,  3],
       [ 0,  0,  2, 12]]), array([[10,  1,  0,  0],
       [ 0,  9,  0,  1],
       [ 0,  0,  9,  0],
       [ 0,  0,  1, 14]]), array([[ 9,  1,  0,  1],
       [ 1,  6,  0,  2],
       [ 0,  0,  8,  2],
       [ 0,  0,  3, 12]]), array([[11,  0,  0,  0],
       [ 2,  7,  0,  0],
       [ 0,  0, 10,  0],
       [ 0,  0,  2, 13]]), array([[10,  1,  0,  0],
       [ 2,  7,  0,  0],
       [ 0,  0,  8,  2],
       [ 0,  0,  3, 12]]), array([[ 8,  0,  0,  3],
       [ 1,  7,  0,  1],
       [ 0,  0,  9,  1],
       [ 0,  0,  2, 13]])]"
0.005,"[0.9029850746268657, 0.9067164179104478, 0.9123134328358209, 0.917910447761194, 0.912962962962963, 0.8973880597014925, 0.9253731343283582, 0.9104477611940298, 0.9123134328358209, 0.9160447761194029]","[0.9029850746268657, 0.9067164179104478, 0.9123134328358209, 0.917910447761194, 0.912962962962963, 0.8973880597014925, 0.9253731343283582, 0.9104477611940298, 0.9123134328358209, 0.9160447761194029]","[0.9029850746268657, 0.9067164179104478, 0.9123134328358209, 0.917910447761194, 0.912962962962963, 0.8973880597014925, 0.9253731343283582, 0.9104477611940298, 0.9123134328358209, 0.9160447761194029]","[0.9029850746268657, 0.9067164179104478, 0.9123134328358209, 0.917910447761194, 0.912962962962963, 0.8973880597014925, 0.9253731343283582, 0.9104477611940298, 0.9123134328358209, 0.9160447761194029]","[0.9031497291435701, 0.9075926859318997, 0.9127508800218723, 0.9186455218776467, 0.9136942631303533, 0.8977053904584221, 0.9260090346547969, 0.9117243538751891, 0.9127708953757521, 0.916635807959121]","[0.9029850746268657, 0.9067164179104478, 0.9123134328358209, 0.917910447761194, 0.912962962962963, 0.8973880597014925, 0.9253731343283582, 0.9104477611940299, 0.9123134328358209, 0.9160447761194029]","[0.9028517284016989, 0.9062934944397548, 0.912340588480213, 0.9178904852276087, 0.9127327533348912, 0.8973210090407161, 0.9252659692688981, 0.910423012477795, 0.9121869619525315, 0.9160435470867009]","[0.9031497291435701, 0.9075926859318996, 0.9127508800218724, 0.9186455218776467, 0.9136942631303534, 0.8977053904584222, 0.9260090346547969, 0.9117243538751891, 0.9127708953757521, 0.916635807959121]","[0.9029850746268657, 0.9067164179104478, 0.9123134328358209, 0.917910447761194, 0.912962962962963, 0.8973880597014925, 0.9253731343283582, 0.9104477611940298, 0.9123134328358209, 0.9160447761194029]","[0.9028517284016988, 0.9062934944397547, 0.912340588480213, 0.9178904852276087, 0.9127327533348912, 0.8973210090407161, 0.9252659692688981, 0.9104230124777949, 0.9121869619525317, 0.9160435470867008]","[array([[121,  12,   0,   1],
       [ 12, 119,   0,   3],
       [  0,   0, 126,   8],
       [  0,   1,  15, 118]]), array([[126,   8,   0,   0],
       [ 14, 115,   0,   5],
       [  0,   0, 128,   6],
       [  0,   1,  16, 117]]), array([[125,   9,   0,   0],
       [  6, 125,   0,   3],
       [  0,   0, 123,  11],
       [  0,   1,  17, 116]]), array([[124,   9,   0,   1],
       [  7, 125,   0,   2],
       [  0,   0, 126,   8],
       [  0,   0,  17, 117]]), array([[123,  11,   0,   1],
       [  7, 121,   0,   7],
       [  0,   0, 131,   4],
       [  0,   1,  16, 118]]), array([[123,  10,   0,   1],
       [ 11, 117,   0,   6],
       [  0,   0, 124,  10],
       [  0,   1,  16, 117]]), array([[128,   5,   0,   1],
       [  9, 123,   0,   2],
       [  0,   0, 127,   7],
       [  0,   1,  15, 118]]), array([[121,  12,   0,   1],
       [  3, 127,   0,   4],
       [  0,   0, 125,   9],
       [  1,   1,  17, 115]]), array([[124,   9,   0,   1],
       [  9, 121,   0,   4],
       [  0,   0, 127,   7],
       [  0,   1,  16, 117]]), array([[124,   9,   0,   1],
       [  6, 124,   0,   4],
       [  0,   0, 126,   8],
       [  0,   1,  16, 117]])]","[0.7391304347826086, 0.8260869565217391, 0.8478260869565217, 0.8478260869565217, 0.8, 0.9333333333333333, 0.7777777777777778, 0.8888888888888888, 0.8222222222222222, 0.8444444444444444]","[0.7391304347826086, 0.8260869565217391, 0.8478260869565217, 0.8478260869565217, 0.8, 0.9333333333333333, 0.7777777777777778, 0.8888888888888888, 0.8222222222222222, 0.8444444444444444]","[0.7391304347826086, 0.8260869565217391, 0.8478260869565217, 0.8478260869565217, 0.8, 0.9333333333333333, 0.7777777777777778, 0.8888888888888888, 0.8222222222222222, 0.8444444444444444]","[0.7391304347826086, 0.8260869565217391, 0.8478260869565217, 0.8478260869565217, 0.8, 0.9333333333333333, 0.7777777777777778, 0.8888888888888888, 0.8222222222222222, 0.8444444444444444]","[0.7851648351648352, 0.8351158645276292, 0.8668269230769231, 0.8389610389610389, 0.7989898989898989, 0.9375, 0.7760416666666666, 0.8854166666666667, 0.8277000777000777, 0.8707219251336898]","[0.7277777777777777, 0.8222222222222223, 0.8424242424242425, 0.8462121212121212, 0.7938311688311689, 0.9333333333333333, 0.7674242424242425, 0.8883838383838384, 0.8328282828282829, 0.8406565656565657]","[0.7213064713064713, 0.8269490528858378, 0.8409030699703912, 0.8417786236751753, 0.7956525325853819, 0.9315280956013221, 0.7651000668827495, 0.8826892417045871, 0.8277417027417027, 0.8504464285714286]","[0.7794075489727664, 0.8295099330904957, 0.8706103678929765, 0.848249576510446, 0.7995061728395062, 0.9374074074074074, 0.7847222222222222, 0.8972222222222223, 0.8301994301994302, 0.8567201426024954]","[0.7391304347826086, 0.8260869565217391, 0.8478260869565217, 0.8478260869565217, 0.8, 0.9333333333333333, 0.7777777777777778, 0.8888888888888888, 0.8222222222222222, 0.8444444444444444]","[0.7301321866539258, 0.8258848622027659, 0.8463049914967715, 0.8472192475190977, 0.7989917322040735, 0.9319320846399413, 0.774838366688961, 0.8888102803703826, 0.8235209235209235, 0.8458333333333333]","[array([[12,  0,  0,  0],
       [ 3,  4,  1,  1],
       [ 0,  0,  8,  2],
       [ 0,  0,  5, 10]]), array([[10,  1,  0,  1],
       [ 1,  8,  0,  0],
       [ 0,  0,  7,  3],
       [ 0,  0,  2, 13]]), array([[ 7,  4,  0,  0],
       [ 0,  9,  0,  1],
       [ 0,  0,  9,  1],
       [ 0,  0,  1, 14]]), array([[ 9,  2,  0,  0],
       [ 2,  7,  0,  1],
       [ 0,  0, 10,  0],
       [ 0,  1,  1, 13]]), array([[ 9,  2,  0,  0],
       [ 2,  8,  0,  0],
       [ 0,  0,  7,  3],
       [ 0,  0,  2, 12]]), array([[11,  0,  0,  0],
       [ 1,  8,  0,  1],
       [ 0,  0,  9,  0],
       [ 0,  0,  1, 14]]), array([[ 7,  3,  1,  0],
       [ 1,  6,  0,  2],
       [ 0,  0,  9,  1],
       [ 0,  0,  2, 13]]), array([[10,  1,  0,  0],
       [ 2,  7,  0,  0],
       [ 0,  0, 10,  0],
       [ 0,  0,  2, 13]]), array([[10,  1,  0,  0],
       [ 1,  8,  0,  0],
       [ 0,  0,  8,  2],
       [ 0,  0,  4, 11]]), array([[ 9,  0,  0,  2],
       [ 1,  7,  0,  1],
       [ 0,  0,  9,  1],
       [ 0,  0,  2, 13]])]"
0.01,"[0.9384328358208955, 0.9384328358208955, 0.9309701492537313, 0.9384328358208955, 0.9351851851851852, 0.9216417910447762, 0.9347014925373134, 0.9272388059701493, 0.9309701492537313, 0.9309701492537313]","[0.9384328358208955, 0.9384328358208955, 0.9309701492537313, 0.9384328358208955, 0.9351851851851852, 0.9216417910447762, 0.9347014925373134, 0.9272388059701493, 0.9309701492537313, 0.9309701492537313]","[0.9384328358208955, 0.9384328358208955, 0.9309701492537313, 0.9384328358208955, 0.9351851851851852, 0.9216417910447762, 0.9347014925373134, 0.9272388059701493, 0.9309701492537313, 0.9309701492537313]","[0.9384328358208955, 0.9384328358208955, 0.9309701492537313, 0.9384328358208955, 0.9351851851851852, 0.9216417910447762, 0.9347014925373134, 0.9272388059701493, 0.9309701492537313, 0.9309701492537313]","[0.9396606280852197, 0.9404695799663837, 0.9322977335924822, 0.9408660026841845, 0.9362647010910692, 0.9226721101347684, 0.9353036173651735, 0.9281294475503443, 0.9316113127396126, 0.9325887836402083]","[0.9384328358208955, 0.9384328358208955, 0.9309701492537313, 0.9384328358208954, 0.9351851851851852, 0.9216417910447762, 0.9347014925373135, 0.9272388059701492, 0.9309701492537313, 0.9309701492537313]","[0.9382588173836186, 0.9381980772734287, 0.9307571877984357, 0.938258661898566, 0.9350082316739702, 0.9216443702223879, 0.9346026934122038, 0.9273864116449668, 0.9309928499187055, 0.9307609133205148]","[0.9396606280852198, 0.9404695799663837, 0.9322977335924822, 0.9408660026841846, 0.9362647010910691, 0.9226721101347684, 0.9353036173651735, 0.9281294475503444, 0.9316113127396126, 0.9325887836402083]","[0.9384328358208955, 0.9384328358208955, 0.9309701492537313, 0.9384328358208955, 0.9351851851851852, 0.9216417910447762, 0.9347014925373134, 0.9272388059701493, 0.9309701492537313, 0.9309701492537313]","[0.9382588173836186, 0.9381980772734287, 0.9307571877984359, 0.9382586618985661, 0.9350082316739702, 0.9216443702223879, 0.9346026934122037, 0.9273864116449667, 0.9309928499187055, 0.9307609133205149]","[array([[128,   5,   0,   1],
       [  6, 126,   0,   2],
       [  0,   0, 131,   3],
       [  0,   1,  15, 118]]), array([[130,   4,   0,   0],
       [  4, 127,   0,   3],
       [  0,   0, 131,   3],
       [  0,   1,  18, 115]]), array([[130,   4,   0,   0],
       [  7, 124,   0,   3],
       [  0,   0, 129,   5],
       [  0,   1,  17, 116]]), array([[129,   4,   0,   1],
       [  6, 126,   0,   2],
       [  0,   0, 132,   2],
       [  0,   0,  18, 116]]), array([[132,   3,   0,   0],
       [  6, 125,   0,   4],
       [  0,   0, 130,   5],
       [  0,   1,  16, 118]]), array([[126,   8,   0,   0],
       [  3, 128,   0,   3],
       [  0,   0, 125,   9],
       [  0,   1,  18, 115]]), array([[130,   4,   0,   0],
       [  6, 126,   0,   2],
       [  0,   0, 127,   7],
       [  0,   1,  15, 118]]), array([[128,   6,   0,   0],
       [  1, 129,   0,   4],
       [  0,   0, 124,  10],
       [  0,   1,  17, 116]]), array([[127,   7,   0,   0],
       [  3, 128,   0,   3],
       [  0,   0, 126,   8],
       [  0,   1,  15, 118]]), array([[126,   7,   0,   1],
       [  5, 126,   0,   3],
       [  0,   0, 131,   3],
       [  0,   1,  17, 116]])]","[0.782608695652174, 0.8478260869565217, 0.8260869565217391, 0.8478260869565217, 0.8, 0.9333333333333333, 0.7777777777777778, 0.8666666666666667, 0.8222222222222222, 0.8888888888888888]","[0.782608695652174, 0.8478260869565217, 0.8260869565217391, 0.8478260869565217, 0.8, 0.9333333333333333, 0.7777777777777778, 0.8666666666666667, 0.8222222222222222, 0.8888888888888888]","[0.782608695652174, 0.8478260869565217, 0.8260869565217391, 0.8478260869565217, 0.8, 0.9333333333333333, 0.7777777777777778, 0.8666666666666667, 0.8222222222222222, 0.8888888888888888]","[0.782608695652174, 0.8478260869565217, 0.8260869565217391, 0.8478260869565217, 0.8, 0.9333333333333333, 0.7777777777777778, 0.8666666666666667, 0.8222222222222222, 0.8888888888888888]","[0.8226190476190477, 0.8606209150326797, 0.8452380952380952, 0.8389610389610389, 0.8054029304029303, 0.9328282828282828, 0.7760416666666666, 0.86492673992674, 0.8397435897435898, 0.9038461538461539]","[0.7805555555555556, 0.85, 0.8257575757575758, 0.8462121212121212, 0.7987012987012987, 0.9328282828282828, 0.7674242424242425, 0.8606060606060606, 0.8277777777777777, 0.8944444444444444]","[0.7745258445258445, 0.8514503588516746, 0.8194444444444445, 0.8417786236751753, 0.7994987468671679, 0.9317460317460318, 0.7651000668827495, 0.8544254658385093, 0.8261634199134198, 0.8875301932367149]","[0.8214285714285714, 0.8553992611537369, 0.8509316770186335, 0.848249576510446, 0.802849002849003, 0.9353535353535354, 0.7847222222222222, 0.8794057794057794, 0.837037037037037, 0.9111111111111111]","[0.782608695652174, 0.8478260869565217, 0.8260869565217391, 0.8478260869565217, 0.8, 0.9333333333333333, 0.7777777777777778, 0.8666666666666667, 0.8222222222222222, 0.8888888888888888]","[0.7786218612305568, 0.8476375598086123, 0.823671497584541, 0.8472192475190977, 0.7990253411306043, 0.9333333333333333, 0.774838366688961, 0.865320910973085, 0.8225949975949974, 0.8886070853462157]","[array([[12,  0,  0,  0],
       [ 2,  5,  1,  1],
       [ 0,  0,  9,  1],
       [ 0,  0,  5, 10]]), array([[10,  1,  0,  1],
       [ 0,  9,  0,  0],
       [ 0,  0,  7,  3],
       [ 0,  0,  2, 13]]), array([[ 7,  4,  0,  0],
       [ 0, 10,  0,  0],
       [ 0,  0,  8,  2],
       [ 0,  0,  2, 13]]), array([[ 9,  2,  0,  0],
       [ 2,  7,  0,  1],
       [ 0,  0, 10,  0],
       [ 0,  1,  1, 13]]), array([[10,  1,  0,  0],
       [ 2,  8,  0,  0],
       [ 0,  0,  7,  3],
       [ 1,  0,  2, 11]]), array([[10,  1,  0,  0],
       [ 0, 10,  0,  0],
       [ 0,  0,  8,  1],
       [ 0,  0,  1, 14]]), array([[ 7,  3,  1,  0],
       [ 1,  6,  0,  2],
       [ 0,  0,  9,  1],
       [ 0,  0,  2, 13]]), array([[10,  1,  0,  0],
       [ 2,  6,  1,  0],
       [ 0,  0, 10,  0],
       [ 0,  0,  2, 13]]), array([[11,  0,  0,  0],
       [ 2,  7,  0,  0],
       [ 0,  0,  8,  2],
       [ 0,  0,  4, 11]]), array([[11,  0,  0,  0],
       [ 2,  7,  0,  0],
       [ 0,  0, 10,  0],
       [ 0,  0,  3, 12]])]"
0.05,"[0.9850746268656716, 0.9832089552238806, 0.9832089552238806, 0.9813432835820896, 0.987037037037037, 0.9776119402985075, 0.9850746268656716, 0.9869402985074627, 0.9906716417910447, 0.9850746268656716]","[0.9850746268656716, 0.9832089552238806, 0.9832089552238806, 0.9813432835820896, 0.987037037037037, 0.9776119402985075, 0.9850746268656716, 0.9869402985074627, 0.9906716417910447, 0.9850746268656716]","[0.9850746268656716, 0.9832089552238806, 0.9832089552238806, 0.9813432835820896, 0.987037037037037, 0.9776119402985075, 0.9850746268656716, 0.9869402985074627, 0.9906716417910447, 0.9850746268656716]","[0.9850746268656716, 0.9832089552238806, 0.9832089552238806, 0.9813432835820896, 0.987037037037037, 0.9776119402985075, 0.9850746268656716, 0.9869402985074627, 0.9906716417910447, 0.9850746268656716]","[0.9859154929577465, 0.9842657342657343, 0.9838470988998715, 0.9826388888888888, 0.9876760563380281, 0.9788866487455197, 0.9859154929577465, 0.9872706485974012, 0.9910071942446044, 0.9859154929577465]","[0.9850746268656716, 0.9832089552238806, 0.9832089552238805, 0.9813432835820896, 0.987037037037037, 0.9776119402985074, 0.9850746268656716, 0.9869402985074627, 0.9906716417910448, 0.9850746268656716]","[0.9850613154960981, 0.9831899976304308, 0.9831974921630094, 0.9813172717639842, 0.9870283180738768, 0.977580726116781, 0.9850613154960981, 0.9869357511943063, 0.9906683937102188, 0.9850613154960981]","[0.9859154929577466, 0.9842657342657344, 0.9838470988998715, 0.982638888888889, 0.9876760563380281, 0.9788866487455197, 0.9859154929577466, 0.9872706485974012, 0.9910071942446043, 0.9859154929577466]","[0.9850746268656716, 0.9832089552238806, 0.9832089552238806, 0.9813432835820896, 0.987037037037037, 0.9776119402985075, 0.9850746268656716, 0.9869402985074627, 0.9906716417910447, 0.9850746268656716]","[0.985061315496098, 0.9831899976304309, 0.9831974921630093, 0.9813172717639842, 0.9870283180738768, 0.9775807261167812, 0.985061315496098, 0.9869357511943063, 0.9906683937102188, 0.985061315496098]","[array([[134,   0,   0,   0],
       [  0, 134,   0,   0],
       [  0,   0, 134,   0],
       [  0,   0,   8, 126]]), array([[134,   0,   0,   0],
       [  0, 134,   0,   0],
       [  0,   0, 134,   0],
       [  0,   0,   9, 125]]), array([[134,   0,   0,   0],
       [  0, 134,   0,   0],
       [  0,   0, 133,   1],
       [  0,   0,   8, 126]]), array([[134,   0,   0,   0],
       [  0, 134,   0,   0],
       [  0,   0, 134,   0],
       [  0,   0,  10, 124]]), array([[135,   0,   0,   0],
       [  0, 135,   0,   0],
       [  0,   0, 135,   0],
       [  0,   0,   7, 128]]), array([[134,   0,   0,   0],
       [  0, 134,   0,   0],
       [  0,   0, 133,   1],
       [  0,   0,  11, 123]]), array([[134,   0,   0,   0],
       [  0, 134,   0,   0],
       [  0,   0, 134,   0],
       [  0,   0,   8, 126]]), array([[134,   0,   0,   0],
       [  0, 134,   0,   0],
       [  0,   0, 133,   1],
       [  0,   0,   6, 128]]), array([[134,   0,   0,   0],
       [  0, 134,   0,   0],
       [  0,   0, 134,   0],
       [  0,   0,   5, 129]]), array([[134,   0,   0,   0],
       [  0, 134,   0,   0],
       [  0,   0, 134,   0],
       [  0,   0,   8, 126]])]","[0.7391304347826086, 0.717391304347826, 0.7391304347826086, 0.7391304347826086, 0.6888888888888889, 0.7333333333333333, 0.7777777777777778, 0.7777777777777778, 0.7777777777777778, 0.7111111111111111]","[0.7391304347826086, 0.717391304347826, 0.7391304347826086, 0.7391304347826086, 0.6888888888888889, 0.7333333333333333, 0.7777777777777778, 0.7777777777777778, 0.7777777777777778, 0.7111111111111111]","[0.7391304347826086, 0.717391304347826, 0.7391304347826086, 0.7391304347826086, 0.6888888888888889, 0.7333333333333333, 0.7777777777777778, 0.7777777777777778, 0.7777777777777778, 0.7111111111111111]","[0.7391304347826086, 0.717391304347826, 0.7391304347826086, 0.7391304347826086, 0.6888888888888889, 0.7333333333333333, 0.7777777777777778, 0.7777777777777778, 0.7777777777777778, 0.7111111111111111]","[0.7328379953379953, 0.7205357142857143, 0.7736607142857144, 0.752026098901099, 0.7075892857142857, 0.762313258636788, 0.7791666666666667, 0.7768550893550894, 0.7721861471861471, 0.7277777777777777]","[0.7402777777777777, 0.7180555555555556, 0.7340909090909091, 0.7234848484848485, 0.6827922077922077, 0.7290404040404042, 0.767929292929293, 0.7712121212121212, 0.7828282828282829, 0.7035353535353535]","[0.7348057644110275, 0.7070025593263976, 0.7337580376280066, 0.7287981111098016, 0.6750610500610501, 0.7266203703703704, 0.7675438596491229, 0.7704642039882315, 0.7748226365286257, 0.7009502923976607]","[0.7455001520218911, 0.738664596273292, 0.7787267080745341, 0.759642259913999, 0.7178571428571429, 0.7833437078535117, 0.7956790123456791, 0.797647414314081, 0.7777296777296777, 0.7649382716049383]","[0.7391304347826086, 0.717391304347826, 0.7391304347826086, 0.7391304347826086, 0.6888888888888889, 0.7333333333333333, 0.7777777777777778, 0.7777777777777778, 0.7777777777777778, 0.7111111111111111]","[0.7404380516508663, 0.7176938539952686, 0.7410252958779006, 0.7414647302911652, 0.6847103513770181, 0.7403086419753087, 0.7815204678362573, 0.7841531364643491, 0.7754466626335954, 0.7244249512670564]","[array([[11,  1,  0,  0],
       [ 1,  7,  0,  1],
       [ 0,  2,  6,  2],
       [ 0,  0,  5, 10]]), array([[ 9,  2,  0,  1],
       [ 1,  8,  0,  0],
       [ 0,  3,  5,  2],
       [ 0,  1,  3, 11]]), array([[ 7,  4,  0,  0],
       [ 1,  9,  0,  0],
       [ 0,  1,  6,  3],
       [ 0,  2,  1, 12]]), array([[ 8,  3,  0,  0],
       [ 2,  7,  0,  1],
       [ 0,  2,  6,  2],
       [ 0,  1,  1, 13]]), array([[ 6,  5,  0,  0],
       [ 1,  9,  0,  0],
       [ 0,  2,  5,  3],
       [ 0,  0,  3, 11]]), array([[ 8,  3,  0,  0],
       [ 1,  9,  0,  0],
       [ 0,  3,  5,  1],
       [ 0,  2,  2, 11]]), array([[ 8,  3,  0,  0],
       [ 1,  7,  0,  1],
       [ 0,  2,  7,  1],
       [ 0,  0,  2, 13]]), array([[ 9,  2,  0,  0],
       [ 3,  6,  0,  0],
       [ 0,  1,  8,  1],
       [ 0,  2,  1, 12]]), array([[10,  1,  0,  0],
       [ 1,  8,  0,  0],
       [ 0,  1,  6,  3],
       [ 0,  1,  3, 11]]), array([[ 7,  4,  0,  0],
       [ 2,  7,  0,  0],
       [ 0,  4,  6,  0],
       [ 0,  0,  3, 12]])]"
0.1,"[0.9981343283582089, 0.9981343283582089, 1.0, 0.996268656716418, 1.0, 1.0, 0.9981343283582089, 0.996268656716418, 1.0, 1.0]","[0.9981343283582089, 0.9981343283582089, 1.0, 0.996268656716418, 1.0, 1.0, 0.9981343283582089, 0.996268656716418, 1.0, 1.0]","[0.9981343283582089, 0.9981343283582089, 1.0, 0.996268656716418, 1.0, 1.0, 0.9981343283582089, 0.996268656716418, 1.0, 1.0]","[0.9981343283582089, 0.9981343283582089, 1.0, 0.996268656716418, 1.0, 1.0, 0.9981343283582089, 0.996268656716418, 1.0, 1.0]","[0.9981481481481481, 0.9981481481481481, 1.0, 0.9963235294117647, 1.0, 1.0, 0.9981481481481481, 0.9963235294117647, 1.0, 1.0]","[0.9981343283582089, 0.9981343283582089, 1.0, 0.9962686567164178, 1.0, 1.0, 0.9981343283582089, 0.9962686567164178, 1.0, 1.0]","[0.9981343023822453, 0.9981343023822453, 1.0, 0.9962684489000277, 1.0, 1.0, 0.9981343023822453, 0.9962684489000277, 1.0, 1.0]","[0.9981481481481481, 0.9981481481481481, 1.0, 0.9963235294117646, 1.0, 1.0, 0.9981481481481481, 0.9963235294117646, 1.0, 1.0]","[0.9981343283582089, 0.9981343283582089, 1.0, 0.996268656716418, 1.0, 1.0, 0.9981343283582089, 0.996268656716418, 1.0, 1.0]","[0.9981343023822453, 0.9981343023822453, 1.0, 0.9962684489000279, 1.0, 1.0, 0.9981343023822453, 0.9962684489000279, 1.0, 1.0]","[array([[134,   0,   0,   0],
       [  0, 134,   0,   0],
       [  0,   0, 134,   0],
       [  0,   0,   1, 133]]), array([[134,   0,   0,   0],
       [  0, 134,   0,   0],
       [  0,   0, 134,   0],
       [  0,   0,   1, 133]]), array([[134,   0,   0,   0],
       [  0, 134,   0,   0],
       [  0,   0, 134,   0],
       [  0,   0,   0, 134]]), array([[134,   0,   0,   0],
       [  0, 134,   0,   0],
       [  0,   0, 134,   0],
       [  0,   0,   2, 132]]), array([[135,   0,   0,   0],
       [  0, 135,   0,   0],
       [  0,   0, 135,   0],
       [  0,   0,   0, 135]]), array([[134,   0,   0,   0],
       [  0, 134,   0,   0],
       [  0,   0, 134,   0],
       [  0,   0,   0, 134]]), array([[134,   0,   0,   0],
       [  0, 134,   0,   0],
       [  0,   0, 134,   0],
       [  0,   0,   1, 133]]), array([[134,   0,   0,   0],
       [  0, 134,   0,   0],
       [  0,   0, 134,   0],
       [  0,   0,   2, 132]]), array([[134,   0,   0,   0],
       [  0, 134,   0,   0],
       [  0,   0, 134,   0],
       [  0,   0,   0, 134]]), array([[134,   0,   0,   0],
       [  0, 134,   0,   0],
       [  0,   0, 134,   0],
       [  0,   0,   0, 134]])]","[0.5869565217391305, 0.717391304347826, 0.6304347826086957, 0.6521739130434783, 0.6222222222222222, 0.6888888888888889, 0.6, 0.6666666666666666, 0.6666666666666666, 0.6666666666666666]","[0.5869565217391305, 0.717391304347826, 0.6304347826086957, 0.6521739130434783, 0.6222222222222222, 0.6888888888888889, 0.6, 0.6666666666666666, 0.6666666666666666, 0.6666666666666666]","[0.5869565217391305, 0.717391304347826, 0.6304347826086957, 0.6521739130434783, 0.6222222222222222, 0.6888888888888889, 0.6, 0.6666666666666666, 0.6666666666666666, 0.6666666666666666]","[0.5869565217391305, 0.717391304347826, 0.6304347826086957, 0.6521739130434783, 0.6222222222222222, 0.6888888888888889, 0.6, 0.6666666666666666, 0.6666666666666666, 0.6666666666666666]","[0.6533189033189034, 0.7250000000000001, 0.6697303921568627, 0.7466666666666667, 0.7005555555555556, 0.7475543478260869, 0.6388888888888888, 0.7357978279030911, 0.6861111111111111, 0.6599264705882353]","[0.5722222222222222, 0.7097222222222221, 0.6090909090909091, 0.6257575757575757, 0.602922077922078, 0.6590909090909092, 0.5595959595959596, 0.634090909090909, 0.6618686868686868, 0.6479797979797979]","[0.596648293029872, 0.6962121212121213, 0.5910999332051964, 0.648172514619883, 0.6114312931650393, 0.6706477732793522, 0.5632984901277585, 0.6267017509344874, 0.6575473292765381, 0.6187640977443609]","[0.6454608193738629, 0.744927536231884, 0.6738597612958227, 0.727536231884058, 0.6839012345679012, 0.730072463768116, 0.6283950617283951, 0.7436739998143507, 0.7040917107583774, 0.6799019607843136]","[0.5869565217391305, 0.717391304347826, 0.6304347826086957, 0.6521739130434783, 0.6222222222222222, 0.6888888888888889, 0.6, 0.6666666666666666, 0.6666666666666666, 0.6666666666666666]","[0.5987746613890779, 0.7134387351778656, 0.6090696319529272, 0.6511886600559369, 0.6112672329390596, 0.678272604588394, 0.5770963995354239, 0.6525328436837388, 0.6713702952445345, 0.6424423558897243]","[array([[ 8,  2,  0,  2],
       [ 0,  5,  0,  4],
       [ 0,  0,  4,  6],
       [ 0,  0,  5, 10]]), array([[ 9,  2,  0,  1],
       [ 1,  8,  0,  0],
       [ 0,  4,  4,  2],
       [ 0,  1,  2, 12]]), array([[ 7,  4,  0,  0],
       [ 1,  8,  0,  1],
       [ 0,  3,  2,  5],
       [ 0,  2,  1, 12]]), array([[ 7,  2,  0,  2],
       [ 0,  6,  0,  4],
       [ 0,  0,  4,  6],
       [ 0,  1,  1, 13]]), array([[ 5,  1,  0,  5],
       [ 1,  8,  0,  1],
       [ 0,  0,  3,  7],
       [ 0,  0,  2, 12]]), array([[ 7,  1,  0,  3],
       [ 1,  8,  0,  1],
       [ 0,  0,  3,  6],
       [ 0,  1,  1, 13]]), array([[ 8,  2,  0,  1],
       [ 1,  4,  0,  4],
       [ 0,  0,  2,  8],
       [ 0,  0,  2, 13]]), array([[ 7,  4,  0,  0],
       [ 2,  6,  0,  1],
       [ 0,  3,  3,  4],
       [ 0,  1,  0, 14]]), array([[ 7,  4,  0,  0],
       [ 2,  7,  0,  0],
       [ 0,  2,  5,  3],
       [ 0,  2,  2, 11]]), array([[ 7,  4,  0,  0],
       [ 1,  8,  0,  0],
       [ 0,  4,  2,  4],
       [ 0,  0,  2, 13]])]"
0.5,"[1.0, 1.0, 1.0, 1.0, 1.0, 1.0, 1.0, 1.0, 1.0, 1.0]","[1.0, 1.0, 1.0, 1.0, 1.0, 1.0, 1.0, 1.0, 1.0, 1.0]","[1.0, 1.0, 1.0, 1.0, 1.0, 1.0, 1.0, 1.0, 1.0, 1.0]","[1.0, 1.0, 1.0, 1.0, 1.0, 1.0, 1.0, 1.0, 1.0, 1.0]","[1.0, 1.0, 1.0, 1.0, 1.0, 1.0, 1.0, 1.0, 1.0, 1.0]","[1.0, 1.0, 1.0, 1.0, 1.0, 1.0, 1.0, 1.0, 1.0, 1.0]","[1.0, 1.0, 1.0, 1.0, 1.0, 1.0, 1.0, 1.0, 1.0, 1.0]","[1.0, 1.0, 1.0, 1.0, 1.0, 1.0, 1.0, 1.0, 1.0, 1.0]","[1.0, 1.0, 1.0, 1.0, 1.0, 1.0, 1.0, 1.0, 1.0, 1.0]","[1.0, 1.0, 1.0, 1.0, 1.0, 1.0, 1.0, 1.0, 1.0, 1.0]","[array([[134,   0,   0,   0],
       [  0, 134,   0,   0],
       [  0,   0, 134,   0],
       [  0,   0,   0, 134]]), array([[134,   0,   0,   0],
       [  0, 134,   0,   0],
       [  0,   0, 134,   0],
       [  0,   0,   0, 134]]), array([[134,   0,   0,   0],
       [  0, 134,   0,   0],
       [  0,   0, 134,   0],
       [  0,   0,   0, 134]]), array([[134,   0,   0,   0],
       [  0, 134,   0,   0],
       [  0,   0, 134,   0],
       [  0,   0,   0, 134]]), array([[135,   0,   0,   0],
       [  0, 135,   0,   0],
       [  0,   0, 135,   0],
       [  0,   0,   0, 135]]), array([[134,   0,   0,   0],
       [  0, 134,   0,   0],
       [  0,   0, 134,   0],
       [  0,   0,   0, 134]]), array([[134,   0,   0,   0],
       [  0, 134,   0,   0],
       [  0,   0, 134,   0],
       [  0,   0,   0, 134]]), array([[134,   0,   0,   0],
       [  0, 134,   0,   0],
       [  0,   0, 134,   0],
       [  0,   0,   0, 134]]), array([[134,   0,   0,   0],
       [  0, 134,   0,   0],
       [  0,   0, 134,   0],
       [  0,   0,   0, 134]]), array([[134,   0,   0,   0],
       [  0, 134,   0,   0],
       [  0,   0, 134,   0],
       [  0,   0,   0, 134]])]","[0.32608695652173914, 0.32608695652173914, 0.32608695652173914, 0.32608695652173914, 0.3111111111111111, 0.3333333333333333, 0.3333333333333333, 0.3333333333333333, 0.3333333333333333, 0.3333333333333333]","[0.32608695652173914, 0.32608695652173914, 0.32608695652173914, 0.32608695652173914, 0.3111111111111111, 0.3333333333333333, 0.3333333333333333, 0.3333333333333333, 0.3333333333333333, 0.3333333333333333]","[0.32608695652173914, 0.32608695652173914, 0.32608695652173914, 0.32608695652173914, 0.3111111111111111, 0.3333333333333333, 0.3333333333333333, 0.3333333333333333, 0.3333333333333333, 0.3333333333333333]","[0.32608695652173914, 0.32608695652173914, 0.32608695652173914, 0.32608695652173914, 0.3111111111111111, 0.3333333333333333, 0.3333333333333333, 0.3333333333333333, 0.3333333333333333, 0.3333333333333333]","[0.08152173913043478, 0.08152173913043478, 0.08152173913043478, 0.08152173913043478, 0.07777777777777778, 0.08333333333333333, 0.08333333333333333, 0.08333333333333333, 0.08333333333333333, 0.08333333333333333]","[0.25, 0.25, 0.25, 0.25, 0.25, 0.25, 0.25, 0.25, 0.25, 0.25]","[0.12295081967213115, 0.12295081967213115, 0.12295081967213115, 0.12295081967213115, 0.11864406779661017, 0.125, 0.125, 0.125, 0.125, 0.125]","[0.10633270321361059, 0.10633270321361059, 0.10633270321361059, 0.10633270321361059, 0.09679012345679014, 0.1111111111111111, 0.1111111111111111, 0.1111111111111111, 0.1111111111111111, 0.1111111111111111]","[0.32608695652173914, 0.32608695652173914, 0.32608695652173914, 0.32608695652173914, 0.3111111111111111, 0.3333333333333333, 0.3333333333333333, 0.3333333333333333, 0.3333333333333333, 0.3333333333333333]","[0.16037063435495366, 0.16037063435495366, 0.16037063435495366, 0.16037063435495366, 0.14764595103578154, 0.16666666666666666, 0.16666666666666666, 0.16666666666666666, 0.16666666666666666, 0.16666666666666666]","[array([[ 0,  0,  0, 12],
       [ 0,  0,  0,  9],
       [ 0,  0,  0, 10],
       [ 0,  0,  0, 15]]), array([[ 0,  0,  0, 12],
       [ 0,  0,  0,  9],
       [ 0,  0,  0, 10],
       [ 0,  0,  0, 15]]), array([[ 0,  0,  0, 11],
       [ 0,  0,  0, 10],
       [ 0,  0,  0, 10],
       [ 0,  0,  0, 15]]), array([[ 0,  0,  0, 11],
       [ 0,  0,  0, 10],
       [ 0,  0,  0, 10],
       [ 0,  0,  0, 15]]), array([[ 0,  0,  0, 11],
       [ 0,  0,  0, 10],
       [ 0,  0,  0, 10],
       [ 0,  0,  0, 14]]), array([[ 0,  0,  0, 11],
       [ 0,  0,  0, 10],
       [ 0,  0,  0,  9],
       [ 0,  0,  0, 15]]), array([[ 0,  0,  0, 11],
       [ 0,  0,  0,  9],
       [ 0,  0,  0, 10],
       [ 0,  0,  0, 15]]), array([[ 0,  0,  0, 11],
       [ 0,  0,  0,  9],
       [ 0,  0,  0, 10],
       [ 0,  0,  0, 15]]), array([[ 0,  0,  0, 11],
       [ 0,  0,  0,  9],
       [ 0,  0,  0, 10],
       [ 0,  0,  0, 15]]), array([[ 0,  0,  0, 11],
       [ 0,  0,  0,  9],
       [ 0,  0,  0, 10],
       [ 0,  0,  0, 15]])]"
1,"[1.0, 1.0, 1.0, 1.0, 1.0, 1.0, 1.0, 1.0, 1.0, 1.0]","[1.0, 1.0, 1.0, 1.0, 1.0, 1.0, 1.0, 1.0, 1.0, 1.0]","[1.0, 1.0, 1.0, 1.0, 1.0, 1.0, 1.0, 1.0, 1.0, 1.0]","[1.0, 1.0, 1.0, 1.0, 1.0, 1.0, 1.0, 1.0, 1.0, 1.0]","[1.0, 1.0, 1.0, 1.0, 1.0, 1.0, 1.0, 1.0, 1.0, 1.0]","[1.0, 1.0, 1.0, 1.0, 1.0, 1.0, 1.0, 1.0, 1.0, 1.0]","[1.0, 1.0, 1.0, 1.0, 1.0, 1.0, 1.0, 1.0, 1.0, 1.0]","[1.0, 1.0, 1.0, 1.0, 1.0, 1.0, 1.0, 1.0, 1.0, 1.0]","[1.0, 1.0, 1.0, 1.0, 1.0, 1.0, 1.0, 1.0, 1.0, 1.0]","[1.0, 1.0, 1.0, 1.0, 1.0, 1.0, 1.0, 1.0, 1.0, 1.0]","[array([[134,   0,   0,   0],
       [  0, 134,   0,   0],
       [  0,   0, 134,   0],
       [  0,   0,   0, 134]]), array([[134,   0,   0,   0],
       [  0, 134,   0,   0],
       [  0,   0, 134,   0],
       [  0,   0,   0, 134]]), array([[134,   0,   0,   0],
       [  0, 134,   0,   0],
       [  0,   0, 134,   0],
       [  0,   0,   0, 134]]), array([[134,   0,   0,   0],
       [  0, 134,   0,   0],
       [  0,   0, 134,   0],
       [  0,   0,   0, 134]]), array([[135,   0,   0,   0],
       [  0, 135,   0,   0],
       [  0,   0, 135,   0],
       [  0,   0,   0, 135]]), array([[134,   0,   0,   0],
       [  0, 134,   0,   0],
       [  0,   0, 134,   0],
       [  0,   0,   0, 134]]), array([[134,   0,   0,   0],
       [  0, 134,   0,   0],
       [  0,   0, 134,   0],
       [  0,   0,   0, 134]]), array([[134,   0,   0,   0],
       [  0, 134,   0,   0],
       [  0,   0, 134,   0],
       [  0,   0,   0, 134]]), array([[134,   0,   0,   0],
       [  0, 134,   0,   0],
       [  0,   0, 134,   0],
       [  0,   0,   0, 134]]), array([[134,   0,   0,   0],
       [  0, 134,   0,   0],
       [  0,   0, 134,   0],
       [  0,   0,   0, 134]])]","[0.32608695652173914, 0.32608695652173914, 0.32608695652173914, 0.32608695652173914, 0.3111111111111111, 0.3333333333333333, 0.3333333333333333, 0.3333333333333333, 0.3333333333333333, 0.3333333333333333]","[0.32608695652173914, 0.32608695652173914, 0.32608695652173914, 0.32608695652173914, 0.3111111111111111, 0.3333333333333333, 0.3333333333333333, 0.3333333333333333, 0.3333333333333333, 0.3333333333333333]","[0.32608695652173914, 0.32608695652173914, 0.32608695652173914, 0.32608695652173914, 0.3111111111111111, 0.3333333333333333, 0.3333333333333333, 0.3333333333333333, 0.3333333333333333, 0.3333333333333333]","[0.32608695652173914, 0.32608695652173914, 0.32608695652173914, 0.32608695652173914, 0.3111111111111111, 0.3333333333333333, 0.3333333333333333, 0.3333333333333333, 0.3333333333333333, 0.3333333333333333]","[0.08152173913043478, 0.08152173913043478, 0.08152173913043478, 0.08152173913043478, 0.07777777777777778, 0.08333333333333333, 0.08333333333333333, 0.08333333333333333, 0.08333333333333333, 0.08333333333333333]","[0.25, 0.25, 0.25, 0.25, 0.25, 0.25, 0.25, 0.25, 0.25, 0.25]","[0.12295081967213115, 0.12295081967213115, 0.12295081967213115, 0.12295081967213115, 0.11864406779661017, 0.125, 0.125, 0.125, 0.125, 0.125]","[0.10633270321361059, 0.10633270321361059, 0.10633270321361059, 0.10633270321361059, 0.09679012345679014, 0.1111111111111111, 0.1111111111111111, 0.1111111111111111, 0.1111111111111111, 0.1111111111111111]","[0.32608695652173914, 0.32608695652173914, 0.32608695652173914, 0.32608695652173914, 0.3111111111111111, 0.3333333333333333, 0.3333333333333333, 0.3333333333333333, 0.3333333333333333, 0.3333333333333333]","[0.16037063435495366, 0.16037063435495366, 0.16037063435495366, 0.16037063435495366, 0.14764595103578154, 0.16666666666666666, 0.16666666666666666, 0.16666666666666666, 0.16666666666666666, 0.16666666666666666]","[array([[ 0,  0,  0, 12],
       [ 0,  0,  0,  9],
       [ 0,  0,  0, 10],
       [ 0,  0,  0, 15]]), array([[ 0,  0,  0, 12],
       [ 0,  0,  0,  9],
       [ 0,  0,  0, 10],
       [ 0,  0,  0, 15]]), array([[ 0,  0,  0, 11],
       [ 0,  0,  0, 10],
       [ 0,  0,  0, 10],
       [ 0,  0,  0, 15]]), array([[ 0,  0,  0, 11],
       [ 0,  0,  0, 10],
       [ 0,  0,  0, 10],
       [ 0,  0,  0, 15]]), array([[ 0,  0,  0, 11],
       [ 0,  0,  0, 10],
       [ 0,  0,  0, 10],
       [ 0,  0,  0, 14]]), array([[ 0,  0,  0, 11],
       [ 0,  0,  0, 10],
       [ 0,  0,  0,  9],
       [ 0,  0,  0, 15]]), array([[ 0,  0,  0, 11],
       [ 0,  0,  0,  9],
       [ 0,  0,  0, 10],
       [ 0,  0,  0, 15]]), array([[ 0,  0,  0, 11],
       [ 0,  0,  0,  9],
       [ 0,  0,  0, 10],
       [ 0,  0,  0, 15]]), array([[ 0,  0,  0, 11],
       [ 0,  0,  0,  9],
       [ 0,  0,  0, 10],
       [ 0,  0,  0, 15]]), array([[ 0,  0,  0, 11],
       [ 0,  0,  0,  9],
       [ 0,  0,  0, 10],
       [ 0,  0,  0, 15]])]"
5,"[1.0, 1.0, 1.0, 1.0, 1.0, 1.0, 1.0, 1.0, 1.0, 1.0]","[1.0, 1.0, 1.0, 1.0, 1.0, 1.0, 1.0, 1.0, 1.0, 1.0]","[1.0, 1.0, 1.0, 1.0, 1.0, 1.0, 1.0, 1.0, 1.0, 1.0]","[1.0, 1.0, 1.0, 1.0, 1.0, 1.0, 1.0, 1.0, 1.0, 1.0]","[1.0, 1.0, 1.0, 1.0, 1.0, 1.0, 1.0, 1.0, 1.0, 1.0]","[1.0, 1.0, 1.0, 1.0, 1.0, 1.0, 1.0, 1.0, 1.0, 1.0]","[1.0, 1.0, 1.0, 1.0, 1.0, 1.0, 1.0, 1.0, 1.0, 1.0]","[1.0, 1.0, 1.0, 1.0, 1.0, 1.0, 1.0, 1.0, 1.0, 1.0]","[1.0, 1.0, 1.0, 1.0, 1.0, 1.0, 1.0, 1.0, 1.0, 1.0]","[1.0, 1.0, 1.0, 1.0, 1.0, 1.0, 1.0, 1.0, 1.0, 1.0]","[array([[134,   0,   0,   0],
       [  0, 134,   0,   0],
       [  0,   0, 134,   0],
       [  0,   0,   0, 134]]), array([[134,   0,   0,   0],
       [  0, 134,   0,   0],
       [  0,   0, 134,   0],
       [  0,   0,   0, 134]]), array([[134,   0,   0,   0],
       [  0, 134,   0,   0],
       [  0,   0, 134,   0],
       [  0,   0,   0, 134]]), array([[134,   0,   0,   0],
       [  0, 134,   0,   0],
       [  0,   0, 134,   0],
       [  0,   0,   0, 134]]), array([[135,   0,   0,   0],
       [  0, 135,   0,   0],
       [  0,   0, 135,   0],
       [  0,   0,   0, 135]]), array([[134,   0,   0,   0],
       [  0, 134,   0,   0],
       [  0,   0, 134,   0],
       [  0,   0,   0, 134]]), array([[134,   0,   0,   0],
       [  0, 134,   0,   0],
       [  0,   0, 134,   0],
       [  0,   0,   0, 134]]), array([[134,   0,   0,   0],
       [  0, 134,   0,   0],
       [  0,   0, 134,   0],
       [  0,   0,   0, 134]]), array([[134,   0,   0,   0],
       [  0, 134,   0,   0],
       [  0,   0, 134,   0],
       [  0,   0,   0, 134]]), array([[134,   0,   0,   0],
       [  0, 134,   0,   0],
       [  0,   0, 134,   0],
       [  0,   0,   0, 134]])]","[0.32608695652173914, 0.32608695652173914, 0.32608695652173914, 0.32608695652173914, 0.3111111111111111, 0.3333333333333333, 0.3333333333333333, 0.3333333333333333, 0.3333333333333333, 0.3333333333333333]","[0.32608695652173914, 0.32608695652173914, 0.32608695652173914, 0.32608695652173914, 0.3111111111111111, 0.3333333333333333, 0.3333333333333333, 0.3333333333333333, 0.3333333333333333, 0.3333333333333333]","[0.32608695652173914, 0.32608695652173914, 0.32608695652173914, 0.32608695652173914, 0.3111111111111111, 0.3333333333333333, 0.3333333333333333, 0.3333333333333333, 0.3333333333333333, 0.3333333333333333]","[0.32608695652173914, 0.32608695652173914, 0.32608695652173914, 0.32608695652173914, 0.3111111111111111, 0.3333333333333333, 0.3333333333333333, 0.3333333333333333, 0.3333333333333333, 0.3333333333333333]","[0.08152173913043478, 0.08152173913043478, 0.08152173913043478, 0.08152173913043478, 0.07777777777777778, 0.08333333333333333, 0.08333333333333333, 0.08333333333333333, 0.08333333333333333, 0.08333333333333333]","[0.25, 0.25, 0.25, 0.25, 0.25, 0.25, 0.25, 0.25, 0.25, 0.25]","[0.12295081967213115, 0.12295081967213115, 0.12295081967213115, 0.12295081967213115, 0.11864406779661017, 0.125, 0.125, 0.125, 0.125, 0.125]","[0.10633270321361059, 0.10633270321361059, 0.10633270321361059, 0.10633270321361059, 0.09679012345679014, 0.1111111111111111, 0.1111111111111111, 0.1111111111111111, 0.1111111111111111, 0.1111111111111111]","[0.32608695652173914, 0.32608695652173914, 0.32608695652173914, 0.32608695652173914, 0.3111111111111111, 0.3333333333333333, 0.3333333333333333, 0.3333333333333333, 0.3333333333333333, 0.3333333333333333]","[0.16037063435495366, 0.16037063435495366, 0.16037063435495366, 0.16037063435495366, 0.14764595103578154, 0.16666666666666666, 0.16666666666666666, 0.16666666666666666, 0.16666666666666666, 0.16666666666666666]","[array([[ 0,  0,  0, 12],
       [ 0,  0,  0,  9],
       [ 0,  0,  0, 10],
       [ 0,  0,  0, 15]]), array([[ 0,  0,  0, 12],
       [ 0,  0,  0,  9],
       [ 0,  0,  0, 10],
       [ 0,  0,  0, 15]]), array([[ 0,  0,  0, 11],
       [ 0,  0,  0, 10],
       [ 0,  0,  0, 10],
       [ 0,  0,  0, 15]]), array([[ 0,  0,  0, 11],
       [ 0,  0,  0, 10],
       [ 0,  0,  0, 10],
       [ 0,  0,  0, 15]]), array([[ 0,  0,  0, 11],
       [ 0,  0,  0, 10],
       [ 0,  0,  0, 10],
       [ 0,  0,  0, 14]]), array([[ 0,  0,  0, 11],
       [ 0,  0,  0, 10],
       [ 0,  0,  0,  9],
       [ 0,  0,  0, 15]]), array([[ 0,  0,  0, 11],
       [ 0,  0,  0,  9],
       [ 0,  0,  0, 10],
       [ 0,  0,  0, 15]]), array([[ 0,  0,  0, 11],
       [ 0,  0,  0,  9],
       [ 0,  0,  0, 10],
       [ 0,  0,  0, 15]]), array([[ 0,  0,  0, 11],
       [ 0,  0,  0,  9],
       [ 0,  0,  0, 10],
       [ 0,  0,  0, 15]]), array([[ 0,  0,  0, 11],
       [ 0,  0,  0,  9],
       [ 0,  0,  0, 10],
       [ 0,  0,  0, 15]])]"
10,"[1.0, 1.0, 1.0, 1.0, 1.0, 1.0, 1.0, 1.0, 1.0, 1.0]","[1.0, 1.0, 1.0, 1.0, 1.0, 1.0, 1.0, 1.0, 1.0, 1.0]","[1.0, 1.0, 1.0, 1.0, 1.0, 1.0, 1.0, 1.0, 1.0, 1.0]","[1.0, 1.0, 1.0, 1.0, 1.0, 1.0, 1.0, 1.0, 1.0, 1.0]","[1.0, 1.0, 1.0, 1.0, 1.0, 1.0, 1.0, 1.0, 1.0, 1.0]","[1.0, 1.0, 1.0, 1.0, 1.0, 1.0, 1.0, 1.0, 1.0, 1.0]","[1.0, 1.0, 1.0, 1.0, 1.0, 1.0, 1.0, 1.0, 1.0, 1.0]","[1.0, 1.0, 1.0, 1.0, 1.0, 1.0, 1.0, 1.0, 1.0, 1.0]","[1.0, 1.0, 1.0, 1.0, 1.0, 1.0, 1.0, 1.0, 1.0, 1.0]","[1.0, 1.0, 1.0, 1.0, 1.0, 1.0, 1.0, 1.0, 1.0, 1.0]","[array([[134,   0,   0,   0],
       [  0, 134,   0,   0],
       [  0,   0, 134,   0],
       [  0,   0,   0, 134]]), array([[134,   0,   0,   0],
       [  0, 134,   0,   0],
       [  0,   0, 134,   0],
       [  0,   0,   0, 134]]), array([[134,   0,   0,   0],
       [  0, 134,   0,   0],
       [  0,   0, 134,   0],
       [  0,   0,   0, 134]]), array([[134,   0,   0,   0],
       [  0, 134,   0,   0],
       [  0,   0, 134,   0],
       [  0,   0,   0, 134]]), array([[135,   0,   0,   0],
       [  0, 135,   0,   0],
       [  0,   0, 135,   0],
       [  0,   0,   0, 135]]), array([[134,   0,   0,   0],
       [  0, 134,   0,   0],
       [  0,   0, 134,   0],
       [  0,   0,   0, 134]]), array([[134,   0,   0,   0],
       [  0, 134,   0,   0],
       [  0,   0, 134,   0],
       [  0,   0,   0, 134]]), array([[134,   0,   0,   0],
       [  0, 134,   0,   0],
       [  0,   0, 134,   0],
       [  0,   0,   0, 134]]), array([[134,   0,   0,   0],
       [  0, 134,   0,   0],
       [  0,   0, 134,   0],
       [  0,   0,   0, 134]]), array([[134,   0,   0,   0],
       [  0, 134,   0,   0],
       [  0,   0, 134,   0],
       [  0,   0,   0, 134]])]","[0.32608695652173914, 0.32608695652173914, 0.32608695652173914, 0.32608695652173914, 0.3111111111111111, 0.3333333333333333, 0.3333333333333333, 0.3333333333333333, 0.3333333333333333, 0.3333333333333333]","[0.32608695652173914, 0.32608695652173914, 0.32608695652173914, 0.32608695652173914, 0.3111111111111111, 0.3333333333333333, 0.3333333333333333, 0.3333333333333333, 0.3333333333333333, 0.3333333333333333]","[0.32608695652173914, 0.32608695652173914, 0.32608695652173914, 0.32608695652173914, 0.3111111111111111, 0.3333333333333333, 0.3333333333333333, 0.3333333333333333, 0.3333333333333333, 0.3333333333333333]","[0.32608695652173914, 0.32608695652173914, 0.32608695652173914, 0.32608695652173914, 0.3111111111111111, 0.3333333333333333, 0.3333333333333333, 0.3333333333333333, 0.3333333333333333, 0.3333333333333333]","[0.08152173913043478, 0.08152173913043478, 0.08152173913043478, 0.08152173913043478, 0.07777777777777778, 0.08333333333333333, 0.08333333333333333, 0.08333333333333333, 0.08333333333333333, 0.08333333333333333]","[0.25, 0.25, 0.25, 0.25, 0.25, 0.25, 0.25, 0.25, 0.25, 0.25]","[0.12295081967213115, 0.12295081967213115, 0.12295081967213115, 0.12295081967213115, 0.11864406779661017, 0.125, 0.125, 0.125, 0.125, 0.125]","[0.10633270321361059, 0.10633270321361059, 0.10633270321361059, 0.10633270321361059, 0.09679012345679014, 0.1111111111111111, 0.1111111111111111, 0.1111111111111111, 0.1111111111111111, 0.1111111111111111]","[0.32608695652173914, 0.32608695652173914, 0.32608695652173914, 0.32608695652173914, 0.3111111111111111, 0.3333333333333333, 0.3333333333333333, 0.3333333333333333, 0.3333333333333333, 0.3333333333333333]","[0.16037063435495366, 0.16037063435495366, 0.16037063435495366, 0.16037063435495366, 0.14764595103578154, 0.16666666666666666, 0.16666666666666666, 0.16666666666666666, 0.16666666666666666, 0.16666666666666666]","[array([[ 0,  0,  0, 12],
       [ 0,  0,  0,  9],
       [ 0,  0,  0, 10],
       [ 0,  0,  0, 15]]), array([[ 0,  0,  0, 12],
       [ 0,  0,  0,  9],
       [ 0,  0,  0, 10],
       [ 0,  0,  0, 15]]), array([[ 0,  0,  0, 11],
       [ 0,  0,  0, 10],
       [ 0,  0,  0, 10],
       [ 0,  0,  0, 15]]), array([[ 0,  0,  0, 11],
       [ 0,  0,  0, 10],
       [ 0,  0,  0, 10],
       [ 0,  0,  0, 15]]), array([[ 0,  0,  0, 11],
       [ 0,  0,  0, 10],
       [ 0,  0,  0, 10],
       [ 0,  0,  0, 14]]), array([[ 0,  0,  0, 11],
       [ 0,  0,  0, 10],
       [ 0,  0,  0,  9],
       [ 0,  0,  0, 15]]), array([[ 0,  0,  0, 11],
       [ 0,  0,  0,  9],
       [ 0,  0,  0, 10],
       [ 0,  0,  0, 15]]), array([[ 0,  0,  0, 11],
       [ 0,  0,  0,  9],
       [ 0,  0,  0, 10],
       [ 0,  0,  0, 15]]), array([[ 0,  0,  0, 11],
       [ 0,  0,  0,  9],
       [ 0,  0,  0, 10],
       [ 0,  0,  0, 15]]), array([[ 0,  0,  0, 11],
       [ 0,  0,  0,  9],
       [ 0,  0,  0, 10],
       [ 0,  0,  0, 15]])]"
50,"[1.0, 1.0, 1.0, 1.0, 1.0, 1.0, 1.0, 1.0, 1.0, 1.0]","[1.0, 1.0, 1.0, 1.0, 1.0, 1.0, 1.0, 1.0, 1.0, 1.0]","[1.0, 1.0, 1.0, 1.0, 1.0, 1.0, 1.0, 1.0, 1.0, 1.0]","[1.0, 1.0, 1.0, 1.0, 1.0, 1.0, 1.0, 1.0, 1.0, 1.0]","[1.0, 1.0, 1.0, 1.0, 1.0, 1.0, 1.0, 1.0, 1.0, 1.0]","[1.0, 1.0, 1.0, 1.0, 1.0, 1.0, 1.0, 1.0, 1.0, 1.0]","[1.0, 1.0, 1.0, 1.0, 1.0, 1.0, 1.0, 1.0, 1.0, 1.0]","[1.0, 1.0, 1.0, 1.0, 1.0, 1.0, 1.0, 1.0, 1.0, 1.0]","[1.0, 1.0, 1.0, 1.0, 1.0, 1.0, 1.0, 1.0, 1.0, 1.0]","[1.0, 1.0, 1.0, 1.0, 1.0, 1.0, 1.0, 1.0, 1.0, 1.0]","[array([[134,   0,   0,   0],
       [  0, 134,   0,   0],
       [  0,   0, 134,   0],
       [  0,   0,   0, 134]]), array([[134,   0,   0,   0],
       [  0, 134,   0,   0],
       [  0,   0, 134,   0],
       [  0,   0,   0, 134]]), array([[134,   0,   0,   0],
       [  0, 134,   0,   0],
       [  0,   0, 134,   0],
       [  0,   0,   0, 134]]), array([[134,   0,   0,   0],
       [  0, 134,   0,   0],
       [  0,   0, 134,   0],
       [  0,   0,   0, 134]]), array([[135,   0,   0,   0],
       [  0, 135,   0,   0],
       [  0,   0, 135,   0],
       [  0,   0,   0, 135]]), array([[134,   0,   0,   0],
       [  0, 134,   0,   0],
       [  0,   0, 134,   0],
       [  0,   0,   0, 134]]), array([[134,   0,   0,   0],
       [  0, 134,   0,   0],
       [  0,   0, 134,   0],
       [  0,   0,   0, 134]]), array([[134,   0,   0,   0],
       [  0, 134,   0,   0],
       [  0,   0, 134,   0],
       [  0,   0,   0, 134]]), array([[134,   0,   0,   0],
       [  0, 134,   0,   0],
       [  0,   0, 134,   0],
       [  0,   0,   0, 134]]), array([[134,   0,   0,   0],
       [  0, 134,   0,   0],
       [  0,   0, 134,   0],
       [  0,   0,   0, 134]])]","[0.32608695652173914, 0.32608695652173914, 0.32608695652173914, 0.32608695652173914, 0.3111111111111111, 0.3333333333333333, 0.3333333333333333, 0.3333333333333333, 0.3333333333333333, 0.3333333333333333]","[0.32608695652173914, 0.32608695652173914, 0.32608695652173914, 0.32608695652173914, 0.3111111111111111, 0.3333333333333333, 0.3333333333333333, 0.3333333333333333, 0.3333333333333333, 0.3333333333333333]","[0.32608695652173914, 0.32608695652173914, 0.32608695652173914, 0.32608695652173914, 0.3111111111111111, 0.3333333333333333, 0.3333333333333333, 0.3333333333333333, 0.3333333333333333, 0.3333333333333333]","[0.32608695652173914, 0.32608695652173914, 0.32608695652173914, 0.32608695652173914, 0.3111111111111111, 0.3333333333333333, 0.3333333333333333, 0.3333333333333333, 0.3333333333333333, 0.3333333333333333]","[0.08152173913043478, 0.08152173913043478, 0.08152173913043478, 0.08152173913043478, 0.07777777777777778, 0.08333333333333333, 0.08333333333333333, 0.08333333333333333, 0.08333333333333333, 0.08333333333333333]","[0.25, 0.25, 0.25, 0.25, 0.25, 0.25, 0.25, 0.25, 0.25, 0.25]","[0.12295081967213115, 0.12295081967213115, 0.12295081967213115, 0.12295081967213115, 0.11864406779661017, 0.125, 0.125, 0.125, 0.125, 0.125]","[0.10633270321361059, 0.10633270321361059, 0.10633270321361059, 0.10633270321361059, 0.09679012345679014, 0.1111111111111111, 0.1111111111111111, 0.1111111111111111, 0.1111111111111111, 0.1111111111111111]","[0.32608695652173914, 0.32608695652173914, 0.32608695652173914, 0.32608695652173914, 0.3111111111111111, 0.3333333333333333, 0.3333333333333333, 0.3333333333333333, 0.3333333333333333, 0.3333333333333333]","[0.16037063435495366, 0.16037063435495366, 0.16037063435495366, 0.16037063435495366, 0.14764595103578154, 0.16666666666666666, 0.16666666666666666, 0.16666666666666666, 0.16666666666666666, 0.16666666666666666]","[array([[ 0,  0,  0, 12],
       [ 0,  0,  0,  9],
       [ 0,  0,  0, 10],
       [ 0,  0,  0, 15]]), array([[ 0,  0,  0, 12],
       [ 0,  0,  0,  9],
       [ 0,  0,  0, 10],
       [ 0,  0,  0, 15]]), array([[ 0,  0,  0, 11],
       [ 0,  0,  0, 10],
       [ 0,  0,  0, 10],
       [ 0,  0,  0, 15]]), array([[ 0,  0,  0, 11],
       [ 0,  0,  0, 10],
       [ 0,  0,  0, 10],
       [ 0,  0,  0, 15]]), array([[ 0,  0,  0, 11],
       [ 0,  0,  0, 10],
       [ 0,  0,  0, 10],
       [ 0,  0,  0, 14]]), array([[ 0,  0,  0, 11],
       [ 0,  0,  0, 10],
       [ 0,  0,  0,  9],
       [ 0,  0,  0, 15]]), array([[ 0,  0,  0, 11],
       [ 0,  0,  0,  9],
       [ 0,  0,  0, 10],
       [ 0,  0,  0, 15]]), array([[ 0,  0,  0, 11],
       [ 0,  0,  0,  9],
       [ 0,  0,  0, 10],
       [ 0,  0,  0, 15]]), array([[ 0,  0,  0, 11],
       [ 0,  0,  0,  9],
       [ 0,  0,  0, 10],
       [ 0,  0,  0, 15]]), array([[ 0,  0,  0, 11],
       [ 0,  0,  0,  9],
       [ 0,  0,  0, 10],
       [ 0,  0,  0, 15]])]"
100,"[1.0, 1.0, 1.0, 1.0, 1.0, 1.0, 1.0, 1.0, 1.0, 1.0]","[1.0, 1.0, 1.0, 1.0, 1.0, 1.0, 1.0, 1.0, 1.0, 1.0]","[1.0, 1.0, 1.0, 1.0, 1.0, 1.0, 1.0, 1.0, 1.0, 1.0]","[1.0, 1.0, 1.0, 1.0, 1.0, 1.0, 1.0, 1.0, 1.0, 1.0]","[1.0, 1.0, 1.0, 1.0, 1.0, 1.0, 1.0, 1.0, 1.0, 1.0]","[1.0, 1.0, 1.0, 1.0, 1.0, 1.0, 1.0, 1.0, 1.0, 1.0]","[1.0, 1.0, 1.0, 1.0, 1.0, 1.0, 1.0, 1.0, 1.0, 1.0]","[1.0, 1.0, 1.0, 1.0, 1.0, 1.0, 1.0, 1.0, 1.0, 1.0]","[1.0, 1.0, 1.0, 1.0, 1.0, 1.0, 1.0, 1.0, 1.0, 1.0]","[1.0, 1.0, 1.0, 1.0, 1.0, 1.0, 1.0, 1.0, 1.0, 1.0]","[array([[134,   0,   0,   0],
       [  0, 134,   0,   0],
       [  0,   0, 134,   0],
       [  0,   0,   0, 134]]), array([[134,   0,   0,   0],
       [  0, 134,   0,   0],
       [  0,   0, 134,   0],
       [  0,   0,   0, 134]]), array([[134,   0,   0,   0],
       [  0, 134,   0,   0],
       [  0,   0, 134,   0],
       [  0,   0,   0, 134]]), array([[134,   0,   0,   0],
       [  0, 134,   0,   0],
       [  0,   0, 134,   0],
       [  0,   0,   0, 134]]), array([[135,   0,   0,   0],
       [  0, 135,   0,   0],
       [  0,   0, 135,   0],
       [  0,   0,   0, 135]]), array([[134,   0,   0,   0],
       [  0, 134,   0,   0],
       [  0,   0, 134,   0],
       [  0,   0,   0, 134]]), array([[134,   0,   0,   0],
       [  0, 134,   0,   0],
       [  0,   0, 134,   0],
       [  0,   0,   0, 134]]), array([[134,   0,   0,   0],
       [  0, 134,   0,   0],
       [  0,   0, 134,   0],
       [  0,   0,   0, 134]]), array([[134,   0,   0,   0],
       [  0, 134,   0,   0],
       [  0,   0, 134,   0],
       [  0,   0,   0, 134]]), array([[134,   0,   0,   0],
       [  0, 134,   0,   0],
       [  0,   0, 134,   0],
       [  0,   0,   0, 134]])]","[0.32608695652173914, 0.32608695652173914, 0.32608695652173914, 0.32608695652173914, 0.3111111111111111, 0.3333333333333333, 0.3333333333333333, 0.3333333333333333, 0.3333333333333333, 0.3333333333333333]","[0.32608695652173914, 0.32608695652173914, 0.32608695652173914, 0.32608695652173914, 0.3111111111111111, 0.3333333333333333, 0.3333333333333333, 0.3333333333333333, 0.3333333333333333, 0.3333333333333333]","[0.32608695652173914, 0.32608695652173914, 0.32608695652173914, 0.32608695652173914, 0.3111111111111111, 0.3333333333333333, 0.3333333333333333, 0.3333333333333333, 0.3333333333333333, 0.3333333333333333]","[0.32608695652173914, 0.32608695652173914, 0.32608695652173914, 0.32608695652173914, 0.3111111111111111, 0.3333333333333333, 0.3333333333333333, 0.3333333333333333, 0.3333333333333333, 0.3333333333333333]","[0.08152173913043478, 0.08152173913043478, 0.08152173913043478, 0.08152173913043478, 0.07777777777777778, 0.08333333333333333, 0.08333333333333333, 0.08333333333333333, 0.08333333333333333, 0.08333333333333333]","[0.25, 0.25, 0.25, 0.25, 0.25, 0.25, 0.25, 0.25, 0.25, 0.25]","[0.12295081967213115, 0.12295081967213115, 0.12295081967213115, 0.12295081967213115, 0.11864406779661017, 0.125, 0.125, 0.125, 0.125, 0.125]","[0.10633270321361059, 0.10633270321361059, 0.10633270321361059, 0.10633270321361059, 0.09679012345679014, 0.1111111111111111, 0.1111111111111111, 0.1111111111111111, 0.1111111111111111, 0.1111111111111111]","[0.32608695652173914, 0.32608695652173914, 0.32608695652173914, 0.32608695652173914, 0.3111111111111111, 0.3333333333333333, 0.3333333333333333, 0.3333333333333333, 0.3333333333333333, 0.3333333333333333]","[0.16037063435495366, 0.16037063435495366, 0.16037063435495366, 0.16037063435495366, 0.14764595103578154, 0.16666666666666666, 0.16666666666666666, 0.16666666666666666, 0.16666666666666666, 0.16666666666666666]","[array([[ 0,  0,  0, 12],
       [ 0,  0,  0,  9],
       [ 0,  0,  0, 10],
       [ 0,  0,  0, 15]]), array([[ 0,  0,  0, 12],
       [ 0,  0,  0,  9],
       [ 0,  0,  0, 10],
       [ 0,  0,  0, 15]]), array([[ 0,  0,  0, 11],
       [ 0,  0,  0, 10],
       [ 0,  0,  0, 10],
       [ 0,  0,  0, 15]]), array([[ 0,  0,  0, 11],
       [ 0,  0,  0, 10],
       [ 0,  0,  0, 10],
       [ 0,  0,  0, 15]]), array([[ 0,  0,  0, 11],
       [ 0,  0,  0, 10],
       [ 0,  0,  0, 10],
       [ 0,  0,  0, 14]]), array([[ 0,  0,  0, 11],
       [ 0,  0,  0, 10],
       [ 0,  0,  0,  9],
       [ 0,  0,  0, 15]]), array([[ 0,  0,  0, 11],
       [ 0,  0,  0,  9],
       [ 0,  0,  0, 10],
       [ 0,  0,  0, 15]]), array([[ 0,  0,  0, 11],
       [ 0,  0,  0,  9],
       [ 0,  0,  0, 10],
       [ 0,  0,  0, 15]]), array([[ 0,  0,  0, 11],
       [ 0,  0,  0,  9],
       [ 0,  0,  0, 10],
       [ 0,  0,  0, 15]]), array([[ 0,  0,  0, 11],
       [ 0,  0,  0,  9],
       [ 0,  0,  0, 10],
       [ 0,  0,  0, 15]])]"
500,"[1.0, 1.0, 1.0, 1.0, 1.0, 1.0, 1.0, 1.0, 1.0, 1.0]","[1.0, 1.0, 1.0, 1.0, 1.0, 1.0, 1.0, 1.0, 1.0, 1.0]","[1.0, 1.0, 1.0, 1.0, 1.0, 1.0, 1.0, 1.0, 1.0, 1.0]","[1.0, 1.0, 1.0, 1.0, 1.0, 1.0, 1.0, 1.0, 1.0, 1.0]","[1.0, 1.0, 1.0, 1.0, 1.0, 1.0, 1.0, 1.0, 1.0, 1.0]","[1.0, 1.0, 1.0, 1.0, 1.0, 1.0, 1.0, 1.0, 1.0, 1.0]","[1.0, 1.0, 1.0, 1.0, 1.0, 1.0, 1.0, 1.0, 1.0, 1.0]","[1.0, 1.0, 1.0, 1.0, 1.0, 1.0, 1.0, 1.0, 1.0, 1.0]","[1.0, 1.0, 1.0, 1.0, 1.0, 1.0, 1.0, 1.0, 1.0, 1.0]","[1.0, 1.0, 1.0, 1.0, 1.0, 1.0, 1.0, 1.0, 1.0, 1.0]","[array([[134,   0,   0,   0],
       [  0, 134,   0,   0],
       [  0,   0, 134,   0],
       [  0,   0,   0, 134]]), array([[134,   0,   0,   0],
       [  0, 134,   0,   0],
       [  0,   0, 134,   0],
       [  0,   0,   0, 134]]), array([[134,   0,   0,   0],
       [  0, 134,   0,   0],
       [  0,   0, 134,   0],
       [  0,   0,   0, 134]]), array([[134,   0,   0,   0],
       [  0, 134,   0,   0],
       [  0,   0, 134,   0],
       [  0,   0,   0, 134]]), array([[135,   0,   0,   0],
       [  0, 135,   0,   0],
       [  0,   0, 135,   0],
       [  0,   0,   0, 135]]), array([[134,   0,   0,   0],
       [  0, 134,   0,   0],
       [  0,   0, 134,   0],
       [  0,   0,   0, 134]]), array([[134,   0,   0,   0],
       [  0, 134,   0,   0],
       [  0,   0, 134,   0],
       [  0,   0,   0, 134]]), array([[134,   0,   0,   0],
       [  0, 134,   0,   0],
       [  0,   0, 134,   0],
       [  0,   0,   0, 134]]), array([[134,   0,   0,   0],
       [  0, 134,   0,   0],
       [  0,   0, 134,   0],
       [  0,   0,   0, 134]]), array([[134,   0,   0,   0],
       [  0, 134,   0,   0],
       [  0,   0, 134,   0],
       [  0,   0,   0, 134]])]","[0.32608695652173914, 0.32608695652173914, 0.32608695652173914, 0.32608695652173914, 0.3111111111111111, 0.3333333333333333, 0.3333333333333333, 0.3333333333333333, 0.3333333333333333, 0.3333333333333333]","[0.32608695652173914, 0.32608695652173914, 0.32608695652173914, 0.32608695652173914, 0.3111111111111111, 0.3333333333333333, 0.3333333333333333, 0.3333333333333333, 0.3333333333333333, 0.3333333333333333]","[0.32608695652173914, 0.32608695652173914, 0.32608695652173914, 0.32608695652173914, 0.3111111111111111, 0.3333333333333333, 0.3333333333333333, 0.3333333333333333, 0.3333333333333333, 0.3333333333333333]","[0.32608695652173914, 0.32608695652173914, 0.32608695652173914, 0.32608695652173914, 0.3111111111111111, 0.3333333333333333, 0.3333333333333333, 0.3333333333333333, 0.3333333333333333, 0.3333333333333333]","[0.08152173913043478, 0.08152173913043478, 0.08152173913043478, 0.08152173913043478, 0.07777777777777778, 0.08333333333333333, 0.08333333333333333, 0.08333333333333333, 0.08333333333333333, 0.08333333333333333]","[0.25, 0.25, 0.25, 0.25, 0.25, 0.25, 0.25, 0.25, 0.25, 0.25]","[0.12295081967213115, 0.12295081967213115, 0.12295081967213115, 0.12295081967213115, 0.11864406779661017, 0.125, 0.125, 0.125, 0.125, 0.125]","[0.10633270321361059, 0.10633270321361059, 0.10633270321361059, 0.10633270321361059, 0.09679012345679014, 0.1111111111111111, 0.1111111111111111, 0.1111111111111111, 0.1111111111111111, 0.1111111111111111]","[0.32608695652173914, 0.32608695652173914, 0.32608695652173914, 0.32608695652173914, 0.3111111111111111, 0.3333333333333333, 0.3333333333333333, 0.3333333333333333, 0.3333333333333333, 0.3333333333333333]","[0.16037063435495366, 0.16037063435495366, 0.16037063435495366, 0.16037063435495366, 0.14764595103578154, 0.16666666666666666, 0.16666666666666666, 0.16666666666666666, 0.16666666666666666, 0.16666666666666666]","[array([[ 0,  0,  0, 12],
       [ 0,  0,  0,  9],
       [ 0,  0,  0, 10],
       [ 0,  0,  0, 15]]), array([[ 0,  0,  0, 12],
       [ 0,  0,  0,  9],
       [ 0,  0,  0, 10],
       [ 0,  0,  0, 15]]), array([[ 0,  0,  0, 11],
       [ 0,  0,  0, 10],
       [ 0,  0,  0, 10],
       [ 0,  0,  0, 15]]), array([[ 0,  0,  0, 11],
       [ 0,  0,  0, 10],
       [ 0,  0,  0, 10],
       [ 0,  0,  0, 15]]), array([[ 0,  0,  0, 11],
       [ 0,  0,  0, 10],
       [ 0,  0,  0, 10],
       [ 0,  0,  0, 14]]), array([[ 0,  0,  0, 11],
       [ 0,  0,  0, 10],
       [ 0,  0,  0,  9],
       [ 0,  0,  0, 15]]), array([[ 0,  0,  0, 11],
       [ 0,  0,  0,  9],
       [ 0,  0,  0, 10],
       [ 0,  0,  0, 15]]), array([[ 0,  0,  0, 11],
       [ 0,  0,  0,  9],
       [ 0,  0,  0, 10],
       [ 0,  0,  0, 15]]), array([[ 0,  0,  0, 11],
       [ 0,  0,  0,  9],
       [ 0,  0,  0, 10],
       [ 0,  0,  0, 15]]), array([[ 0,  0,  0, 11],
       [ 0,  0,  0,  9],
       [ 0,  0,  0, 10],
       [ 0,  0,  0, 15]])]"
1000,"[1.0, 1.0, 1.0, 1.0, 1.0, 1.0, 1.0, 1.0, 1.0, 1.0]","[1.0, 1.0, 1.0, 1.0, 1.0, 1.0, 1.0, 1.0, 1.0, 1.0]","[1.0, 1.0, 1.0, 1.0, 1.0, 1.0, 1.0, 1.0, 1.0, 1.0]","[1.0, 1.0, 1.0, 1.0, 1.0, 1.0, 1.0, 1.0, 1.0, 1.0]","[1.0, 1.0, 1.0, 1.0, 1.0, 1.0, 1.0, 1.0, 1.0, 1.0]","[1.0, 1.0, 1.0, 1.0, 1.0, 1.0, 1.0, 1.0, 1.0, 1.0]","[1.0, 1.0, 1.0, 1.0, 1.0, 1.0, 1.0, 1.0, 1.0, 1.0]","[1.0, 1.0, 1.0, 1.0, 1.0, 1.0, 1.0, 1.0, 1.0, 1.0]","[1.0, 1.0, 1.0, 1.0, 1.0, 1.0, 1.0, 1.0, 1.0, 1.0]","[1.0, 1.0, 1.0, 1.0, 1.0, 1.0, 1.0, 1.0, 1.0, 1.0]","[array([[134,   0,   0,   0],
       [  0, 134,   0,   0],
       [  0,   0, 134,   0],
       [  0,   0,   0, 134]]), array([[134,   0,   0,   0],
       [  0, 134,   0,   0],
       [  0,   0, 134,   0],
       [  0,   0,   0, 134]]), array([[134,   0,   0,   0],
       [  0, 134,   0,   0],
       [  0,   0, 134,   0],
       [  0,   0,   0, 134]]), array([[134,   0,   0,   0],
       [  0, 134,   0,   0],
       [  0,   0, 134,   0],
       [  0,   0,   0, 134]]), array([[135,   0,   0,   0],
       [  0, 135,   0,   0],
       [  0,   0, 135,   0],
       [  0,   0,   0, 135]]), array([[134,   0,   0,   0],
       [  0, 134,   0,   0],
       [  0,   0, 134,   0],
       [  0,   0,   0, 134]]), array([[134,   0,   0,   0],
       [  0, 134,   0,   0],
       [  0,   0, 134,   0],
       [  0,   0,   0, 134]]), array([[134,   0,   0,   0],
       [  0, 134,   0,   0],
       [  0,   0, 134,   0],
       [  0,   0,   0, 134]]), array([[134,   0,   0,   0],
       [  0, 134,   0,   0],
       [  0,   0, 134,   0],
       [  0,   0,   0, 134]]), array([[134,   0,   0,   0],
       [  0, 134,   0,   0],
       [  0,   0, 134,   0],
       [  0,   0,   0, 134]])]","[0.32608695652173914, 0.32608695652173914, 0.32608695652173914, 0.32608695652173914, 0.3111111111111111, 0.3333333333333333, 0.3333333333333333, 0.3333333333333333, 0.3333333333333333, 0.3333333333333333]","[0.32608695652173914, 0.32608695652173914, 0.32608695652173914, 0.32608695652173914, 0.3111111111111111, 0.3333333333333333, 0.3333333333333333, 0.3333333333333333, 0.3333333333333333, 0.3333333333333333]","[0.32608695652173914, 0.32608695652173914, 0.32608695652173914, 0.32608695652173914, 0.3111111111111111, 0.3333333333333333, 0.3333333333333333, 0.3333333333333333, 0.3333333333333333, 0.3333333333333333]","[0.32608695652173914, 0.32608695652173914, 0.32608695652173914, 0.32608695652173914, 0.3111111111111111, 0.3333333333333333, 0.3333333333333333, 0.3333333333333333, 0.3333333333333333, 0.3333333333333333]","[0.08152173913043478, 0.08152173913043478, 0.08152173913043478, 0.08152173913043478, 0.07777777777777778, 0.08333333333333333, 0.08333333333333333, 0.08333333333333333, 0.08333333333333333, 0.08333333333333333]","[0.25, 0.25, 0.25, 0.25, 0.25, 0.25, 0.25, 0.25, 0.25, 0.25]","[0.12295081967213115, 0.12295081967213115, 0.12295081967213115, 0.12295081967213115, 0.11864406779661017, 0.125, 0.125, 0.125, 0.125, 0.125]","[0.10633270321361059, 0.10633270321361059, 0.10633270321361059, 0.10633270321361059, 0.09679012345679014, 0.1111111111111111, 0.1111111111111111, 0.1111111111111111, 0.1111111111111111, 0.1111111111111111]","[0.32608695652173914, 0.32608695652173914, 0.32608695652173914, 0.32608695652173914, 0.3111111111111111, 0.3333333333333333, 0.3333333333333333, 0.3333333333333333, 0.3333333333333333, 0.3333333333333333]","[0.16037063435495366, 0.16037063435495366, 0.16037063435495366, 0.16037063435495366, 0.14764595103578154, 0.16666666666666666, 0.16666666666666666, 0.16666666666666666, 0.16666666666666666, 0.16666666666666666]","[array([[ 0,  0,  0, 12],
       [ 0,  0,  0,  9],
       [ 0,  0,  0, 10],
       [ 0,  0,  0, 15]]), array([[ 0,  0,  0, 12],
       [ 0,  0,  0,  9],
       [ 0,  0,  0, 10],
       [ 0,  0,  0, 15]]), array([[ 0,  0,  0, 11],
       [ 0,  0,  0, 10],
       [ 0,  0,  0, 10],
       [ 0,  0,  0, 15]]), array([[ 0,  0,  0, 11],
       [ 0,  0,  0, 10],
       [ 0,  0,  0, 10],
       [ 0,  0,  0, 15]]), array([[ 0,  0,  0, 11],
       [ 0,  0,  0, 10],
       [ 0,  0,  0, 10],
       [ 0,  0,  0, 14]]), array([[ 0,  0,  0, 11],
       [ 0,  0,  0, 10],
       [ 0,  0,  0,  9],
       [ 0,  0,  0, 15]]), array([[ 0,  0,  0, 11],
       [ 0,  0,  0,  9],
       [ 0,  0,  0, 10],
       [ 0,  0,  0, 15]]), array([[ 0,  0,  0, 11],
       [ 0,  0,  0,  9],
       [ 0,  0,  0, 10],
       [ 0,  0,  0, 15]]), array([[ 0,  0,  0, 11],
       [ 0,  0,  0,  9],
       [ 0,  0,  0, 10],
       [ 0,  0,  0, 15]]), array([[ 0,  0,  0, 11],
       [ 0,  0,  0,  9],
       [ 0,  0,  0, 10],
       [ 0,  0,  0, 15]])]"
scale,"[0.9384328358208955, 0.9402985074626866, 0.9291044776119403, 0.9253731343283582, 0.9407407407407408, 0.9309701492537313, 0.9440298507462687, 0.9347014925373134, 0.9365671641791045, 0.9384328358208955]","[0.9384328358208955, 0.9402985074626866, 0.9291044776119403, 0.9253731343283582, 0.9407407407407408, 0.9309701492537313, 0.9440298507462687, 0.9347014925373134, 0.9365671641791045, 0.9384328358208955]","[0.9384328358208955, 0.9402985074626866, 0.9291044776119403, 0.9253731343283582, 0.9407407407407408, 0.9309701492537313, 0.9440298507462687, 0.9347014925373134, 0.9365671641791045, 0.9384328358208955]","[0.9384328358208955, 0.9402985074626866, 0.9291044776119403, 0.9253731343283582, 0.9407407407407408, 0.9309701492537313, 0.9440298507462687, 0.9347014925373134, 0.9365671641791045, 0.9384328358208955]","[0.9393764157062315, 0.9411236911236911, 0.9305187776669103, 0.9266560714462733, 0.9425008709477777, 0.9319147146135809, 0.9451003370495203, 0.9359711902684631, 0.9373020201347211, 0.9398150916834601]","[0.9384328358208955, 0.9402985074626865, 0.9291044776119403, 0.9253731343283582, 0.9407407407407408, 0.9309701492537313, 0.9440298507462687, 0.9347014925373134, 0.9365671641791045, 0.9384328358208955]","[0.9382806248626799, 0.9402384672442988, 0.9290879809712992, 0.9254492382024216, 0.94048802891267, 0.9308320799226188, 0.9439202056092234, 0.9346107709068846, 0.9364509668325062, 0.9382756609679149]","[0.9393764157062315, 0.9411236911236912, 0.9305187776669103, 0.9266560714462732, 0.9425008709477777, 0.9319147146135808, 0.9451003370495203, 0.9359711902684632, 0.9373020201347212, 0.9398150916834601]","[0.9384328358208955, 0.9402985074626866, 0.9291044776119403, 0.9253731343283582, 0.9407407407407408, 0.9309701492537313, 0.9440298507462687, 0.9347014925373134, 0.9365671641791045, 0.9384328358208955]","[0.93828062486268, 0.9402384672442987, 0.9290879809712991, 0.9254492382024218, 0.9404880289126701, 0.9308320799226187, 0.9439202056092234, 0.9346107709068846, 0.9364509668325062, 0.9382756609679149]","[array([[129,   5,   0,   0],
       [  7, 125,   0,   2],
       [  0,   0, 130,   4],
       [  0,   1,  14, 119]]), array([[130,   4,   0,   0],
       [  2, 130,   0,   2],
       [  0,   0, 127,   7],
       [  0,   1,  16, 117]]), array([[126,   8,   0,   0],
       [  2, 128,   0,   4],
       [  0,   0, 128,   6],
       [  0,   1,  17, 116]]), array([[127,   6,   0,   1],
       [  3, 128,   0,   3],
       [  0,   0, 126,   8],
       [  0,   0,  19, 115]]), array([[131,   4,   0,   0],
       [  6, 126,   0,   3],
       [  0,   0, 133,   2],
       [  0,   1,  16, 118]]), array([[130,   4,   0,   0],
       [  6, 126,   0,   2],
       [  0,   0, 127,   7],
       [  0,   1,  17, 116]]), array([[130,   4,   0,   0],
       [  3, 128,   0,   3],
       [  0,   0, 130,   4],
       [  0,   1,  15, 118]]), array([[128,   5,   0,   1],
       [  3, 128,   0,   3],
       [  0,   0, 129,   5],
       [  0,   1,  17, 116]]), array([[132,   2,   0,   0],
       [  7, 124,   0,   3],
       [  0,   0, 127,   7],
       [  0,   1,  14, 119]]), array([[128,   5,   0,   1],
       [  5, 128,   0,   1],
       [  0,   0, 130,   4],
       [  0,   1,  16, 117]])]","[0.7608695652173914, 0.8260869565217391, 0.8478260869565217, 0.8913043478260869, 0.8222222222222222, 0.9333333333333333, 0.8, 0.8666666666666667, 0.8, 0.8444444444444444]","[0.7608695652173914, 0.8260869565217391, 0.8478260869565217, 0.8913043478260869, 0.8222222222222222, 0.9333333333333333, 0.8, 0.8666666666666667, 0.8, 0.8444444444444444]","[0.7608695652173914, 0.8260869565217391, 0.8478260869565217, 0.8913043478260869, 0.8222222222222222, 0.9333333333333333, 0.8, 0.8666666666666667, 0.8, 0.8444444444444444]","[0.7608695652173914, 0.8260869565217391, 0.8478260869565217, 0.8913043478260869, 0.8222222222222222, 0.9333333333333333, 0.8, 0.8666666666666667, 0.8, 0.8444444444444444]","[0.8083333333333333, 0.8351158645276292, 0.8652597402597404, 0.8901515151515151, 0.823989898989899, 0.9347222222222222, 0.815625, 0.86492673992674, 0.8246336996336996, 0.8510683760683762]","[0.7527777777777778, 0.8222222222222223, 0.8507575757575757, 0.8878787878787879, 0.8188311688311688, 0.9305555555555556, 0.7952020202020202, 0.8606060606060606, 0.8, 0.8517676767676767]","[0.7412535612535611, 0.8269490528858378, 0.8412014230979749, 0.888095238095238, 0.8196785066113559, 0.9315280956013221, 0.7928778446605272, 0.8544254658385093, 0.7982467532467532, 0.8464458247066943]","[0.8065217391304348, 0.8295099330904957, 0.8750705815923208, 0.8950592885375493, 0.8235465768799102, 0.9351851851851851, 0.8219444444444444, 0.8794057794057794, 0.8222629222629223, 0.8593162393162392]","[0.7608695652173914, 0.8260869565217391, 0.8478260869565217, 0.8913043478260869, 0.8222222222222222, 0.9333333333333333, 0.8, 0.8666666666666667, 0.8, 0.8444444444444444]","[0.7503530286138982, 0.8258848622027659, 0.8458389852692703, 0.8923395445134576, 0.8212139544262956, 0.9332316297991354, 0.798879952134055, 0.865320910973085, 0.7986320346320345, 0.8469289164941339]","[array([[12,  0,  0,  0],
       [ 3,  4,  1,  1],
       [ 0,  0,  9,  1],
       [ 0,  0,  5, 10]]), array([[10,  1,  0,  1],
       [ 1,  8,  0,  0],
       [ 0,  0,  7,  3],
       [ 0,  0,  2, 13]]), array([[ 7,  4,  0,  0],
       [ 0, 10,  0,  0],
       [ 0,  0,  9,  1],
       [ 0,  0,  2, 13]]), array([[ 9,  2,  0,  0],
       [ 1,  8,  0,  1],
       [ 0,  0, 10,  0],
       [ 0,  1,  0, 14]]), array([[ 9,  2,  0,  0],
       [ 1,  9,  0,  0],
       [ 0,  0,  7,  3],
       [ 0,  0,  2, 12]]), array([[11,  0,  0,  0],
       [ 1,  9,  0,  0],
       [ 0,  0,  8,  1],
       [ 0,  0,  1, 14]]), array([[ 7,  3,  1,  0],
       [ 0,  7,  0,  2],
       [ 0,  0,  9,  1],
       [ 0,  0,  2, 13]]), array([[10,  1,  0,  0],
       [ 2,  6,  1,  0],
       [ 0,  0, 10,  0],
       [ 0,  0,  2, 13]]), array([[11,  0,  0,  0],
       [ 3,  6,  0,  0],
       [ 0,  0,  8,  2],
       [ 0,  0,  4, 11]]), array([[ 9,  1,  1,  0],
       [ 1,  8,  0,  0],
       [ 0,  0,  9,  1],
       [ 0,  0,  3, 12]])]"
auto,"[0.9458955223880597, 0.9421641791044776, 0.9402985074626866, 0.9477611940298507, 0.95, 0.9365671641791045, 0.9533582089552238, 0.9347014925373134, 0.9421641791044776, 0.9440298507462687]","[0.9458955223880597, 0.9421641791044776, 0.9402985074626866, 0.9477611940298507, 0.95, 0.9365671641791045, 0.9533582089552238, 0.9347014925373134, 0.9421641791044776, 0.9440298507462687]","[0.9458955223880597, 0.9421641791044776, 0.9402985074626866, 0.9477611940298507, 0.95, 0.9365671641791045, 0.9533582089552238, 0.9347014925373134, 0.9421641791044776, 0.9440298507462687]","[0.9458955223880597, 0.9421641791044776, 0.9402985074626866, 0.9477611940298507, 0.95, 0.9365671641791045, 0.9533582089552238, 0.9347014925373134, 0.9421641791044776, 0.9440298507462687]","[0.9468889158227394, 0.9439020012051175, 0.9409440622989407, 0.9491217327146136, 0.9515147932125162, 0.9373460649139815, 0.955377010387573, 0.9354886755036009, 0.9431230479469142, 0.9449351221199025]","[0.9458955223880596, 0.9421641791044776, 0.9402985074626866, 0.9477611940298508, 0.95, 0.9365671641791045, 0.9533582089552238, 0.9347014925373135, 0.9421641791044777, 0.9440298507462687]","[0.9457999334797895, 0.9419454910197861, 0.9402958475094563, 0.947720292289021, 0.9498335517550952, 0.9364571113583442, 0.9531468406087623, 0.9345840022667977, 0.942019269167362, 0.9440019642994563]","[0.9468889158227393, 0.9439020012051176, 0.9409440622989407, 0.9491217327146136, 0.951514793212516, 0.9373460649139814, 0.9553770103875728, 0.9354886755036009, 0.9431230479469142, 0.9449351221199025]","[0.9458955223880597, 0.9421641791044776, 0.9402985074626866, 0.9477611940298507, 0.95, 0.9365671641791045, 0.9533582089552238, 0.9347014925373134, 0.9421641791044776, 0.9440298507462687]","[0.9457999334797895, 0.941945491019786, 0.9402958475094563, 0.9477202922890211, 0.9498335517550951, 0.9364571113583443, 0.9531468406087623, 0.9345840022667977, 0.942019269167362, 0.9440019642994564]","[array([[127,   6,   0,   1],
       [  3, 129,   0,   2],
       [  0,   0, 131,   3],
       [  0,   1,  13, 120]]), array([[131,   3,   0,   0],
       [  6, 126,   0,   2],
       [  0,   0, 131,   3],
       [  0,   1,  16, 117]]), array([[130,   4,   0,   0],
       [  2, 129,   0,   3],
       [  0,   0, 127,   7],
       [  0,   1,  15, 118]]), array([[130,   4,   0,   0],
       [  2, 131,   0,   1],
       [  0,   0, 129,   5],
       [  0,   0,  16, 118]]), array([[133,   2,   0,   0],
       [  3, 131,   0,   1],
       [  0,   0, 131,   4],
       [  0,   1,  16, 118]]), array([[131,   3,   0,   0],
       [  5, 127,   0,   2],
       [  0,   0, 127,   7],
       [  0,   1,  16, 117]]), array([[133,   1,   0,   0],
       [  3, 129,   0,   2],
       [  0,   0, 132,   2],
       [  0,   1,  16, 117]]), array([[130,   4,   0,   0],
       [  4, 129,   0,   1],
       [  0,   0, 126,   8],
       [  0,   1,  17, 116]]), array([[130,   4,   0,   0],
       [  6, 126,   0,   2],
       [  0,   0, 130,   4],
       [  0,   1,  14, 119]]), array([[130,   3,   0,   1],
       [  2, 129,   0,   3],
       [  0,   0, 129,   5],
       [  0,   1,  15, 118]])]","[0.7391304347826086, 0.8478260869565217, 0.8695652173913043, 0.8260869565217391, 0.8, 0.9333333333333333, 0.7777777777777778, 0.8444444444444444, 0.8222222222222222, 0.8444444444444444]","[0.7391304347826086, 0.8478260869565217, 0.8695652173913043, 0.8260869565217391, 0.8, 0.9333333333333333, 0.7777777777777778, 0.8444444444444444, 0.8222222222222222, 0.8444444444444444]","[0.7391304347826086, 0.8478260869565217, 0.8695652173913043, 0.8260869565217391, 0.8, 0.9333333333333333, 0.7777777777777778, 0.8444444444444444, 0.8222222222222222, 0.8444444444444444]","[0.7391304347826086, 0.8478260869565217, 0.8695652173913043, 0.8260869565217391, 0.8, 0.9333333333333333, 0.7777777777777778, 0.8444444444444444, 0.8222222222222222, 0.8444444444444444]","[0.7851190476190476, 0.8526199494949496, 0.8869047619047619, 0.835427807486631, 0.8041666666666667, 0.9316378066378066, 0.7760416666666666, 0.8422619047619049, 0.8397435897435898, 0.8496642246642248]","[0.7388888888888889, 0.8472222222222222, 0.8674242424242424, 0.812878787878788, 0.7961038961038961, 0.9388888888888889, 0.7674242424242425, 0.8356060606060606, 0.8277777777777777, 0.8457070707070707]","[0.736007326007326, 0.849290945924887, 0.8611111111111112, 0.8205176767676767, 0.7956525325853819, 0.934455391351943, 0.7651000668827495, 0.8335746899277634, 0.8261634199134198, 0.8420123271697485]","[0.7797619047619048, 0.8499258893280632, 0.8944099378881987, 0.8337595907928389, 0.8056790123456791, 0.9337662337662337, 0.7847222222222222, 0.8513227513227514, 0.837037037037037, 0.8584316917650251]","[0.7391304347826086, 0.8478260869565217, 0.8695652173913043, 0.8260869565217391, 0.8, 0.9333333333333333, 0.7777777777777778, 0.8444444444444444, 0.8222222222222222, 0.8444444444444444]","[0.73707596751075, 0.8481614732605647, 0.8671497584541062, 0.8263888888888888, 0.7985876918000331, 0.9327130085750777, 0.774838366688961, 0.8432291430042556, 0.8225949975949974, 0.8460969515242379]","[array([[12,  0,  0,  0],
       [ 2,  5,  1,  1],
       [ 0,  0,  8,  2],
       [ 0,  0,  6,  9]]), array([[10,  1,  0,  1],
       [ 1,  8,  0,  0],
       [ 0,  0,  8,  2],
       [ 0,  0,  2, 13]]), array([[ 7,  4,  0,  0],
       [ 0, 10,  0,  0],
       [ 0,  0,  9,  1],
       [ 0,  0,  1, 14]]), array([[ 9,  2,  0,  0],
       [ 2,  7,  0,  1],
       [ 0,  0,  8,  2],
       [ 0,  1,  0, 14]]), array([[ 8,  3,  0,  0],
       [ 1,  9,  0,  0],
       [ 0,  0,  7,  3],
       [ 0,  0,  2, 12]]), array([[11,  0,  0,  0],
       [ 0, 10,  0,  0],
       [ 0,  0,  8,  1],
       [ 0,  1,  1, 13]]), array([[ 7,  3,  1,  0],
       [ 1,  6,  0,  2],
       [ 0,  0,  9,  1],
       [ 0,  0,  2, 13]]), array([[10,  1,  0,  0],
       [ 2,  6,  1,  0],
       [ 0,  0,  9,  1],
       [ 0,  0,  2, 13]]), array([[11,  0,  0,  0],
       [ 2,  7,  0,  0],
       [ 0,  0,  8,  2],
       [ 0,  0,  4, 11]]), array([[ 8,  1,  2,  0],
       [ 1,  8,  0,  0],
       [ 0,  0,  9,  1],
       [ 0,  0,  2, 13]])]"
