colsample_bytree value,Train_Accuracy,Train_Precision_micro,Train_Recall_micro,Train_f1_micro,Train_Precision_macro,Train_Recall_macro,Train_f1_macro,Train_Precision_weighted,Train_Recall_weighted,Train_f1_weighted,Train_Confusion_Matrix,Test_Accuracy,Test_Precision_micro,Test_Recall_micro,Test_f1_micro,Test_Precision_macro,Test_Recall_macro,Test_f1_macro,Test_Precision_weighted,Test_Recall_weighted,Test_f1_weighted,Test_Confusion_Matrix
0.6,"[1.0, 1.0, 1.0, 1.0, 1.0, 1.0, 1.0, 1.0, 1.0, 1.0]","[1.0, 1.0, 1.0, 1.0, 1.0, 1.0, 1.0, 1.0, 1.0, 1.0]","[1.0, 1.0, 1.0, 1.0, 1.0, 1.0, 1.0, 1.0, 1.0, 1.0]","[1.0, 1.0, 1.0, 1.0, 1.0, 1.0, 1.0, 1.0, 1.0, 1.0]","[1.0, 1.0, 1.0, 1.0, 1.0, 1.0, 1.0, 1.0, 1.0, 1.0]","[1.0, 1.0, 1.0, 1.0, 1.0, 1.0, 1.0, 1.0, 1.0, 1.0]","[1.0, 1.0, 1.0, 1.0, 1.0, 1.0, 1.0, 1.0, 1.0, 1.0]","[1.0, 1.0, 1.0, 1.0, 1.0, 1.0, 1.0, 1.0, 1.0, 1.0]","[1.0, 1.0, 1.0, 1.0, 1.0, 1.0, 1.0, 1.0, 1.0, 1.0]","[1.0, 1.0, 1.0, 1.0, 1.0, 1.0, 1.0, 1.0, 1.0, 1.0]","[array([[100,   0,   0,   0],
       [  0,  85,   0,   0],
       [  0,   0,  89,   0],
       [  0,   0,   0, 134]]), array([[100,   0,   0,   0],
       [  0,  85,   0,   0],
       [  0,   0,  89,   0],
       [  0,   0,   0, 134]]), array([[101,   0,   0,   0],
       [  0,  84,   0,   0],
       [  0,   0,  89,   0],
       [  0,   0,   0, 134]]), array([[101,   0,   0,   0],
       [  0,  84,   0,   0],
       [  0,   0,  89,   0],
       [  0,   0,   0, 134]]), array([[101,   0,   0,   0],
       [  0,  84,   0,   0],
       [  0,   0,  89,   0],
       [  0,   0,   0, 135]]), array([[101,   0,   0,   0],
       [  0,  84,   0,   0],
       [  0,   0,  90,   0],
       [  0,   0,   0, 134]]), array([[101,   0,   0,   0],
       [  0,  85,   0,   0],
       [  0,   0,  89,   0],
       [  0,   0,   0, 134]]), array([[101,   0,   0,   0],
       [  0,  85,   0,   0],
       [  0,   0,  89,   0],
       [  0,   0,   0, 134]]), array([[101,   0,   0,   0],
       [  0,  85,   0,   0],
       [  0,   0,  89,   0],
       [  0,   0,   0, 134]]), array([[101,   0,   0,   0],
       [  0,  85,   0,   0],
       [  0,   0,  89,   0],
       [  0,   0,   0, 134]])]","[0.7608695652173914, 0.7608695652173914, 0.8478260869565217, 0.6956521739130435, 0.6888888888888889, 0.8444444444444444, 0.6444444444444445, 0.8444444444444444, 0.7555555555555555, 0.8]","[0.7608695652173914, 0.7608695652173914, 0.8478260869565217, 0.6956521739130435, 0.6888888888888889, 0.8444444444444444, 0.6444444444444445, 0.8444444444444444, 0.7555555555555555, 0.8]","[0.7608695652173914, 0.7608695652173914, 0.8478260869565217, 0.6956521739130435, 0.6888888888888889, 0.8444444444444444, 0.6444444444444445, 0.8444444444444444, 0.7555555555555555, 0.8]","[0.7608695652173914, 0.7608695652173914, 0.8478260869565218, 0.6956521739130435, 0.6888888888888889, 0.8444444444444444, 0.6444444444444445, 0.8444444444444444, 0.7555555555555555, 0.8000000000000002]","[0.7726190476190476, 0.7651515151515151, 0.8531045751633988, 0.714605614973262, 0.6951312576312576, 0.8627005347593584, 0.6795634920634921, 0.8432817182817183, 0.786904761904762, 0.8188131313131313]","[0.7583333333333333, 0.7680555555555555, 0.8378787878787879, 0.6924242424242424, 0.6779220779220779, 0.8323232323232324, 0.6363636363636364, 0.8356060606060606, 0.7522727272727272, 0.8017676767676767]","[0.7609848484848485, 0.7628787878787879, 0.843562030075188, 0.6996527777777777, 0.6752733282481566, 0.8422619047619048, 0.6428571428571428, 0.8342569786535304, 0.7583333333333333, 0.8074372759856631]","[0.7691511387163561, 0.7683794466403162, 0.8509093492469451, 0.7069460590560334, 0.7004341337674671, 0.8561259655377302, 0.67989417989418, 0.8508047508047508, 0.7746031746031747, 0.8136363636363636]","[0.7608695652173914, 0.7608695652173914, 0.8478260869565217, 0.6956521739130435, 0.6888888888888889, 0.8444444444444444, 0.6444444444444445, 0.8444444444444444, 0.7555555555555555, 0.8]","[0.7613636363636364, 0.7612648221343873, 0.8472744360902256, 0.6976147342995169, 0.6836997485662626, 0.8455026455026454, 0.6476190476190475, 0.843030468892538, 0.7555555555555555, 0.8039904420549582]","[array([[10,  1,  0,  1],
       [ 2,  6,  0,  1],
       [ 0,  0,  8,  2],
       [ 0,  0,  4, 11]]), array([[ 9,  2,  0,  1],
       [ 1,  8,  0,  0],
       [ 0,  0,  7,  3],
       [ 0,  1,  3, 11]]), array([[ 9,  2,  0,  0],
       [ 1,  8,  0,  1],
       [ 0,  0,  8,  2],
       [ 0,  0,  1, 14]]), array([[ 7,  2,  0,  2],
       [ 2,  7,  0,  1],
       [ 0,  0,  7,  3],
       [ 1,  2,  1, 11]]), array([[ 5,  6,  0,  0],
       [ 2,  7,  0,  1],
       [ 0,  0,  7,  3],
       [ 0,  0,  2, 12]]), array([[ 9,  2,  0,  0],
       [ 1,  8,  0,  1],
       [ 0,  0,  7,  2],
       [ 0,  1,  0, 14]]), array([[ 6,  4,  0,  1],
       [ 1,  6,  0,  2],
       [ 0,  0,  6,  4],
       [ 0,  2,  2, 11]]), array([[10,  1,  0,  0],
       [ 3,  6,  0,  0],
       [ 0,  0,  9,  1],
       [ 0,  0,  2, 13]]), array([[10,  0,  0,  1],
       [ 3,  6,  0,  0],
       [ 0,  0,  7,  3],
       [ 1,  0,  3, 11]]), array([[ 9,  1,  1,  0],
       [ 0,  8,  0,  1],
       [ 0,  0,  7,  3],
       [ 0,  0,  3, 12]])]"
0.7,"[1.0, 1.0, 1.0, 1.0, 1.0, 1.0, 1.0, 1.0, 1.0, 1.0]","[1.0, 1.0, 1.0, 1.0, 1.0, 1.0, 1.0, 1.0, 1.0, 1.0]","[1.0, 1.0, 1.0, 1.0, 1.0, 1.0, 1.0, 1.0, 1.0, 1.0]","[1.0, 1.0, 1.0, 1.0, 1.0, 1.0, 1.0, 1.0, 1.0, 1.0]","[1.0, 1.0, 1.0, 1.0, 1.0, 1.0, 1.0, 1.0, 1.0, 1.0]","[1.0, 1.0, 1.0, 1.0, 1.0, 1.0, 1.0, 1.0, 1.0, 1.0]","[1.0, 1.0, 1.0, 1.0, 1.0, 1.0, 1.0, 1.0, 1.0, 1.0]","[1.0, 1.0, 1.0, 1.0, 1.0, 1.0, 1.0, 1.0, 1.0, 1.0]","[1.0, 1.0, 1.0, 1.0, 1.0, 1.0, 1.0, 1.0, 1.0, 1.0]","[1.0, 1.0, 1.0, 1.0, 1.0, 1.0, 1.0, 1.0, 1.0, 1.0]","[array([[100,   0,   0,   0],
       [  0,  85,   0,   0],
       [  0,   0,  89,   0],
       [  0,   0,   0, 134]]), array([[100,   0,   0,   0],
       [  0,  85,   0,   0],
       [  0,   0,  89,   0],
       [  0,   0,   0, 134]]), array([[101,   0,   0,   0],
       [  0,  84,   0,   0],
       [  0,   0,  89,   0],
       [  0,   0,   0, 134]]), array([[101,   0,   0,   0],
       [  0,  84,   0,   0],
       [  0,   0,  89,   0],
       [  0,   0,   0, 134]]), array([[101,   0,   0,   0],
       [  0,  84,   0,   0],
       [  0,   0,  89,   0],
       [  0,   0,   0, 135]]), array([[101,   0,   0,   0],
       [  0,  84,   0,   0],
       [  0,   0,  90,   0],
       [  0,   0,   0, 134]]), array([[101,   0,   0,   0],
       [  0,  85,   0,   0],
       [  0,   0,  89,   0],
       [  0,   0,   0, 134]]), array([[101,   0,   0,   0],
       [  0,  85,   0,   0],
       [  0,   0,  89,   0],
       [  0,   0,   0, 134]]), array([[101,   0,   0,   0],
       [  0,  85,   0,   0],
       [  0,   0,  89,   0],
       [  0,   0,   0, 134]]), array([[101,   0,   0,   0],
       [  0,  85,   0,   0],
       [  0,   0,  89,   0],
       [  0,   0,   0, 134]])]","[0.782608695652174, 0.8043478260869565, 0.782608695652174, 0.8478260869565217, 0.7777777777777778, 0.8444444444444444, 0.6222222222222222, 0.7555555555555555, 0.8222222222222222, 0.8]","[0.782608695652174, 0.8043478260869565, 0.782608695652174, 0.8478260869565217, 0.7777777777777778, 0.8444444444444444, 0.6222222222222222, 0.7555555555555555, 0.8222222222222222, 0.8]","[0.782608695652174, 0.8043478260869565, 0.782608695652174, 0.8478260869565217, 0.7777777777777778, 0.8444444444444444, 0.6222222222222222, 0.7555555555555555, 0.8222222222222222, 0.8]","[0.782608695652174, 0.8043478260869565, 0.782608695652174, 0.8478260869565218, 0.7777777777777778, 0.8444444444444444, 0.6222222222222222, 0.7555555555555555, 0.8222222222222222, 0.8000000000000002]","[0.8115384615384615, 0.8087606837606838, 0.8229166666666666, 0.8526199494949495, 0.7753968253968254, 0.8420454545454545, 0.6266447368421053, 0.7655812324929971, 0.8551587301587301, 0.8277777777777777]","[0.7791666666666667, 0.8013888888888889, 0.7590909090909091, 0.8439393939393939, 0.7733766233766234, 0.8323232323232324, 0.6002525252525253, 0.7328282828282828, 0.8, 0.7957070707070707]","[0.7851515151515152, 0.8024372759856631, 0.7678144224196856, 0.8474764624170398, 0.7711038961038962, 0.8362342590995343, 0.6048331613347093, 0.7364583333333333, 0.8085918003565062, 0.8047182349813927]","[0.8004459308807135, 0.802257525083612, 0.816123188405797, 0.8494867149758454, 0.782716049382716, 0.8444444444444444, 0.6327485380116958, 0.7628384687208217, 0.8417989417989418, 0.8185185185185185]","[0.782608695652174, 0.8043478260869565, 0.782608695652174, 0.8478260869565217, 0.7777777777777778, 0.8444444444444444, 0.6222222222222222, 0.7555555555555555, 0.8222222222222222, 0.8]","[0.7833201581027668, 0.8008602150537634, 0.7768507236470622, 0.847862995497158, 0.7771717171717173, 0.8435589289479233, 0.6184000305775332, 0.7478703703703704, 0.8148021390374331, 0.8018075491759703]","[array([[11,  0,  0,  1],
       [ 2,  6,  0,  1],
       [ 0,  0,  8,  2],
       [ 0,  0,  4, 11]]), array([[11,  0,  0,  1],
       [ 1,  8,  0,  0],
       [ 1,  0,  6,  3],
       [ 0,  1,  2, 12]]), array([[ 7,  4,  0,  0],
       [ 1,  8,  0,  1],
       [ 0,  0,  6,  4],
       [ 0,  0,  0, 15]]), array([[10,  1,  0,  0],
       [ 1,  8,  0,  1],
       [ 0,  0,  8,  2],
       [ 0,  1,  1, 13]]), array([[ 7,  4,  0,  0],
       [ 2,  8,  0,  0],
       [ 0,  0,  8,  2],
       [ 0,  0,  2, 12]]), array([[ 9,  2,  0,  0],
       [ 2,  8,  0,  0],
       [ 0,  0,  7,  2],
       [ 0,  0,  1, 14]]), array([[ 6,  4,  1,  0],
       [ 1,  5,  0,  3],
       [ 1,  0,  5,  4],
       [ 0,  1,  2, 12]]), array([[10,  1,  0,  0],
       [ 4,  5,  0,  0],
       [ 0,  0,  6,  4],
       [ 0,  0,  2, 13]]), array([[11,  0,  0,  0],
       [ 3,  6,  0,  0],
       [ 0,  0,  6,  4],
       [ 0,  0,  1, 14]]), array([[ 8,  1,  1,  1],
       [ 0,  8,  0,  1],
       [ 0,  0,  7,  3],
       [ 0,  0,  2, 13]])]"
0.8,"[1.0, 1.0, 1.0, 1.0, 1.0, 1.0, 1.0, 1.0, 1.0, 1.0]","[1.0, 1.0, 1.0, 1.0, 1.0, 1.0, 1.0, 1.0, 1.0, 1.0]","[1.0, 1.0, 1.0, 1.0, 1.0, 1.0, 1.0, 1.0, 1.0, 1.0]","[1.0, 1.0, 1.0, 1.0, 1.0, 1.0, 1.0, 1.0, 1.0, 1.0]","[1.0, 1.0, 1.0, 1.0, 1.0, 1.0, 1.0, 1.0, 1.0, 1.0]","[1.0, 1.0, 1.0, 1.0, 1.0, 1.0, 1.0, 1.0, 1.0, 1.0]","[1.0, 1.0, 1.0, 1.0, 1.0, 1.0, 1.0, 1.0, 1.0, 1.0]","[1.0, 1.0, 1.0, 1.0, 1.0, 1.0, 1.0, 1.0, 1.0, 1.0]","[1.0, 1.0, 1.0, 1.0, 1.0, 1.0, 1.0, 1.0, 1.0, 1.0]","[1.0, 1.0, 1.0, 1.0, 1.0, 1.0, 1.0, 1.0, 1.0, 1.0]","[array([[100,   0,   0,   0],
       [  0,  85,   0,   0],
       [  0,   0,  89,   0],
       [  0,   0,   0, 134]]), array([[100,   0,   0,   0],
       [  0,  85,   0,   0],
       [  0,   0,  89,   0],
       [  0,   0,   0, 134]]), array([[101,   0,   0,   0],
       [  0,  84,   0,   0],
       [  0,   0,  89,   0],
       [  0,   0,   0, 134]]), array([[101,   0,   0,   0],
       [  0,  84,   0,   0],
       [  0,   0,  89,   0],
       [  0,   0,   0, 134]]), array([[101,   0,   0,   0],
       [  0,  84,   0,   0],
       [  0,   0,  89,   0],
       [  0,   0,   0, 135]]), array([[101,   0,   0,   0],
       [  0,  84,   0,   0],
       [  0,   0,  90,   0],
       [  0,   0,   0, 134]]), array([[101,   0,   0,   0],
       [  0,  85,   0,   0],
       [  0,   0,  89,   0],
       [  0,   0,   0, 134]]), array([[101,   0,   0,   0],
       [  0,  85,   0,   0],
       [  0,   0,  89,   0],
       [  0,   0,   0, 134]]), array([[101,   0,   0,   0],
       [  0,  85,   0,   0],
       [  0,   0,  89,   0],
       [  0,   0,   0, 134]]), array([[101,   0,   0,   0],
       [  0,  85,   0,   0],
       [  0,   0,  89,   0],
       [  0,   0,   0, 134]])]","[0.717391304347826, 0.8478260869565217, 0.8260869565217391, 0.8043478260869565, 0.7777777777777778, 0.7333333333333333, 0.6, 0.7555555555555555, 0.7555555555555555, 0.8]","[0.717391304347826, 0.8478260869565217, 0.8260869565217391, 0.8043478260869565, 0.7777777777777778, 0.7333333333333333, 0.6, 0.7555555555555555, 0.7555555555555555, 0.8]","[0.717391304347826, 0.8478260869565217, 0.8260869565217391, 0.8043478260869565, 0.7777777777777778, 0.7333333333333333, 0.6, 0.7555555555555555, 0.7555555555555555, 0.8]","[0.717391304347826, 0.8478260869565218, 0.8260869565217391, 0.8043478260869565, 0.7777777777777778, 0.7333333333333333, 0.6, 0.7555555555555555, 0.7555555555555555, 0.8000000000000002]","[0.7657509157509158, 0.8647875816993463, 0.8270944741532977, 0.8068181818181819, 0.7829861111111112, 0.7388392857142858, 0.6287280701754385, 0.7708333333333334, 0.7533730158730159, 0.8345959595959596]","[0.7069444444444445, 0.8430555555555556, 0.812878787878788, 0.8045454545454545, 0.7662337662337664, 0.7073232323232324, 0.5797979797979798, 0.7351010101010101, 0.7573232323232324, 0.7979797979797979]","[0.7038766941315667, 0.851796310629515, 0.8180322966507176, 0.8047619047619049, 0.7679292929292929, 0.7075345622119815, 0.5784129441250184, 0.7434990638651965, 0.7547517907712811, 0.804112554112554]","[0.7536550406115623, 0.8532253481102586, 0.8265132139812446, 0.808102766798419, 0.7854938271604938, 0.7435317460317461, 0.6375633528265108, 0.7635802469135803, 0.7563492063492063, 0.8245791245791246]","[0.717391304347826, 0.8478260869565217, 0.8260869565217391, 0.8043478260869565, 0.7777777777777778, 0.7333333333333333, 0.6, 0.7555555555555555, 0.7555555555555555, 0.8]","[0.7090780139473184, 0.8484023758244715, 0.8242276887871852, 0.8053830227743272, 0.7751964085297418, 0.7254111623143882, 0.5931053123003588, 0.7510066338441624, 0.7552890221555889, 0.7998396665063331]","[array([[11,  0,  0,  1],
       [ 4,  4,  0,  1],
       [ 0,  0,  8,  2],
       [ 0,  0,  5, 10]]), array([[11,  0,  0,  1],
       [ 1,  8,  0,  0],
       [ 0,  0,  7,  3],
       [ 0,  0,  2, 13]]), array([[ 9,  2,  0,  0],
       [ 2,  7,  0,  1],
       [ 0,  0,  8,  2],
       [ 0,  0,  1, 14]]), array([[ 9,  1,  1,  0],
       [ 1,  8,  0,  1],
       [ 0,  0,  8,  2],
       [ 0,  2,  1, 12]]), array([[ 7,  4,  0,  0],
       [ 2,  8,  0,  0],
       [ 0,  0,  7,  3],
       [ 0,  0,  1, 13]]), array([[ 9,  2,  0,  0],
       [ 3,  7,  0,  0],
       [ 2,  0,  4,  3],
       [ 0,  1,  1, 13]]), array([[ 4,  6,  1,  0],
       [ 1,  5,  0,  3],
       [ 0,  0,  6,  4],
       [ 0,  1,  2, 12]]), array([[ 9,  1,  0,  1],
       [ 3,  5,  0,  1],
       [ 0,  0,  7,  3],
       [ 0,  0,  2, 13]]), array([[ 9,  2,  0,  0],
       [ 2,  7,  0,  0],
       [ 0,  0,  7,  3],
       [ 1,  0,  3, 11]]), array([[ 7,  1,  1,  2],
       [ 0,  8,  0,  1],
       [ 0,  0,  8,  2],
       [ 0,  0,  2, 13]])]"
0.9,"[1.0, 1.0, 1.0, 1.0, 1.0, 1.0, 1.0, 1.0, 1.0, 1.0]","[1.0, 1.0, 1.0, 1.0, 1.0, 1.0, 1.0, 1.0, 1.0, 1.0]","[1.0, 1.0, 1.0, 1.0, 1.0, 1.0, 1.0, 1.0, 1.0, 1.0]","[1.0, 1.0, 1.0, 1.0, 1.0, 1.0, 1.0, 1.0, 1.0, 1.0]","[1.0, 1.0, 1.0, 1.0, 1.0, 1.0, 1.0, 1.0, 1.0, 1.0]","[1.0, 1.0, 1.0, 1.0, 1.0, 1.0, 1.0, 1.0, 1.0, 1.0]","[1.0, 1.0, 1.0, 1.0, 1.0, 1.0, 1.0, 1.0, 1.0, 1.0]","[1.0, 1.0, 1.0, 1.0, 1.0, 1.0, 1.0, 1.0, 1.0, 1.0]","[1.0, 1.0, 1.0, 1.0, 1.0, 1.0, 1.0, 1.0, 1.0, 1.0]","[1.0, 1.0, 1.0, 1.0, 1.0, 1.0, 1.0, 1.0, 1.0, 1.0]","[array([[100,   0,   0,   0],
       [  0,  85,   0,   0],
       [  0,   0,  89,   0],
       [  0,   0,   0, 134]]), array([[100,   0,   0,   0],
       [  0,  85,   0,   0],
       [  0,   0,  89,   0],
       [  0,   0,   0, 134]]), array([[101,   0,   0,   0],
       [  0,  84,   0,   0],
       [  0,   0,  89,   0],
       [  0,   0,   0, 134]]), array([[101,   0,   0,   0],
       [  0,  84,   0,   0],
       [  0,   0,  89,   0],
       [  0,   0,   0, 134]]), array([[101,   0,   0,   0],
       [  0,  84,   0,   0],
       [  0,   0,  89,   0],
       [  0,   0,   0, 135]]), array([[101,   0,   0,   0],
       [  0,  84,   0,   0],
       [  0,   0,  90,   0],
       [  0,   0,   0, 134]]), array([[101,   0,   0,   0],
       [  0,  85,   0,   0],
       [  0,   0,  89,   0],
       [  0,   0,   0, 134]]), array([[101,   0,   0,   0],
       [  0,  85,   0,   0],
       [  0,   0,  89,   0],
       [  0,   0,   0, 134]]), array([[101,   0,   0,   0],
       [  0,  85,   0,   0],
       [  0,   0,  89,   0],
       [  0,   0,   0, 134]]), array([[101,   0,   0,   0],
       [  0,  85,   0,   0],
       [  0,   0,  89,   0],
       [  0,   0,   0, 134]])]","[0.782608695652174, 0.8043478260869565, 0.7391304347826086, 0.8695652173913043, 0.8, 0.7555555555555555, 0.6444444444444445, 0.7333333333333333, 0.8, 0.8444444444444444]","[0.782608695652174, 0.8043478260869565, 0.7391304347826086, 0.8695652173913043, 0.8, 0.7555555555555555, 0.6444444444444445, 0.7333333333333333, 0.8, 0.8444444444444444]","[0.782608695652174, 0.8043478260869565, 0.7391304347826086, 0.8695652173913043, 0.8, 0.7555555555555555, 0.6444444444444445, 0.7333333333333333, 0.8, 0.8444444444444444]","[0.782608695652174, 0.8043478260869565, 0.7391304347826085, 0.8695652173913043, 0.8000000000000002, 0.7555555555555555, 0.6444444444444445, 0.7333333333333333, 0.8000000000000002, 0.8444444444444444]","[0.8159340659340659, 0.8092171717171717, 0.7708333333333334, 0.8822916666666667, 0.7999999999999999, 0.7626488095238095, 0.6467086834733894, 0.742395104895105, 0.804162851037851, 0.8751827485380117]","[0.7763888888888889, 0.8055555555555556, 0.7113636363636363, 0.8666666666666667, 0.7912337662337663, 0.7356060606060606, 0.6303030303030304, 0.7156565656565657, 0.7856060606060605, 0.8351010101010101]","[0.7754172364367267, 0.8056765335498635, 0.7187713602187287, 0.8710300763596697, 0.7914824286421382, 0.7365439351919427, 0.627140768588137, 0.7143817204301076, 0.7897212790039615, 0.847549019607843]","[0.8073339703774487, 0.8073232323232323, 0.7681159420289856, 0.8754528985507245, 0.805432098765432, 0.7639550264550264, 0.6580454403983816, 0.7408469308469309, 0.8031355989689323, 0.862280701754386]","[0.782608695652174, 0.8043478260869565, 0.7391304347826086, 0.8695652173913043, 0.8, 0.7555555555555555, 0.6444444444444445, 0.7333333333333333, 0.8, 0.8444444444444444]","[0.7779959757340632, 0.8042403099033638, 0.7319162530833011, 0.8693755039263913, 0.7987889787163835, 0.7483230347556723, 0.6404390606144992, 0.7249957330602492, 0.7970162862353015, 0.8451270878721858]","[array([[11,  0,  0,  1],
       [ 3,  5,  0,  1],
       [ 0,  0,  9,  1],
       [ 0,  0,  4, 11]]), array([[10,  1,  0,  1],
       [ 1,  8,  0,  0],
       [ 0,  0,  7,  3],
       [ 0,  1,  2, 12]]), array([[ 6,  5,  0,  0],
       [ 2,  7,  0,  1],
       [ 0,  0,  6,  4],
       [ 0,  0,  0, 15]]), array([[11,  0,  0,  0],
       [ 1,  8,  0,  1],
       [ 0,  0,  8,  2],
       [ 0,  2,  0, 13]]), array([[ 7,  4,  0,  0],
       [ 2,  8,  0,  0],
       [ 0,  0,  8,  2],
       [ 0,  0,  1, 13]]), array([[10,  1,  0,  0],
       [ 5,  5,  0,  0],
       [ 0,  0,  6,  3],
       [ 0,  1,  1, 13]]), array([[ 5,  5,  1,  0],
       [ 1,  6,  0,  2],
       [ 1,  0,  6,  3],
       [ 0,  1,  2, 12]]), array([[ 9,  1,  0,  1],
       [ 4,  4,  0,  1],
       [ 0,  0,  8,  2],
       [ 0,  0,  3, 12]]), array([[10,  1,  0,  0],
       [ 3,  6,  0,  0],
       [ 0,  0,  7,  3],
       [ 0,  0,  2, 13]]), array([[ 9,  1,  0,  1],
       [ 0,  8,  0,  1],
       [ 0,  0,  7,  3],
       [ 0,  0,  1, 14]])]"
