Algorithm,Train_Accuracy,Train_Precision_micro,Train_Recall_micro,Train_f1_micro,Train_Precision_macro,Train_Recall_macro,Train_f1_macro,Train_Precision_weighted,Train_Recall_weighted,Train_f1_weighted,Train_Confusion_Matrix,Test_Accuracy,Test_Precision_micro,Test_Recall_micro,Test_f1_micro,Test_Precision_macro,Test_Recall_macro,Test_f1_macro,Test_Precision_weighted,Test_Recall_weighted,Test_f1_weighted,Test_Confusion_Matrix
"KNN ({'metric': 'euclidean', 'n_neighbors': 30, 'weights': 'distance'}):","[1.0, 1.0, 1.0, 1.0, 1.0, 1.0, 1.0, 1.0, 1.0, 1.0]","[1.0, 1.0, 1.0, 1.0, 1.0, 1.0, 1.0, 1.0, 1.0, 1.0]","[1.0, 1.0, 1.0, 1.0, 1.0, 1.0, 1.0, 1.0, 1.0, 1.0]","[1.0, 1.0, 1.0, 1.0, 1.0, 1.0, 1.0, 1.0, 1.0, 1.0]","[1.0, 1.0, 1.0, 1.0, 1.0, 1.0, 1.0, 1.0, 1.0, 1.0]","[1.0, 1.0, 1.0, 1.0, 1.0, 1.0, 1.0, 1.0, 1.0, 1.0]","[1.0, 1.0, 1.0, 1.0, 1.0, 1.0, 1.0, 1.0, 1.0, 1.0]","[1.0, 1.0, 1.0, 1.0, 1.0, 1.0, 1.0, 1.0, 1.0, 1.0]","[1.0, 1.0, 1.0, 1.0, 1.0, 1.0, 1.0, 1.0, 1.0, 1.0]","[1.0, 1.0, 1.0, 1.0, 1.0, 1.0, 1.0, 1.0, 1.0, 1.0]","[array([[100,   0,   0,   0],
       [  0, 134,   0,   0],
       [  0,   0,  89,   0],
       [  0,   0,   0, 134]]), array([[100,   0,   0,   0],
       [  0, 134,   0,   0],
       [  0,   0,  89,   0],
       [  0,   0,   0, 134]]), array([[101,   0,   0,   0],
       [  0, 134,   0,   0],
       [  0,   0,  89,   0],
       [  0,   0,   0, 134]]), array([[101,   0,   0,   0],
       [  0, 134,   0,   0],
       [  0,   0,  89,   0],
       [  0,   0,   0, 134]]), array([[101,   0,   0,   0],
       [  0, 135,   0,   0],
       [  0,   0,  89,   0],
       [  0,   0,   0, 135]]), array([[101,   0,   0,   0],
       [  0, 134,   0,   0],
       [  0,   0,  90,   0],
       [  0,   0,   0, 134]]), array([[101,   0,   0,   0],
       [  0, 134,   0,   0],
       [  0,   0,  89,   0],
       [  0,   0,   0, 134]]), array([[101,   0,   0,   0],
       [  0, 134,   0,   0],
       [  0,   0,  89,   0],
       [  0,   0,   0, 134]]), array([[101,   0,   0,   0],
       [  0, 134,   0,   0],
       [  0,   0,  89,   0],
       [  0,   0,   0, 134]]), array([[101,   0,   0,   0],
       [  0, 134,   0,   0],
       [  0,   0,  89,   0],
       [  0,   0,   0, 134]])]","[0.717391304347826, 0.8478260869565217, 0.6956521739130435, 0.782608695652174, 0.7555555555555555, 0.8222222222222222, 0.7555555555555555, 0.8666666666666667, 0.7777777777777778, 0.8444444444444444]","[0.717391304347826, 0.8478260869565217, 0.6956521739130435, 0.782608695652174, 0.7555555555555555, 0.8222222222222222, 0.7555555555555555, 0.8666666666666667, 0.7777777777777778, 0.8444444444444444]","[0.717391304347826, 0.8478260869565217, 0.6956521739130435, 0.782608695652174, 0.7555555555555555, 0.8222222222222222, 0.7555555555555555, 0.8666666666666667, 0.7777777777777778, 0.8444444444444444]","[0.717391304347826, 0.8478260869565217, 0.6956521739130435, 0.782608695652174, 0.7555555555555555, 0.8222222222222222, 0.7555555555555555, 0.8666666666666667, 0.7777777777777778, 0.8444444444444444]","[0.7291666666666667, 0.8526199494949496, 0.7134768740031898, 0.7894570707070707, 0.7512626262626263, 0.8193181818181818, 0.7640716374269005, 0.8631944444444445, 0.7711038961038962, 0.8524305555555556]","[0.7097222222222223, 0.8472222222222222, 0.6757575757575758, 0.7651515151515151, 0.746103896103896, 0.8095959595959596, 0.7340909090909091, 0.8573232323232323, 0.7712121212121212, 0.842929292929293]","[0.7097098303994855, 0.849290945924887, 0.6807598039215685, 0.7725943646996278, 0.7479252598581092, 0.8126411855064606, 0.7409700722394221, 0.859536610343062, 0.769495504348666, 0.8428324995687425]","[0.7277432712215323, 0.8499258893280632, 0.7100027737327509, 0.7868357487922705, 0.7550617283950618, 0.8238383838383839, 0.7656757634827811, 0.8672222222222222, 0.7806637806637806, 0.8483024691358025]","[0.717391304347826, 0.8478260869565217, 0.6956521739130435, 0.782608695652174, 0.7555555555555555, 0.8222222222222222, 0.7555555555555555, 0.8666666666666667, 0.7777777777777778, 0.8444444444444444]","[0.7143980457323785, 0.8481614732605647, 0.6895780051150895, 0.779858077340915, 0.754547287759629, 0.821336706725701, 0.7517027863777089, 0.8661546338965694, 0.7776550566920089, 0.841851532401817]","[array([[11,  1,  0,  0],
       [ 3,  5,  0,  1],
       [ 0,  0,  7,  3],
       [ 0,  0,  5, 10]]), array([[10,  1,  0,  1],
       [ 1,  8,  0,  0],
       [ 0,  0,  8,  2],
       [ 0,  0,  2, 13]]), array([[ 7,  4,  0,  0],
       [ 2,  7,  0,  1],
       [ 0,  0,  5,  5],
       [ 1,  0,  1, 13]]), array([[ 8,  2,  1,  0],
       [ 2,  7,  0,  1],
       [ 0,  0,  7,  3],
       [ 1,  0,  0, 14]]), array([[ 8,  3,  0,  0],
       [ 3,  7,  0,  0],
       [ 0,  0,  7,  3],
       [ 0,  0,  2, 12]]), array([[ 8,  3,  0,  0],
       [ 2,  8,  0,  0],
       [ 0,  0,  7,  2],
       [ 0,  0,  1, 14]]), array([[ 7,  3,  1,  0],
       [ 1,  6,  0,  2],
       [ 0,  0,  7,  3],
       [ 0,  0,  1, 14]]), array([[ 9,  2,  0,  0],
       [ 1,  7,  0,  1],
       [ 0,  0,  9,  1],
       [ 0,  0,  1, 14]]), array([[ 9,  2,  0,  0],
       [ 3,  6,  0,  0],
       [ 0,  0,  8,  2],
       [ 0,  0,  3, 12]]), array([[ 8,  1,  0,  2],
       [ 1,  7,  0,  1],
       [ 0,  0, 10,  0],
       [ 0,  0,  2, 13]])]"
"NLSVM ({'C': 10, 'degree': 3}):","[0.9584245076586433, 0.9518599562363238, 0.9454148471615721, 0.9541484716157205, 0.9565217391304348, 0.9498910675381264, 0.9672489082969432, 0.9497816593886463, 0.9497816593886463, 0.9585152838427947]","[0.9584245076586433, 0.9518599562363238, 0.9454148471615721, 0.9541484716157205, 0.9565217391304348, 0.9498910675381264, 0.9672489082969432, 0.9497816593886463, 0.9497816593886463, 0.9585152838427947]","[0.9584245076586433, 0.9518599562363238, 0.9454148471615721, 0.9541484716157205, 0.9565217391304348, 0.9498910675381264, 0.9672489082969432, 0.9497816593886463, 0.9497816593886463, 0.9585152838427947]","[0.9584245076586433, 0.9518599562363238, 0.9454148471615721, 0.9541484716157205, 0.9565217391304348, 0.9498910675381264, 0.9672489082969432, 0.9497816593886463, 0.9497816593886463, 0.9585152838427947]","[0.9595434932674771, 0.9569582887342788, 0.9490646258503402, 0.9576585150950925, 0.9594408587987355, 0.9545558426073132, 0.9697420223310191, 0.9572720326031585, 0.9537053777821808, 0.9624867448746849]","[0.9551190675834311, 0.9470010900553413, 0.9410950863659232, 0.9488915141723798, 0.9514773200166459, 0.9440130207050555, 0.9625817541505952, 0.9420543848783671, 0.9445505950058364, 0.9532324333389233]","[0.9567109761756944, 0.9506236203103966, 0.9436221203602184, 0.952084409820805, 0.9543105780099903, 0.9478296046023865, 0.9653389201195088, 0.9477764267067508, 0.9478286042806613, 0.95646956408456]","[0.9594623158693628, 0.9546836106965122, 0.9480475596352078, 0.956230631308981, 0.9582692021349705, 0.9526416554963267, 0.9684139995187041, 0.9537741893145462, 0.9523037901513257, 0.9606638839215792]","[0.9584245076586433, 0.9518599562363238, 0.9454148471615721, 0.9541484716157205, 0.9565217391304348, 0.9498910675381264, 0.9672489082969432, 0.9497816593886463, 0.9497816593886463, 0.9585152838427947]","[0.9583420940525904, 0.9519383063745654, 0.9453031887140635, 0.9540576098858463, 0.9563219855167193, 0.9498707024384331, 0.9670778628472856, 0.9499705032213049, 0.9497834125981776, 0.9582982820493283]","[array([[100,   0,   0,   0],
       [  3, 129,   0,   2],
       [  0,   0,  79,  10],
       [  0,   0,   4, 130]]), array([[ 99,   0,   0,   1],
       [  2, 128,   0,   4],
       [  0,   0,  77,  12],
       [  0,   0,   3, 131]]), array([[101,   0,   0,   0],
       [  4, 126,   0,   4],
       [  0,   0,  76,  13],
       [  0,   0,   4, 130]]), array([[100,   0,   0,   1],
       [  3, 129,   0,   2],
       [  0,   0,  77,  12],
       [  0,   0,   3, 131]]), array([[101,   0,   0,   0],
       [  3, 130,   0,   2],
       [  0,   0,  77,  12],
       [  0,   0,   3, 132]]), array([[ 99,   0,   0,   2],
       [  3, 129,   0,   2],
       [  0,   0,  77,  13],
       [  0,   0,   3, 131]]), array([[101,   0,   0,   0],
       [  2, 131,   0,   1],
       [  0,   0,  79,  10],
       [  0,   0,   2, 132]]), array([[ 98,   0,   0,   3],
       [  0, 131,   0,   3],
       [  0,   0,  75,  14],
       [  0,   0,   3, 131]]), array([[ 99,   0,   0,   2],
       [  4, 128,   0,   2],
       [  0,   0,  77,  12],
       [  0,   0,   3, 131]]), array([[101,   0,   0,   0],
       [  3, 129,   0,   2],
       [  0,   0,  77,  12],
       [  0,   0,   2, 132]])]","[0.782608695652174, 0.8260869565217391, 0.8043478260869565, 0.8260869565217391, 0.8, 0.8444444444444444, 0.7777777777777778, 0.7333333333333333, 0.7555555555555555, 0.8]","[0.782608695652174, 0.8260869565217391, 0.8043478260869565, 0.8260869565217391, 0.8, 0.8444444444444444, 0.7777777777777778, 0.7333333333333333, 0.7555555555555555, 0.8]","[0.782608695652174, 0.8260869565217391, 0.8043478260869565, 0.8260869565217391, 0.8, 0.8444444444444444, 0.7777777777777778, 0.7333333333333333, 0.7555555555555555, 0.8]","[0.782608695652174, 0.8260869565217391, 0.8043478260869565, 0.8260869565217391, 0.8, 0.8444444444444444, 0.7777777777777778, 0.7333333333333333, 0.7555555555555555, 0.8]","[0.8067099567099567, 0.8609782030834663, 0.836489898989899, 0.8555021367521367, 0.8038194444444444, 0.8734962406015038, 0.7827168746286393, 0.8150527009222662, 0.7601010101010102, 0.8099264705882353]","[0.7749999999999999, 0.8152777777777778, 0.7795454545454545, 0.8106060606060606, 0.7866883116883117, 0.8295454545454546, 0.7651515151515152, 0.7017676767676768, 0.7378787878787879, 0.7929292929292929]","[0.7807692307692308, 0.8308108426436935, 0.7905416951469583, 0.8207813428401665, 0.790973811339944, 0.8433823529411764, 0.7700717787114846, 0.7235774094326727, 0.7446524064171123, 0.7994835434173669]","[0.7967250141163185, 0.8426022236090887, 0.8266908212560387, 0.8451783723522853, 0.803395061728395, 0.8614870509607352, 0.7838020730177593, 0.788083735909823, 0.7574074074074074, 0.8032352941176469]","[0.782608695652174, 0.8260869565217391, 0.8043478260869565, 0.8260869565217391, 0.8, 0.8444444444444444, 0.7777777777777778, 0.7333333333333333, 0.7555555555555555, 0.8]","[0.7813823857302118, 0.8269630033886004, 0.7983818241255313, 0.824065462812266, 0.7975161736870358, 0.8445098039215686, 0.7768775287892936, 0.7273600668337511, 0.751950881362646, 0.7995603797074384]","[array([[12,  0,  0,  0],
       [ 2,  6,  0,  1],
       [ 0,  0,  7,  3],
       [ 0,  0,  4, 11]]), array([[ 9,  0,  0,  3],
       [ 2,  7,  0,  0],
       [ 0,  0,  8,  2],
       [ 0,  0,  1, 14]]), array([[ 9,  2,  0,  0],
       [ 2,  7,  0,  1],
       [ 0,  0,  6,  4],
       [ 0,  0,  0, 15]]), array([[10,  1,  0,  0],
       [ 2,  7,  0,  1],
       [ 0,  0,  7,  3],
       [ 1,  0,  0, 14]]), array([[ 9,  2,  0,  0],
       [ 3,  7,  0,  0],
       [ 0,  0,  7,  3],
       [ 0,  0,  1, 13]]), array([[ 9,  1,  0,  1],
       [ 0,  9,  0,  1],
       [ 0,  0,  6,  3],
       [ 0,  0,  1, 14]]), array([[ 8,  2,  1,  0],
       [ 1,  6,  0,  2],
       [ 0,  0,  8,  2],
       [ 0,  0,  2, 13]]), array([[ 9,  0,  0,  2],
       [ 2,  5,  0,  2],
       [ 0,  0,  5,  5],
       [ 0,  0,  1, 14]]), array([[ 9,  2,  0,  0],
       [ 2,  6,  0,  1],
       [ 0,  0,  6,  4],
       [ 0,  0,  2, 13]]), array([[ 8,  1,  0,  2],
       [ 2,  7,  0,  0],
       [ 0,  0,  8,  2],
       [ 0,  0,  2, 13]])]"
"GSVM ({'C': 1, 'gamma': 0.01}):","[0.912472647702407, 0.9190371991247265, 0.9126637554585153, 0.9061135371179039, 0.9217391304347826, 0.9041394335511983, 0.9148471615720524, 0.9082969432314411, 0.9126637554585153, 0.9148471615720524]","[0.912472647702407, 0.9190371991247265, 0.9126637554585153, 0.9061135371179039, 0.9217391304347826, 0.9041394335511983, 0.9148471615720524, 0.9082969432314411, 0.9126637554585153, 0.9148471615720524]","[0.912472647702407, 0.9190371991247265, 0.9126637554585153, 0.9061135371179039, 0.9217391304347826, 0.9041394335511983, 0.9148471615720524, 0.9082969432314411, 0.9126637554585153, 0.9148471615720524]","[0.912472647702407, 0.9190371991247265, 0.9126637554585153, 0.9061135371179039, 0.9217391304347826, 0.9041394335511983, 0.9148471615720524, 0.9082969432314411, 0.9126637554585153, 0.9148471615720524]","[0.9129457096848401, 0.9179551687595494, 0.9133288111470484, 0.9039616704805491, 0.9206787419179407, 0.9054357673879965, 0.9141041157425822, 0.9088359894037507, 0.9142690086598019, 0.9149642284121098]","[0.9080190340432668, 0.9152100452792219, 0.9104537801591663, 0.9016930726277391, 0.9181514031552966, 0.8975235210088174, 0.9103749109608261, 0.9029491683865687, 0.9063467704308582, 0.9091557591949032]","[0.909956451356441, 0.9164514760614711, 0.9114951504073092, 0.9027459335476715, 0.9190859394337887, 0.9008363511319951, 0.9121063353564833, 0.905482430912391, 0.9097765655005567, 0.911710138600895]","[0.9134520701165167, 0.9193739303839288, 0.9139848604510182, 0.9064872983631042, 0.9224046498090182, 0.9051134051552064, 0.9152334206798708, 0.909357959067057, 0.9136169901720452, 0.9155512223203499]","[0.912472647702407, 0.9190371991247265, 0.9126637554585153, 0.9061135371179039, 0.9217391304347826, 0.9041394335511983, 0.9148471615720524, 0.9082969432314411, 0.9126637554585153, 0.9148471615720524]","[0.9124681564524003, 0.9190811833191175, 0.9129719893538321, 0.9062144697843079, 0.9217614394989766, 0.9040121828159, 0.9149108850117036, 0.908437834520177, 0.9126326831345359, 0.9148647053104688]","[array([[ 89,  10,   0,   1],
       [  3, 129,   0,   2],
       [  0,   0,  78,  11],
       [  0,   1,  12, 121]]), array([[ 93,   7,   0,   0],
       [  3, 129,   0,   2],
       [  0,   0,  77,  12],
       [  0,   1,  12, 121]]), array([[ 92,   9,   0,   0],
       [  2, 127,   0,   5],
       [  0,   0,  79,  10],
       [  0,   1,  13, 120]]), array([[ 93,   7,   0,   1],
       [  6, 126,   0,   2],
       [  0,   0,  75,  14],
       [  0,   0,  13, 121]]), array([[ 92,   8,   0,   1],
       [  3, 131,   0,   1],
       [  0,   0,  79,  10],
       [  0,   1,  12, 122]]), array([[ 90,  10,   0,   1],
       [  3, 129,   0,   2],
       [  0,   0,  75,  15],
       [  0,   1,  12, 121]]), array([[ 95,   6,   0,   0],
       [  3, 128,   0,   3],
       [  0,   0,  75,  14],
       [  0,   1,  12, 121]]), array([[ 92,   8,   0,   1],
       [  2, 129,   0,   3],
       [  0,   0,  75,  14],
       [  0,   1,  13, 120]]), array([[ 93,   7,   0,   1],
       [  3, 128,   0,   3],
       [  0,   0,  74,  15],
       [  0,   1,  10, 123]]), array([[ 93,   7,   0,   1],
       [  2, 130,   0,   2],
       [  0,   0,  75,  14],
       [  0,   1,  12, 121]])]","[0.7608695652173914, 0.8260869565217391, 0.782608695652174, 0.8260869565217391, 0.8, 0.9111111111111111, 0.7777777777777778, 0.7777777777777778, 0.8444444444444444, 0.8666666666666667]","[0.7608695652173914, 0.8260869565217391, 0.782608695652174, 0.8260869565217391, 0.8, 0.9111111111111111, 0.7777777777777778, 0.7777777777777778, 0.8444444444444444, 0.8666666666666667]","[0.7608695652173914, 0.8260869565217391, 0.782608695652174, 0.8260869565217391, 0.8, 0.9111111111111111, 0.7777777777777778, 0.7777777777777778, 0.8444444444444444, 0.8666666666666667]","[0.7608695652173914, 0.8260869565217391, 0.782608695652174, 0.8260869565217391, 0.8, 0.9111111111111111, 0.7777777777777778, 0.7777777777777778, 0.8444444444444444, 0.8666666666666667]","[0.7994505494505495, 0.8351158645276292, 0.8253968253968254, 0.835427807486631, 0.8041666666666667, 0.9159722222222222, 0.7979946524064171, 0.773989898989899, 0.8541666666666665, 0.8791666666666667]","[0.7555555555555555, 0.8222222222222223, 0.7696969696969698, 0.812878787878788, 0.7961038961038961, 0.9078282828282829, 0.7702020202020202, 0.7545454545454546, 0.8472222222222221, 0.8684343434343434]","[0.7545787545787546, 0.8269490528858378, 0.7650623885918004, 0.8205176767676767, 0.7956525325853819, 0.9111239119303636, 0.7722561612364244, 0.7598039215686275, 0.8494245524296675, 0.8707919531448943]","[0.794314381270903, 0.8295099330904957, 0.8240165631469978, 0.8337595907928389, 0.8056790123456791, 0.9138888888888889, 0.8009625668449198, 0.7759259259259259, 0.8462962962962962, 0.8755555555555555]","[0.7608695652173914, 0.8260869565217391, 0.782608695652174, 0.8260869565217391, 0.8, 0.9111111111111111, 0.7777777777777778, 0.7777777777777778, 0.8444444444444444, 0.8666666666666667]","[0.7584010192705845, 0.8258848622027659, 0.7728435247616834, 0.8263888888888888, 0.7985876918000331, 0.9116572793992148, 0.7776373804882577, 0.7721529015646663, 0.8442739414606422, 0.8684661743485272]","[array([[12,  0,  0,  0],
       [ 2,  5,  1,  1],
       [ 0,  0,  8,  2],
       [ 0,  0,  5, 10]]), array([[10,  1,  0,  1],
       [ 1,  8,  0,  0],
       [ 0,  0,  7,  3],
       [ 0,  0,  2, 13]]), array([[ 6,  5,  0,  0],
       [ 0, 10,  0,  0],
       [ 0,  0,  6,  4],
       [ 0,  0,  1, 14]]), array([[ 9,  2,  0,  0],
       [ 2,  7,  0,  1],
       [ 0,  0,  8,  2],
       [ 0,  1,  0, 14]]), array([[ 8,  3,  0,  0],
       [ 1,  9,  0,  0],
       [ 0,  0,  7,  3],
       [ 0,  0,  2, 12]]), array([[10,  1,  0,  0],
       [ 0,  9,  0,  1],
       [ 0,  0,  8,  1],
       [ 0,  0,  1, 14]]), array([[ 7,  3,  1,  0],
       [ 0,  7,  0,  2],
       [ 0,  0,  8,  2],
       [ 0,  0,  2, 13]]), array([[ 9,  2,  0,  0],
       [ 2,  6,  1,  0],
       [ 0,  0,  6,  4],
       [ 0,  0,  1, 14]]), array([[11,  0,  0,  0],
       [ 1,  8,  0,  0],
       [ 0,  0,  7,  3],
       [ 0,  0,  3, 12]]), array([[ 9,  0,  1,  1],
       [ 1,  8,  0,  0],
       [ 0,  0,  9,  1],
       [ 0,  0,  2, 13]])]"
LSVM ({'C': 0.05}):,"[0.8971553610503282, 0.9015317286652079, 0.9082969432314411, 0.9192139737991266, 0.9043478260869565, 0.8954248366013072, 0.9148471615720524, 0.9039301310043668, 0.9192139737991266, 0.9017467248908297]","[0.8971553610503282, 0.9015317286652079, 0.9082969432314411, 0.9192139737991266, 0.9043478260869565, 0.8954248366013072, 0.9148471615720524, 0.9039301310043668, 0.9192139737991266, 0.9017467248908297]","[0.8971553610503282, 0.9015317286652079, 0.9082969432314411, 0.9192139737991266, 0.9043478260869565, 0.8954248366013072, 0.9148471615720524, 0.9039301310043668, 0.9192139737991266, 0.9017467248908297]","[0.8971553610503282, 0.9015317286652079, 0.9082969432314411, 0.9192139737991266, 0.9043478260869565, 0.8954248366013072, 0.9148471615720524, 0.9039301310043668, 0.9192139737991266, 0.9017467248908297]","[0.8966497214733147, 0.8996386009774638, 0.9073121031514044, 0.9163450989293686, 0.9013828797658667, 0.8941443409046786, 0.9123178226514486, 0.90740855100091, 0.9214641540167416, 0.9016014995490238]","[0.8940160154284756, 0.8999429817206104, 0.9064466022319153, 0.9150495713666621, 0.9023794514282889, 0.8940163046155362, 0.911042393439411, 0.8967795215711408, 0.9157749604408705, 0.8970763188175266]","[0.8952242226523954, 0.899683600609591, 0.906639937649896, 0.9156671609373042, 0.9018467093920133, 0.894055270188673, 0.9116545333595676, 0.9008743492989011, 0.9181196012455155, 0.8991215670199134]","[0.8972283904180238, 0.9017838912879279, 0.9088457478308822, 0.919361004513843, 0.9044852528112176, 0.8955743517450553, 0.914710377600822, 0.9058081454657411, 0.9200872291769249, 0.9017971826214624]","[0.8971553610503282, 0.9015317286652079, 0.9082969432314411, 0.9192139737991266, 0.9043478260869565, 0.8954248366013072, 0.9148471615720524, 0.9039301310043668, 0.9192139737991266, 0.9017467248908297]","[0.8970827763371148, 0.9015496448676554, 0.9083574602435002, 0.919259021769127, 0.9043824992683641, 0.8954703388827916, 0.914753218504391, 0.9036874360031257, 0.9191541521929322, 0.9015694652731164]","[array([[ 89,  11,   0,   0],
       [  8, 124,   0,   2],
       [  0,   0,  77,  12],
       [  0,   3,  11, 120]]), array([[ 88,  12,   0,   0],
       [ 10, 123,   0,   1],
       [  0,   0,  80,   9],
       [  0,   2,  11, 121]]), array([[ 90,  11,   0,   0],
       [  6, 125,   0,   3],
       [  0,   0,  80,   9],
       [  0,   1,  12, 121]]), array([[ 95,   6,   0,   0],
       [  4, 129,   0,   1],
       [  0,   0,  76,  13],
       [  0,   0,  13, 121]]), array([[ 92,   9,   0,   0],
       [ 11, 123,   0,   1],
       [  0,   0,  78,  11],
       [  0,   1,  11, 123]]), array([[ 92,   9,   0,   0],
       [  9, 121,   0,   4],
       [  0,   0,  78,  12],
       [  0,   2,  12, 120]]), array([[ 93,   8,   0,   0],
       [  7, 127,   0,   0],
       [  0,   0,  77,  12],
       [  0,   1,  11, 122]]), array([[ 88,  13,   0,   0],
       [  2, 130,   0,   2],
       [  0,   0,  75,  14],
       [  0,   2,  11, 121]]), array([[ 90,  11,   0,   0],
       [  4, 128,   0,   2],
       [  0,   0,  80,   9],
       [  0,   3,   8, 123]]), array([[ 90,  11,   0,   0],
       [  9, 123,   0,   2],
       [  0,   0,  76,  13],
       [  0,   1,   9, 124]])]","[0.8043478260869565, 0.8260869565217391, 0.782608695652174, 0.8478260869565217, 0.7777777777777778, 0.9333333333333333, 0.8444444444444444, 0.8222222222222222, 0.8, 0.9333333333333333]","[0.8043478260869565, 0.8260869565217391, 0.782608695652174, 0.8478260869565217, 0.7777777777777778, 0.9333333333333333, 0.8444444444444444, 0.8222222222222222, 0.8, 0.9333333333333333]","[0.8043478260869565, 0.8260869565217391, 0.782608695652174, 0.8478260869565217, 0.7777777777777778, 0.9333333333333333, 0.8444444444444444, 0.8222222222222222, 0.8, 0.9333333333333333]","[0.8043478260869565, 0.8260869565217391, 0.782608695652174, 0.8478260869565217, 0.7777777777777778, 0.9333333333333333, 0.8444444444444444, 0.8222222222222222, 0.8, 0.9333333333333333]","[0.8269230769230769, 0.8236111111111111, 0.8253472222222222, 0.8374999999999999, 0.7823863636363637, 0.9316378066378066, 0.852114898989899, 0.8246527777777778, 0.817057942057942, 0.9366883116883118]","[0.811111111111111, 0.8263888888888888, 0.778030303030303, 0.8378787878787879, 0.7711038961038962, 0.9388888888888889, 0.8406565656565657, 0.8133838383838384, 0.8027777777777778, 0.9416666666666667]","[0.8112344720496895, 0.8239035087719297, 0.7766743233796065, 0.8368802440884822, 0.7736353684629547, 0.934455391351943, 0.8434075780849974, 0.8171616029596308, 0.8042385057471264, 0.9384236453201971]","[0.8210702341137123, 0.8256038647342995, 0.8277475845410628, 0.8460144927536232, 0.7827272727272728, 0.9337662337662337, 0.8526515151515152, 0.8223765432098765, 0.8101565101565101, 0.9357864357864358]","[0.8043478260869565, 0.8260869565217391, 0.782608695652174, 0.8478260869565217, 0.7777777777777778, 0.9333333333333333, 0.8444444444444444, 0.8222222222222222, 0.8, 0.9333333333333333]","[0.8057784229003511, 0.8249427917620137, 0.7818783407657002, 0.8461844592577854, 0.7774007176306027, 0.9327130085750777, 0.8456016385048644, 0.8205788513579689, 0.800095785440613, 0.9337712096332786]","[array([[12,  0,  0,  0],
       [ 1,  7,  0,  1],
       [ 0,  0,  8,  2],
       [ 0,  0,  5, 10]]), array([[11,  1,  0,  0],
       [ 1,  8,  0,  0],
       [ 0,  0,  7,  3],
       [ 0,  1,  2, 12]]), array([[ 6,  5,  0,  0],
       [ 0,  9,  0,  1],
       [ 0,  0,  8,  2],
       [ 0,  1,  1, 13]]), array([[ 9,  2,  0,  0],
       [ 3,  6,  0,  1],
       [ 0,  0, 10,  0],
       [ 0,  1,  0, 14]]), array([[ 8,  3,  0,  0],
       [ 2,  8,  0,  0],
       [ 0,  0,  7,  3],
       [ 1,  0,  1, 12]]), array([[11,  0,  0,  0],
       [ 0, 10,  0,  0],
       [ 0,  0,  8,  1],
       [ 0,  1,  1, 13]]), array([[ 9,  2,  0,  0],
       [ 0,  7,  0,  2],
       [ 0,  0,  9,  1],
       [ 0,  0,  2, 13]]), array([[10,  1,  0,  0],
       [ 2,  7,  0,  0],
       [ 0,  0,  7,  3],
       [ 0,  0,  2, 13]]), array([[11,  0,  0,  0],
       [ 2,  7,  0,  0],
       [ 0,  0,  7,  3],
       [ 0,  0,  4, 11]]), array([[11,  0,  0,  0],
       [ 0,  9,  0,  0],
       [ 0,  0,  9,  1],
       [ 0,  0,  2, 13]])]"
"GDT ({'ccp_alpha': 0.0, 'max_depth': None, 'max_features': None, 'min_samples_leaf': 10, 'min_samples_split': 2}):","[0.8468271334792122, 0.8468271334792122, 0.834061135371179, 0.8384279475982532, 0.8282608695652174, 0.8300653594771242, 0.8427947598253275, 0.8296943231441049, 0.8144104803493449, 0.8187772925764192]","[0.8468271334792122, 0.8468271334792122, 0.834061135371179, 0.8384279475982532, 0.8282608695652174, 0.8300653594771242, 0.8427947598253275, 0.8296943231441049, 0.8144104803493449, 0.8187772925764192]","[0.8468271334792122, 0.8468271334792122, 0.834061135371179, 0.8384279475982532, 0.8282608695652174, 0.8300653594771242, 0.8427947598253275, 0.8296943231441049, 0.8144104803493449, 0.8187772925764192]","[0.8468271334792122, 0.8468271334792122, 0.834061135371179, 0.8384279475982532, 0.8282608695652174, 0.8300653594771242, 0.8427947598253275, 0.8296943231441049, 0.8144104803493449, 0.8187772925764192]","[0.8495530129672006, 0.8434661409302447, 0.8299105711429086, 0.8396629560915275, 0.8321975764809575, 0.8338110319595109, 0.8531784186696103, 0.8340370649902896, 0.8138947526125835, 0.812645921057136]","[0.8444859969813853, 0.8425830119067582, 0.826323591188567, 0.8206796698452337, 0.817729282291525, 0.8200794706336305, 0.8302888439103846, 0.819544368490178, 0.8178486807258623, 0.815875913014746]","[0.8452420765465232, 0.8427364294019405, 0.8278402876071602, 0.8263349035322146, 0.8227748037706916, 0.8252286683646544, 0.8379853099793899, 0.8240947389625185, 0.8138303908229376, 0.8113103412093041]","[0.8516658471409235, 0.8481684968353669, 0.8345184903465632, 0.8392380628313254, 0.8307732884108334, 0.831100617704527, 0.8480277674962753, 0.8315092831184426, 0.8206671564746154, 0.8239953274765338]","[0.8468271334792122, 0.8468271334792122, 0.834061135371179, 0.8384279475982532, 0.8282608695652174, 0.8300653594771242, 0.8427947598253275, 0.8296943231441049, 0.8144104803493449, 0.8187772925764192]","[0.8476574506759869, 0.8471684083337172, 0.8340088741310994, 0.8352188354280736, 0.8273359465664398, 0.8290132908406962, 0.8420200251928958, 0.8279512048075094, 0.8155307630591584, 0.8187413020907744]","[array([[ 86,   9,   2,   3],
       [ 18, 112,   0,   4],
       [  2,   1,  72,  14],
       [  8,   3,   6, 117]]), array([[ 83,  10,   4,   3],
       [ 11, 116,   1,   6],
       [  2,   0,  72,  15],
       [  6,   1,  11, 116]]), array([[ 75,  20,   4,   2],
       [ 14, 118,   0,   2],
       [  6,   1,  72,  10],
       [  6,   2,   9, 117]]), array([[ 72,  19,   5,   5],
       [  7, 125,   0,   2],
       [  3,   2,  64,  20],
       [  2,   1,   8, 123]]), array([[ 74,  16,   1,  10],
       [ 13, 115,   0,   7],
       [  4,   0,  69,  16],
       [  2,   1,   9, 123]]), array([[ 73,  19,   3,   6],
       [  7, 118,   0,   9],
       [  9,   0,  71,  10],
       [  4,   6,   5, 119]]), array([[ 77,  11,   2,  11],
       [ 11, 120,   0,   3],
       [  3,   0,  67,  19],
       [  3,   6,   3, 122]]), array([[ 70,  16,   2,  13],
       [ 11, 116,   2,   5],
       [  3,   0,  72,  14],
       [  1,   4,   7, 122]]), array([[ 84,   8,   4,   5],
       [ 26, 103,   1,   4],
       [  4,   2,  75,   8],
       [  5,   7,  11, 111]]), array([[ 70,  20,   8,   3],
       [ 11, 117,   5,   1],
       [  5,   0,  78,   6],
       [  5,   3,  16, 110]])]","[0.7391304347826086, 0.6521739130434783, 0.6956521739130435, 0.7608695652173914, 0.6444444444444445, 0.6666666666666666, 0.6222222222222222, 0.6444444444444445, 0.6888888888888889, 0.4888888888888889]","[0.7391304347826086, 0.6521739130434783, 0.6956521739130435, 0.7608695652173914, 0.6444444444444445, 0.6666666666666666, 0.6222222222222222, 0.6444444444444445, 0.6888888888888889, 0.4888888888888889]","[0.7391304347826086, 0.6521739130434783, 0.6956521739130435, 0.7608695652173914, 0.6444444444444445, 0.6666666666666666, 0.6222222222222222, 0.6444444444444445, 0.6888888888888889, 0.4888888888888889]","[0.7391304347826086, 0.6521739130434783, 0.6956521739130435, 0.7608695652173914, 0.6444444444444445, 0.6666666666666666, 0.6222222222222222, 0.6444444444444445, 0.6888888888888889, 0.4888888888888889]","[0.7552083333333334, 0.6705128205128205, 0.6959935897435897, 0.766540404040404, 0.6358058608058608, 0.6781746031746032, 0.6238344988344988, 0.6603298017771702, 0.6911976911976913, 0.4903846153846154]","[0.7180555555555557, 0.625, 0.6962121212121212, 0.7568181818181818, 0.6373376623376623, 0.6515151515151515, 0.6280303030303029, 0.6252525252525252, 0.6952020202020202, 0.4964646464646465]","[0.7233102918586789, 0.6195238095238096, 0.6930555555555555, 0.7608928847044296, 0.6279401965683824, 0.6382196969696969, 0.6202380952380951, 0.6357508912655971, 0.6926158133054685, 0.49001332666999836]","[0.75, 0.6659698996655519, 0.6927257525083611, 0.7638888888888888, 0.6430443630443631, 0.6773544973544974, 0.6351463351463351, 0.6533834586466166, 0.6906204906204907, 0.4889838556505224]","[0.7391304347826086, 0.6521739130434783, 0.6956521739130435, 0.7608695652173914, 0.6444444444444445, 0.6666666666666666, 0.6222222222222222, 0.6444444444444445, 0.6888888888888889, 0.4888888888888889]","[0.7327856808922728, 0.6327950310559006, 0.6914251207729469, 0.7616077360301172, 0.6354785570177873, 0.6465151515151515, 0.6233862433862434, 0.6417755991285403, 0.6891443167305236, 0.48575045810428125]","[array([[11,  1,  0,  0],
       [ 3,  5,  0,  1],
       [ 1,  0,  6,  3],
       [ 1,  0,  2, 12]]), array([[ 8,  3,  0,  1],
       [ 3,  6,  0,  0],
       [ 1,  0,  3,  6],
       [ 1,  0,  1, 13]]), array([[ 9,  2,  0,  0],
       [ 1,  8,  0,  1],
       [ 1,  0,  5,  4],
       [ 2,  0,  3, 10]]), array([[ 8,  1,  0,  2],
       [ 2,  7,  0,  1],
       [ 0,  1,  8,  1],
       [ 1,  1,  1, 12]]), array([[ 4,  5,  1,  1],
       [ 3,  7,  0,  0],
       [ 0,  0,  7,  3],
       [ 0,  1,  2, 11]]), array([[ 3,  6,  0,  2],
       [ 2,  8,  0,  0],
       [ 0,  0,  6,  3],
       [ 0,  1,  1, 13]]), array([[6, 4, 1, 0],
       [2, 6, 0, 1],
       [0, 0, 7, 3],
       [1, 2, 3, 9]]), array([[ 6,  2,  0,  3],
       [ 3,  5,  0,  1],
       [ 1,  0,  6,  3],
       [ 1,  0,  2, 12]]), array([[ 7,  2,  1,  1],
       [ 2,  7,  0,  0],
       [ 0,  0,  7,  3],
       [ 2,  0,  3, 10]]), array([[4, 3, 2, 2],
       [3, 5, 0, 1],
       [0, 0, 6, 4],
       [2, 1, 5, 7]])]"
"EDT ({'ccp_alpha': 0.0, 'max_depth': None, 'max_features': None, 'min_samples_leaf': 20, 'min_samples_split': 2}):","[0.7702407002188184, 0.7417943107221007, 0.7751091703056768, 0.8034934497816594, 0.7717391304347826, 0.7538126361655774, 0.7751091703056768, 0.759825327510917, 0.7641921397379913, 0.7620087336244541]","[0.7702407002188184, 0.7417943107221007, 0.7751091703056768, 0.8034934497816594, 0.7717391304347826, 0.7538126361655774, 0.7751091703056768, 0.759825327510917, 0.7641921397379913, 0.7620087336244541]","[0.7702407002188184, 0.7417943107221007, 0.7751091703056768, 0.8034934497816594, 0.7717391304347826, 0.7538126361655774, 0.7751091703056768, 0.759825327510917, 0.7641921397379913, 0.7620087336244541]","[0.7702407002188184, 0.7417943107221007, 0.7751091703056768, 0.8034934497816594, 0.7717391304347826, 0.7538126361655774, 0.7751091703056768, 0.759825327510917, 0.7641921397379913, 0.7620087336244541]","[0.7628813155467219, 0.7748789590742663, 0.7778641646657619, 0.8068483709273183, 0.7657402113433418, 0.7531855179227338, 0.7714475796560264, 0.7513873361150344, 0.7656805963540204, 0.7582606893352215]","[0.77120115713567, 0.7628056347476102, 0.7711180580576924, 0.78217904802387, 0.7638823994759026, 0.750229463244832, 0.7649643926324546, 0.7536892105276267, 0.7658525013158703, 0.765597629274918]","[0.7635004767567463, 0.7434620446330819, 0.7681957043826624, 0.7876333422267158, 0.7639648607182516, 0.7487346156091004, 0.7672645090303006, 0.7506603716208926, 0.756559396501488, 0.7565882116951718]","[0.7744108240775296, 0.8006687460140466, 0.7868531455195309, 0.8062135191094053, 0.7732500104990588, 0.7637053833113696, 0.7766622956409075, 0.7619163040585605, 0.7808030441072247, 0.7689714363073272]","[0.7702407002188184, 0.7417943107221007, 0.7751091703056768, 0.8034934497816594, 0.7717391304347826, 0.7538126361655774, 0.7751091703056768, 0.759825327510917, 0.7641921397379913, 0.7620087336244541]","[0.7693849373477201, 0.7454284238568841, 0.7743230488485511, 0.7983435610296766, 0.7715154030302531, 0.7559831571498967, 0.7750676910766792, 0.7590655524043212, 0.7630708923146261, 0.7609543533309857]","[array([[ 63,  19,   8,  10],
       [ 22, 107,   1,   4],
       [  3,   0,  79,   7],
       [  3,   3,  25, 103]]), array([[88,  4,  6,  2],
       [48, 84,  1,  1],
       [ 5,  0, 79,  5],
       [12,  1, 33, 88]]), array([[ 81,  11,   7,   2],
       [ 41,  90,   1,   2],
       [  1,   0,  63,  25],
       [  1,   2,  10, 121]]), array([[ 64,  28,   7,   2],
       [  8, 122,   1,   3],
       [  2,   0,  60,  27],
       [  1,   2,   9, 122]]), array([[ 71,  24,   5,   1],
       [ 16, 116,   1,   2],
       [  5,   2,  65,  17],
       [ 11,   5,  16, 103]]), array([[ 79,  15,   6,   1],
       [ 29, 102,   1,   2],
       [  6,   0,  62,  22],
       [ 12,   4,  15, 103]]), array([[ 74,  18,   7,   2],
       [ 15, 112,   0,   7],
       [  3,   0,  61,  25],
       [ 14,   1,  11, 108]]), array([[ 63,  29,   6,   3],
       [ 17, 113,   2,   2],
       [  5,   0,  70,  14],
       [  7,   2,  23, 102]]), array([[ 66,  26,   8,   1],
       [ 14, 118,   1,   1],
       [  6,   0,  77,   6],
       [  9,   6,  30,  89]]), array([[ 64,  21,   7,   9],
       [ 23, 106,   1,   4],
       [  0,   3,  80,   6],
       [  2,   3,  30,  99]])]","[0.6086956521739131, 0.6956521739130435, 0.5217391304347826, 0.6739130434782609, 0.6, 0.6222222222222222, 0.5777777777777777, 0.6222222222222222, 0.7333333333333333, 0.6888888888888889]","[0.6086956521739131, 0.6956521739130435, 0.5217391304347826, 0.6739130434782609, 0.6, 0.6222222222222222, 0.5777777777777777, 0.6222222222222222, 0.7333333333333333, 0.6888888888888889]","[0.6086956521739131, 0.6956521739130435, 0.5217391304347826, 0.6739130434782609, 0.6, 0.6222222222222222, 0.5777777777777777, 0.6222222222222222, 0.7333333333333333, 0.6888888888888889]","[0.6086956521739131, 0.6956521739130435, 0.5217391304347826, 0.6739130434782609, 0.6, 0.6222222222222222, 0.5777777777777777, 0.6222222222222222, 0.7333333333333333, 0.6888888888888889]","[0.6246794871794872, 0.6958333333333333, 0.5164116928822811, 0.6876623376623376, 0.5875097125097125, 0.6253205128205128, 0.5719696969696969, 0.6224747474747474, 0.7397435897435897, 0.7119047619047619]","[0.625, 0.6902777777777778, 0.503030303030303, 0.6553030303030303, 0.5944805194805195, 0.6214646464646465, 0.5691919191919191, 0.6325757575757576, 0.7563131313131313, 0.6997474747474747]","[0.6107518796992482, 0.6859726295210167, 0.5041602167182663, 0.6579365079365079, 0.5882154882154882, 0.6181637669051856, 0.5697767145135566, 0.61, 0.7327950310559006, 0.6836831429486495]","[0.629654403567447, 0.7043478260869565, 0.523025709726477, 0.6841473743647657, 0.6004834671501338, 0.6488034188034189, 0.5814814814814814, 0.6510662177328843, 0.7582905982905983, 0.7151322751322752]","[0.6086956521739131, 0.6956521739130435, 0.5217391304347826, 0.6739130434782609, 0.6, 0.6222222222222222, 0.5777777777777777, 0.6222222222222222, 0.7333333333333333, 0.6888888888888889]","[0.6055573716900947, 0.6938246419312338, 0.5172045362767532, 0.6649413388543823, 0.5975907220351665, 0.6297660415127997, 0.5789473684210527, 0.6177777777777778, 0.7292569588221762, 0.6810443281970985]","[array([[6, 4, 0, 2],
       [2, 6, 0, 1],
       [0, 0, 8, 2],
       [0, 0, 7, 8]]), array([[ 7,  4,  0,  1],
       [ 2,  7,  0,  0],
       [ 1,  0,  6,  3],
       [ 0,  1,  2, 12]]), array([[ 6,  3,  2,  0],
       [ 4,  4,  0,  2],
       [ 1,  0,  4,  5],
       [ 2,  0,  3, 10]]), array([[ 5,  3,  1,  2],
       [ 2,  7,  0,  1],
       [ 0,  0,  6,  4],
       [ 0,  1,  1, 13]]), array([[ 4,  5,  2,  0],
       [ 4,  6,  0,  0],
       [ 0,  0,  7,  3],
       [ 1,  1,  2, 10]]), array([[ 4,  7,  0,  0],
       [ 5,  5,  0,  0],
       [ 0,  0,  8,  1],
       [ 1,  1,  2, 11]]), array([[ 5,  4,  1,  1],
       [ 3,  5,  1,  0],
       [ 0,  0,  6,  4],
       [ 3,  1,  1, 10]]), array([[4, 5, 2, 0],
       [2, 6, 0, 1],
       [1, 0, 9, 0],
       [2, 0, 4, 9]]), array([[7, 4, 0, 0],
       [1, 8, 0, 0],
       [0, 0, 9, 1],
       [2, 0, 4, 9]]), array([[ 5,  2,  2,  2],
       [ 1,  7,  0,  1],
       [ 0,  0,  9,  1],
       [ 0,  1,  4, 10]])]"
"XGB ({'colsample_bytree': 0.8, 'gamma': 0.0, 'max_depth': 3, 'min_child_weight': 1, 'reg_alpha': 0.01, 'subsample': 0.9}):","[1.0, 1.0, 1.0, 1.0, 1.0, 1.0, 1.0, 1.0, 1.0, 1.0]","[1.0, 1.0, 1.0, 1.0, 1.0, 1.0, 1.0, 1.0, 1.0, 1.0]","[1.0, 1.0, 1.0, 1.0, 1.0, 1.0, 1.0, 1.0, 1.0, 1.0]","[1.0, 1.0, 1.0, 1.0, 1.0, 1.0, 1.0, 1.0, 1.0, 1.0]","[1.0, 1.0, 1.0, 1.0, 1.0, 1.0, 1.0, 1.0, 1.0, 1.0]","[1.0, 1.0, 1.0, 1.0, 1.0, 1.0, 1.0, 1.0, 1.0, 1.0]","[1.0, 1.0, 1.0, 1.0, 1.0, 1.0, 1.0, 1.0, 1.0, 1.0]","[1.0, 1.0, 1.0, 1.0, 1.0, 1.0, 1.0, 1.0, 1.0, 1.0]","[1.0, 1.0, 1.0, 1.0, 1.0, 1.0, 1.0, 1.0, 1.0, 1.0]","[1.0, 1.0, 1.0, 1.0, 1.0, 1.0, 1.0, 1.0, 1.0, 1.0]","[array([[100,   0,   0,   0],
       [  0, 134,   0,   0],
       [  0,   0,  89,   0],
       [  0,   0,   0, 134]]), array([[100,   0,   0,   0],
       [  0, 134,   0,   0],
       [  0,   0,  89,   0],
       [  0,   0,   0, 134]]), array([[101,   0,   0,   0],
       [  0, 134,   0,   0],
       [  0,   0,  89,   0],
       [  0,   0,   0, 134]]), array([[101,   0,   0,   0],
       [  0, 134,   0,   0],
       [  0,   0,  89,   0],
       [  0,   0,   0, 134]]), array([[101,   0,   0,   0],
       [  0, 135,   0,   0],
       [  0,   0,  89,   0],
       [  0,   0,   0, 135]]), array([[101,   0,   0,   0],
       [  0, 134,   0,   0],
       [  0,   0,  90,   0],
       [  0,   0,   0, 134]]), array([[101,   0,   0,   0],
       [  0, 134,   0,   0],
       [  0,   0,  89,   0],
       [  0,   0,   0, 134]]), array([[101,   0,   0,   0],
       [  0, 134,   0,   0],
       [  0,   0,  89,   0],
       [  0,   0,   0, 134]]), array([[101,   0,   0,   0],
       [  0, 134,   0,   0],
       [  0,   0,  89,   0],
       [  0,   0,   0, 134]]), array([[101,   0,   0,   0],
       [  0, 134,   0,   0],
       [  0,   0,  89,   0],
       [  0,   0,   0, 134]])]","[0.8043478260869565, 0.782608695652174, 0.717391304347826, 0.7608695652173914, 0.7777777777777778, 0.8, 0.7333333333333333, 0.7777777777777778, 0.7777777777777778, 0.7111111111111111]","[0.8043478260869565, 0.782608695652174, 0.717391304347826, 0.7608695652173914, 0.7777777777777778, 0.8, 0.7333333333333333, 0.7777777777777778, 0.7777777777777778, 0.7111111111111111]","[0.8043478260869565, 0.782608695652174, 0.717391304347826, 0.7608695652173914, 0.7777777777777778, 0.8, 0.7333333333333333, 0.7777777777777778, 0.7777777777777778, 0.7111111111111111]","[0.8043478260869565, 0.782608695652174, 0.717391304347826, 0.7608695652173914, 0.7777777777777778, 0.8, 0.7333333333333333, 0.7777777777777778, 0.7777777777777778, 0.7111111111111111]","[0.8273809523809523, 0.8111625216888375, 0.7286324786324787, 0.7670454545454546, 0.7678030303030303, 0.8038194444444444, 0.7395530939648587, 0.7725694444444444, 0.8222246503496504, 0.716934046345811]","[0.8, 0.7652777777777778, 0.6962121212121213, 0.7462121212121212, 0.7685064935064936, 0.7906565656565656, 0.7224747474747474, 0.7628787878787878, 0.7805555555555556, 0.702020202020202]","[0.8022425850012058, 0.776985294117647, 0.6986144338118023, 0.7523923444976077, 0.762985048828969, 0.7954224725248482, 0.7197916666666666, 0.7660107078189659, 0.7702349984958681, 0.6849431818181818]","[0.8203933747412008, 0.7947795911182638, 0.7271460423634337, 0.7632850241545894, 0.7761952861952862, 0.8020061728395061, 0.747254053136406, 0.7770061728395062, 0.8249320124320124, 0.7258783917607446]","[0.8043478260869565, 0.782608695652174, 0.717391304347826, 0.7608695652173914, 0.7777777777777778, 0.8, 0.7333333333333333, 0.7777777777777778, 0.7777777777777778, 0.7111111111111111]","[0.802803493358216, 0.7779987212276215, 0.7094341585188267, 0.7576797725539145, 0.7719375066017534, 0.7993228127106259, 0.7293518518518518, 0.7757934009459202, 0.7723573974781703, 0.6946717171717172]","[array([[12,  0,  0,  0],
       [ 2,  6,  0,  1],
       [ 0,  0,  8,  2],
       [ 0,  0,  4, 11]]), array([[11,  0,  0,  1],
       [ 1,  7,  0,  1],
       [ 1,  0,  5,  4],
       [ 0,  0,  2, 13]]), array([[ 9,  2,  0,  0],
       [ 3,  6,  0,  1],
       [ 1,  0,  5,  4],
       [ 0,  1,  1, 13]]), array([[ 9,  1,  1,  0],
       [ 2,  6,  0,  2],
       [ 0,  0,  7,  3],
       [ 0,  1,  1, 13]]), array([[ 6,  3,  2,  0],
       [ 2,  8,  0,  0],
       [ 0,  0,  8,  2],
       [ 0,  0,  1, 13]]), array([[ 9,  1,  0,  1],
       [ 3,  7,  0,  0],
       [ 0,  0,  7,  2],
       [ 0,  1,  1, 13]]), array([[ 6,  4,  1,  0],
       [ 0,  7,  0,  2],
       [ 1,  0,  7,  2],
       [ 0,  0,  2, 13]]), array([[ 9,  2,  0,  0],
       [ 3,  6,  0,  0],
       [ 0,  0,  7,  3],
       [ 0,  0,  2, 13]]), array([[11,  0,  0,  0],
       [ 4,  5,  0,  0],
       [ 0,  0,  9,  1],
       [ 1,  0,  4, 10]]), array([[ 4,  4,  2,  1],
       [ 1,  7,  0,  1],
       [ 0,  0,  8,  2],
       [ 0,  0,  2, 13]])]"
