degree value,Train_Accuracy,Train_Precision_micro,Train_Recall_micro,Train_f1_micro,Train_Precision_macro,Train_Recall_macro,Train_f1_macro,Train_Precision_weighted,Train_Recall_weighted,Train_f1_weighted,Train_Confusion_Matrix,Test_Accuracy,Test_Precision_micro,Test_Recall_micro,Test_f1_micro,Test_Precision_macro,Test_Recall_macro,Test_f1_macro,Test_Precision_weighted,Test_Recall_weighted,Test_f1_weighted,Test_Confusion_Matrix
1,"[0.9166666666666666, 0.9173913043478261, 0.911062906724512, 0.9150326797385621, 0.9235807860262009, 0.9004329004329005, 0.9150326797385621, 0.9059080962800875, 0.9078947368421053, 0.9108695652173913]","[0.9166666666666666, 0.9173913043478261, 0.911062906724512, 0.9150326797385621, 0.9235807860262009, 0.9004329004329005, 0.9150326797385621, 0.9059080962800875, 0.9078947368421053, 0.9108695652173913]","[0.9166666666666666, 0.9173913043478261, 0.911062906724512, 0.9150326797385621, 0.9235807860262009, 0.9004329004329005, 0.9150326797385621, 0.9059080962800875, 0.9078947368421053, 0.9108695652173913]","[0.9166666666666666, 0.9173913043478261, 0.911062906724512, 0.9150326797385621, 0.9235807860262009, 0.9004329004329005, 0.9150326797385621, 0.9059080962800875, 0.9078947368421053, 0.9108695652173913]","[0.9184490806376492, 0.9168351535969053, 0.9100253018041286, 0.9125381263616558, 0.9214915004903563, 0.8989360672347971, 0.9152223287371664, 0.9070755795522683, 0.9080172473029616, 0.9110135334122169]","[0.9126375840237857, 0.9148663075584107, 0.9072394861298743, 0.9111529517589245, 0.9232474348502125, 0.8975874673751284, 0.9105874626816474, 0.9003617000111821, 0.905526081075322, 0.9060629908752977]","[0.9148202068893534, 0.9155366645932683, 0.9082132705361738, 0.9118203708388378, 0.922288610947671, 0.8982432264639822, 0.9125719874809194, 0.9033171923345333, 0.9066818226923232, 0.9083043876457962]","[0.9178760630419669, 0.9179203009159164, 0.9118039194789477, 0.9150243496091247, 0.9238444292809106, 0.9003832569693179, 0.9153669997279944, 0.9062204979556288, 0.9079521344245655, 0.9109244252595607]","[0.9166666666666666, 0.9173913043478261, 0.911062906724512, 0.9150326797385621, 0.9235807860262009, 0.9004329004329005, 0.9150326797385621, 0.9059080962800875, 0.9078947368421053, 0.9108695652173913]","[0.9165442866797047, 0.9173423240691494, 0.9110151002225821, 0.9150034939098926, 0.923643981832736, 0.9003906808739746, 0.914874166102682, 0.9056923737233877, 0.9078358965774008, 0.9106756067550855]","[array([[ 89,  11,   0,   0],
       [  3, 129,   0,   1],
       [  0,   0,  79,  10],
       [  0,   3,  10, 121]]), array([[ 89,  11,   0,   0],
       [  6, 130,   0,   1],
       [  0,   0,  81,   8],
       [  0,   2,  10, 122]]), array([[ 91,  10,   0,   0],
       [  4, 132,   0,   1],
       [  0,   0,  78,  11],
       [  0,   2,  13, 119]]), array([[ 93,   8,   0,   0],
       [  7, 127,   0,   1],
       [  0,   0,  77,  12],
       [  0,   0,  11, 123]]), array([[ 93,   8,   0,   0],
       [  7, 124,   0,   2],
       [  0,   0,  82,   7],
       [  0,   1,  10, 124]]), array([[ 91,  10,   0,   0],
       [  9, 126,   0,   2],
       [  0,   0,  78,  12],
       [  0,   2,  11, 121]]), array([[ 89,  12,   0,   0],
       [  6, 128,   0,   1],
       [  0,   0,  79,  10],
       [  0,   1,   9, 124]]), array([[ 91,  10,   0,   0],
       [  6, 125,   0,   2],
       [  0,   0,  75,  14],
       [  0,   2,   9, 123]]), array([[ 89,  12,   0,   0],
       [  9, 121,   0,   2],
       [  0,   0,  80,   9],
       [  0,   2,   8, 124]]), array([[ 89,  12,   0,   0],
       [  8, 127,   0,   1],
       [  0,   0,  78,  11],
       [  0,   1,   8, 125]])]","[0.8043478260869565, 0.8260869565217391, 0.7608695652173914, 0.8260869565217391, 0.7777777777777778, 0.9111111111111111, 0.8, 0.8888888888888888, 0.8, 0.8888888888888888]","[0.8043478260869565, 0.8260869565217391, 0.7608695652173914, 0.8260869565217391, 0.7777777777777778, 0.9111111111111111, 0.8, 0.8888888888888888, 0.8, 0.8888888888888888]","[0.8043478260869565, 0.8260869565217391, 0.7608695652173914, 0.8260869565217391, 0.7777777777777778, 0.9111111111111111, 0.8, 0.8888888888888888, 0.8, 0.8888888888888888]","[0.8043478260869565, 0.8260869565217391, 0.7608695652173914, 0.8260869565217391, 0.7777777777777778, 0.9111111111111111, 0.8, 0.8888888888888888, 0.8, 0.8888888888888888]","[0.8269230769230769, 0.8272727272727272, 0.8189338235294118, 0.8185064935064936, 0.7862713675213675, 0.9085317460317461, 0.8045454545454546, 0.897671568627451, 0.8125, 0.8958333333333334]","[0.811111111111111, 0.8305555555555555, 0.7553030303030303, 0.8234848484848485, 0.7733766233766234, 0.9138888888888889, 0.7962121212121211, 0.8717171717171717, 0.8055555555555556, 0.888888888888889]","[0.8112344720496895, 0.8279176201372997, 0.7455570489844684, 0.8193760262725779, 0.7719931700816258, 0.9104905880393137, 0.7985904039034968, 0.8798708795112248, 0.8077578857630009, 0.8910912190963342]","[0.8210702341137123, 0.8284584980237154, 0.822170716112532, 0.8300677583286279, 0.7873029439696106, 0.9113756613756613, 0.8018181818181818, 0.8950435729847496, 0.8018518518518517, 0.8907407407407406]","[0.8043478260869565, 0.8260869565217391, 0.7608695652173914, 0.8260869565217391, 0.7777777777777778, 0.9111111111111111, 0.8, 0.8888888888888888, 0.8, 0.8888888888888888]","[0.8057784229003511, 0.8263854342851458, 0.7530615292712067, 0.8265153137716856, 0.7753349251300276, 0.9104447776111945, 0.7992409867172676, 0.887297133023902, 0.7998294970161978, 0.8887183859050866]","[array([[12,  0,  0,  0],
       [ 1,  7,  0,  1],
       [ 0,  0,  8,  2],
       [ 0,  0,  5, 10]]), array([[10,  1,  0,  1],
       [ 1,  8,  0,  0],
       [ 0,  0,  8,  2],
       [ 0,  1,  2, 12]]), array([[ 5,  6,  0,  0],
       [ 0, 10,  0,  0],
       [ 0,  0,  7,  3],
       [ 0,  1,  1, 13]]), array([[ 8,  3,  0,  0],
       [ 2,  7,  0,  1],
       [ 0,  0, 10,  0],
       [ 0,  1,  1, 13]]), array([[ 7,  4,  0,  0],
       [ 1,  9,  0,  0],
       [ 0,  0,  7,  3],
       [ 1,  0,  1, 12]]), array([[11,  0,  0,  0],
       [ 1,  9,  0,  0],
       [ 0,  0,  8,  1],
       [ 0,  1,  1, 13]]), array([[ 9,  2,  0,  0],
       [ 0,  6,  0,  3],
       [ 0,  0,  9,  1],
       [ 1,  0,  2, 12]]), array([[10,  1,  0,  0],
       [ 2,  7,  0,  0],
       [ 0,  0,  8,  2],
       [ 0,  0,  0, 15]]), array([[11,  0,  0,  0],
       [ 1,  8,  0,  0],
       [ 0,  0,  6,  4],
       [ 0,  0,  4, 11]]), array([[11,  0,  0,  0],
       [ 1,  8,  0,  0],
       [ 0,  0,  8,  2],
       [ 0,  0,  2, 13]])]"
2,"[0.9780701754385965, 0.967391304347826, 0.9587852494577006, 0.9673202614379085, 0.9694323144104804, 0.9588744588744589, 0.9738562091503268, 0.9671772428884027, 0.9758771929824561, 0.9695652173913043]","[0.9780701754385965, 0.967391304347826, 0.9587852494577006, 0.9673202614379085, 0.9694323144104804, 0.9588744588744589, 0.9738562091503268, 0.9671772428884027, 0.9758771929824561, 0.9695652173913043]","[0.9780701754385965, 0.967391304347826, 0.9587852494577006, 0.9673202614379085, 0.9694323144104804, 0.9588744588744589, 0.9738562091503268, 0.9671772428884027, 0.9758771929824561, 0.9695652173913043]","[0.9780701754385965, 0.967391304347826, 0.9587852494577006, 0.9673202614379085, 0.9694323144104804, 0.9588744588744589, 0.9738562091503268, 0.9671772428884027, 0.9758771929824561, 0.9695652173913043]","[0.9769353780547811, 0.9655774908119614, 0.9569005816328983, 0.9644219856768286, 0.96835600530856, 0.9574054195887601, 0.9712995337995338, 0.9655222638368706, 0.9748439450686642, 0.9691607684529828]","[0.9772446754989099, 0.9645092425186461, 0.9584053225601139, 0.9667025836688425, 0.9667507200158219, 0.957721336465273, 0.972895354687238, 0.9648021296343956, 0.9741514504460675, 0.9657244841539327]","[0.9770352781546812, 0.9649911413903951, 0.9575704714969191, 0.9654816886036932, 0.967526989925745, 0.9574746137444954, 0.9720551378446116, 0.9651527771110614, 0.9744882267581103, 0.9673171432752206]","[0.9783111625216888, 0.9673687326400865, 0.9593897254795114, 0.9676905456956608, 0.9695384421462577, 0.959390878669539, 0.9740263367714349, 0.9673069130399546, 0.9759746588693958, 0.9697531542621004]","[0.9780701754385965, 0.967391304347826, 0.9587852494577006, 0.9673202614379085, 0.9694323144104804, 0.9588744588744589, 0.9738562091503268, 0.9671772428884027, 0.9758771929824561, 0.9695652173913043]","[0.9781454899875953, 0.9673325270818781, 0.959017605092675, 0.9674362625089825, 0.9694590826685685, 0.959029990203228, 0.9739031675048188, 0.9672328084873153, 0.9759165757334763, 0.9695413587888108]","[array([[ 98,   0,   0,   2],
       [  0, 133,   0,   0],
       [  0,   0,  86,   3],
       [  0,   0,   5, 129]]), array([[100,   0,   0,   0],
       [  1, 136,   0,   0],
       [  0,   0,  81,   8],
       [  0,   0,   6, 128]]), array([[100,   1,   0,   0],
       [  0, 134,   0,   3],
       [  0,   0,  83,   6],
       [  0,   0,   9, 125]]), array([[100,   0,   0,   1],
       [  1, 134,   0,   0],
       [  0,   0,  84,   5],
       [  0,   0,   8, 126]]), array([[100,   0,   0,   1],
       [  0, 133,   0,   0],
       [  0,   0,  82,   7],
       [  0,   0,   6, 129]]), array([[100,   0,   0,   1],
       [  2, 133,   0,   2],
       [  0,   0,  83,   7],
       [  0,   0,   7, 127]]), array([[101,   0,   0,   0],
       [  0, 135,   0,   0],
       [  0,   0,  84,   5],
       [  0,   0,   7, 127]]), array([[100,   0,   0,   1],
       [  0, 133,   0,   0],
       [  0,   0,  82,   7],
       [  0,   0,   7, 127]]), array([[100,   0,   0,   1],
       [  0, 132,   0,   0],
       [  0,   0,  84,   5],
       [  0,   0,   5, 129]]), array([[100,   0,   0,   1],
       [  0, 136,   0,   0],
       [  0,   0,  81,   8],
       [  0,   0,   5, 129]])]","[0.6739130434782609, 0.8478260869565217, 0.717391304347826, 0.8043478260869565, 0.7555555555555555, 0.8444444444444444, 0.7555555555555555, 0.7555555555555555, 0.6888888888888889, 0.7777777777777778]","[0.6739130434782609, 0.8478260869565217, 0.717391304347826, 0.8043478260869565, 0.7555555555555555, 0.8444444444444444, 0.7555555555555555, 0.7555555555555555, 0.6888888888888889, 0.7777777777777778]","[0.6739130434782609, 0.8478260869565217, 0.717391304347826, 0.8043478260869565, 0.7555555555555555, 0.8444444444444444, 0.7555555555555555, 0.7555555555555555, 0.6888888888888889, 0.7777777777777778]","[0.6739130434782609, 0.8478260869565217, 0.717391304347826, 0.8043478260869565, 0.7555555555555555, 0.8444444444444444, 0.7555555555555555, 0.7555555555555555, 0.6888888888888889, 0.7777777777777778]","[0.7411616161616161, 0.8526199494949496, 0.7209150326797386, 0.8104166666666667, 0.7545454545454545, 0.886904761904762, 0.7447916666666667, 0.7962121212121211, 0.7287289915966386, 0.808974358974359]","[0.6638888888888889, 0.8472222222222222, 0.709090909090909, 0.7901515151515153, 0.7532467532467533, 0.8161616161616161, 0.7401515151515151, 0.7507575757575757, 0.6795454545454546, 0.766161616161616]","[0.6838415207980425, 0.849290945924887, 0.7133771929824562, 0.7969417173133864, 0.7523118140178031, 0.8280663780663781, 0.7418202764976958, 0.7627705627705628, 0.690763888888889, 0.7687229437229437]","[0.7226613965744401, 0.8499258893280632, 0.7188263711281614, 0.8143115942028984, 0.7536700336700336, 0.8746031746031747, 0.7552777777777777, 0.7751515151515151, 0.71171802054155, 0.8028490028490027]","[0.6739130434782609, 0.8478260869565217, 0.717391304347826, 0.8043478260869565, 0.7555555555555555, 0.8444444444444444, 0.7555555555555555, 0.7555555555555555, 0.6888888888888889, 0.7777777777777778]","[0.6828001865809049, 0.8481614732605647, 0.7163424866514111, 0.8062923891023166, 0.7530857795830572, 0.8389738656405323, 0.7547021676053933, 0.7558633958633959, 0.6886234567901235, 0.7748436748436749]","[array([[10,  0,  0,  2],
       [ 1,  5,  1,  2],
       [ 0,  0,  6,  4],
       [ 0,  0,  5, 10]]), array([[10,  1,  0,  1],
       [ 1,  8,  0,  0],
       [ 0,  0,  8,  2],
       [ 0,  0,  2, 13]]), array([[ 7,  3,  0,  1],
       [ 1,  7,  1,  1],
       [ 0,  0,  7,  3],
       [ 2,  0,  1, 12]]), array([[ 8,  3,  0,  0],
       [ 2,  7,  0,  1],
       [ 1,  0,  8,  1],
       [ 1,  0,  0, 14]]), array([[ 8,  1,  1,  1],
       [ 1,  9,  0,  0],
       [ 0,  1,  6,  3],
       [ 1,  0,  2, 11]]), array([[10,  0,  0,  1],
       [ 2,  8,  0,  0],
       [ 2,  0,  5,  2],
       [ 0,  0,  0, 15]]), array([[ 8,  2,  1,  0],
       [ 1,  6,  0,  2],
       [ 1,  1,  7,  1],
       [ 0,  0,  2, 13]]), array([[ 7,  0,  0,  4],
       [ 2,  6,  0,  1],
       [ 0,  0,  9,  1],
       [ 1,  0,  2, 12]]), array([[ 9,  0,  0,  2],
       [ 2,  6,  1,  0],
       [ 1,  0,  5,  4],
       [ 2,  0,  2, 11]]), array([[10,  0,  0,  1],
       [ 1,  5,  1,  2],
       [ 2,  0,  8,  0],
       [ 0,  0,  3, 12]])]"
3,"[0.956140350877193, 0.9521739130434783, 0.9522776572668112, 0.9607843137254902, 0.9475982532751092, 0.9588744588744589, 0.9694989106753813, 0.949671772428884, 0.956140350877193, 0.9608695652173913]","[0.956140350877193, 0.9521739130434783, 0.9522776572668112, 0.9607843137254902, 0.9475982532751092, 0.9588744588744589, 0.9694989106753813, 0.949671772428884, 0.956140350877193, 0.9608695652173913]","[0.956140350877193, 0.9521739130434783, 0.9522776572668112, 0.9607843137254902, 0.9475982532751092, 0.9588744588744589, 0.9694989106753813, 0.949671772428884, 0.956140350877193, 0.9608695652173913]","[0.956140350877193, 0.9521739130434783, 0.9522776572668112, 0.9607843137254902, 0.9475982532751092, 0.9588744588744589, 0.9694989106753813, 0.949671772428884, 0.956140350877193, 0.9608695652173913]","[0.957329762891072, 0.9573994726433751, 0.9561374549819929, 0.9633487654320987, 0.9509196271101032, 0.9634141156462585, 0.9706721816905278, 0.9573937463324671, 0.9616067794639223, 0.9646352171136654]","[0.9531832579099939, 0.9481895319188524, 0.9468963719090107, 0.9545023488876921, 0.9438471334390909, 0.9521669914022669, 0.9644612455823255, 0.9435371398519361, 0.9503965479140569, 0.9545434017930998]","[0.9547548320404745, 0.9517133330068974, 0.95029042974227, 0.9581103887513147, 0.9461337848648584, 0.9564846572559017, 0.967015075105266, 0.9487257655633337, 0.9549222120008997, 0.9585663672073756]","[0.9571798048352032, 0.9551331288871056, 0.9545839593972079, 0.9620417439952662, 0.949920178325252, 0.9611254675030185, 0.9700439221379135, 0.9537678529402539, 0.9585598356901616, 0.9624286120828476]","[0.956140350877193, 0.9521739130434783, 0.9522776572668112, 0.9607843137254902, 0.9475982532751092, 0.9588744588744589, 0.9694989106753813, 0.949671772428884, 0.956140350877193, 0.9608695652173913]","[0.9561537605904156, 0.9525421847934824, 0.952254006627683, 0.9606599654045979, 0.9475193564855081, 0.9587858723824672, 0.9692809956257892, 0.9500041175400081, 0.9562987056441983, 0.9607123794488379]","[array([[100,   0,   0,   0],
       [  2, 128,   0,   3],
       [  0,   0,  79,  10],
       [  0,   0,   5, 129]]), array([[ 99,   0,   0,   1],
       [  0, 131,   0,   6],
       [  0,   0,  78,  11],
       [  0,   0,   4, 130]]), array([[101,   0,   0,   0],
       [  1, 132,   0,   4],
       [  0,   0,  76,  13],
       [  0,   0,   4, 130]]), array([[100,   0,   0,   1],
       [  0, 134,   0,   1],
       [  0,   0,  77,  12],
       [  0,   0,   4, 130]]), array([[101,   0,   0,   0],
       [  4, 125,   0,   4],
       [  0,   0,  77,  12],
       [  0,   0,   4, 131]]), array([[100,   0,   0,   1],
       [  0, 135,   0,   2],
       [  0,   0,  77,  13],
       [  0,   0,   3, 131]]), array([[101,   0,   0,   0],
       [  1, 134,   0,   0],
       [  0,   0,  79,  10],
       [  0,   0,   3, 131]]), array([[ 99,   0,   0,   2],
       [  0, 128,   0,   5],
       [  0,   0,  76,  13],
       [  0,   0,   3, 131]]), array([[ 98,   1,   0,   2],
       [  0, 129,   0,   3],
       [  0,   0,  78,  11],
       [  0,   0,   3, 131]]), array([[100,   1,   0,   0],
       [  0, 134,   0,   2],
       [  0,   0,  77,  12],
       [  0,   0,   3, 131]])]","[0.782608695652174, 0.8478260869565217, 0.8260869565217391, 0.8260869565217391, 0.7777777777777778, 0.8222222222222222, 0.8, 0.7555555555555555, 0.8, 0.8222222222222222]","[0.782608695652174, 0.8478260869565217, 0.8260869565217391, 0.8260869565217391, 0.7777777777777778, 0.8222222222222222, 0.8, 0.7555555555555555, 0.8, 0.8222222222222222]","[0.782608695652174, 0.8478260869565217, 0.8260869565217391, 0.8260869565217391, 0.7777777777777778, 0.8222222222222222, 0.8, 0.7555555555555555, 0.8, 0.8222222222222222]","[0.782608695652174, 0.8478260869565217, 0.8260869565217391, 0.8260869565217391, 0.7777777777777778, 0.8222222222222222, 0.8, 0.7555555555555555, 0.8, 0.8222222222222222]","[0.8067099567099567, 0.8814327485380117, 0.8625, 0.8512626262626263, 0.7763888888888888, 0.8493867243867245, 0.8041666666666667, 0.827922077922078, 0.8140782828282829, 0.8356209150326797]","[0.7749999999999999, 0.8430555555555557, 0.8045454545454546, 0.812878787878788, 0.7688311688311688, 0.8128787878787879, 0.781818181818182, 0.7267676767676767, 0.7883838383838384, 0.8207070707070707]","[0.7807692307692308, 0.8562482409231635, 0.8160714285714286, 0.8227654698242934, 0.7709697782687603, 0.8237554112554113, 0.7885918003565062, 0.7487766605413664, 0.7967914438502672, 0.8253472222222222]","[0.7967250141163185, 0.8639460971268752, 0.851086956521739, 0.8443346508563899, 0.7779012345679013, 0.8384319384319384, 0.8043209876543209, 0.8025974025974025, 0.8046296296296297, 0.8277414669571532]","[0.782608695652174, 0.8478260869565217, 0.8260869565217391, 0.8260869565217391, 0.7777777777777778, 0.8222222222222222, 0.8, 0.7555555555555555, 0.8, 0.8222222222222222]","[0.7813823857302118, 0.8491905187288146, 0.8214285714285714, 0.8263083889682356, 0.7762609923108621, 0.8231024531024531, 0.7973380867498515, 0.7519721402074343, 0.7977025153495743, 0.8219444444444444]","[array([[12,  0,  0,  0],
       [ 2,  6,  0,  1],
       [ 0,  0,  7,  3],
       [ 0,  0,  4, 11]]), array([[ 9,  0,  0,  3],
       [ 1,  8,  0,  0],
       [ 0,  0,  8,  2],
       [ 0,  0,  1, 14]]), array([[ 9,  2,  0,  0],
       [ 1,  8,  0,  1],
       [ 0,  0,  6,  4],
       [ 0,  0,  0, 15]]), array([[ 9,  2,  0,  0],
       [ 1,  8,  0,  1],
       [ 0,  0,  7,  3],
       [ 0,  1,  0, 14]]), array([[ 9,  2,  0,  0],
       [ 3,  7,  0,  0],
       [ 0,  0,  7,  3],
       [ 0,  0,  2, 12]]), array([[ 9,  1,  0,  1],
       [ 0,  9,  0,  1],
       [ 0,  0,  6,  3],
       [ 0,  1,  1, 13]]), array([[ 8,  2,  1,  0],
       [ 1,  6,  0,  2],
       [ 0,  0,  8,  2],
       [ 0,  0,  1, 14]]), array([[ 9,  0,  0,  2],
       [ 2,  5,  0,  2],
       [ 0,  0,  6,  4],
       [ 0,  0,  1, 14]]), array([[10,  1,  0,  0],
       [ 1,  7,  0,  1],
       [ 0,  0,  6,  4],
       [ 0,  0,  2, 13]]), array([[ 8,  1,  0,  2],
       [ 1,  8,  0,  0],
       [ 0,  0,  8,  2],
       [ 0,  0,  2, 13]])]"
4,"[0.875, 0.8804347826086957, 0.8698481561822126, 0.8627450980392157, 0.87117903930131, 0.8831168831168831, 0.8932461873638344, 0.8796498905908097, 0.8771929824561403, 0.8739130434782608]","[0.875, 0.8804347826086957, 0.8698481561822126, 0.8627450980392157, 0.87117903930131, 0.8831168831168831, 0.8932461873638344, 0.8796498905908097, 0.8771929824561403, 0.8739130434782608]","[0.875, 0.8804347826086957, 0.8698481561822126, 0.8627450980392157, 0.87117903930131, 0.8831168831168831, 0.8932461873638344, 0.8796498905908097, 0.8771929824561403, 0.8739130434782608]","[0.875, 0.8804347826086957, 0.8698481561822126, 0.8627450980392157, 0.87117903930131, 0.8831168831168831, 0.8932461873638344, 0.8796498905908097, 0.8771929824561403, 0.8739130434782608]","[0.925392670157068, 0.9231920122887864, 0.9195538949275363, 0.9167814772292384, 0.9208559782608695, 0.9251920122887864, 0.9301302288871349, 0.9242360580595874, 0.9232902735562311, 0.9213768115942029]","[0.859386457717327, 0.8657319253400838, 0.8548426084702355, 0.846343868413338, 0.8553173532835809, 0.8670973742978394, 0.8795049747861475, 0.8631560717254154, 0.8617152791499173, 0.8595918368816984]","[0.8776789380699995, 0.88210524451097, 0.8725759339723738, 0.8652523735914491, 0.873529124807667, 0.8834122474747474, 0.8945015095958492, 0.8800806428332332, 0.8789254408199758, 0.876839822447374]","[0.912303664921466, 0.9118473385427102, 0.9078808277531517, 0.9042843433244369, 0.9081416919815202, 0.9145703247085736, 0.9198097163973017, 0.9125456986056806, 0.9112422012478003, 0.9098046628859484]","[0.875, 0.8804347826086957, 0.8698481561822126, 0.8627450980392157, 0.87117903930131, 0.8831168831168831, 0.8932461873638344, 0.8796498905908097, 0.8771929824561403, 0.8739130434782608]","[0.8790053662782272, 0.8838702799052739, 0.8742581381430465, 0.8672962175183639, 0.8751044260886893, 0.8863174493856312, 0.8962661585179774, 0.8826316349878196, 0.8806662877848871, 0.878182533436654]","[array([[ 79,   0,   0,  21],
       [  0, 119,   0,  14],
       [  0,   0,  67,  22],
       [  0,   0,   0, 134]]), array([[ 79,   1,   0,  20],
       [  0, 124,   0,  13],
       [  0,   0,  69,  20],
       [  0,   0,   1, 133]]), array([[ 78,   0,   0,  23],
       [  0, 122,   0,  15],
       [  0,   0,  68,  21],
       [  0,   0,   1, 133]]), array([[ 77,   0,   0,  24],
       [  0, 120,   0,  15],
       [  0,   0,  66,  23],
       [  0,   0,   1, 133]]), array([[ 77,   0,   0,  24],
       [  0, 120,   0,  13],
       [  0,   0,  68,  21],
       [  0,   0,   1, 134]]), array([[ 79,   0,   0,  22],
       [  0, 127,   0,  10],
       [  0,   0,  69,  21],
       [  0,   0,   1, 133]]), array([[ 84,   0,   0,  17],
       [  0, 124,   0,  11],
       [  0,   0,  69,  20],
       [  0,   0,   1, 133]]), array([[ 76,   0,   0,  25],
       [  0, 124,   0,   9],
       [  0,   0,  69,  20],
       [  0,   0,   1, 133]]), array([[ 77,   0,   0,  24],
       [  0, 121,   0,  11],
       [  0,   0,  69,  20],
       [  0,   0,   1, 133]]), array([[ 80,   0,   0,  21],
       [  0, 121,   0,  15],
       [  0,   0,  68,  21],
       [  0,   0,   1, 133]])]","[0.6304347826086957, 0.717391304347826, 0.717391304347826, 0.717391304347826, 0.6666666666666666, 0.6666666666666666, 0.6, 0.6222222222222222, 0.6666666666666666, 0.6444444444444445]","[0.6304347826086957, 0.717391304347826, 0.717391304347826, 0.717391304347826, 0.6666666666666666, 0.6666666666666666, 0.6, 0.6222222222222222, 0.6666666666666666, 0.6444444444444445]","[0.6304347826086957, 0.717391304347826, 0.717391304347826, 0.717391304347826, 0.6666666666666666, 0.6666666666666666, 0.6, 0.6222222222222222, 0.6666666666666666, 0.6444444444444445]","[0.6304347826086957, 0.717391304347826, 0.717391304347826, 0.717391304347826, 0.6666666666666666, 0.6666666666666666, 0.6, 0.6222222222222222, 0.6666666666666666, 0.6444444444444445]","[0.7360660173160173, 0.7906746031746033, 0.8055555555555556, 0.8017857142857143, 0.7078373015873016, 0.8376436781609196, 0.6465201465201464, 0.8166666666666667, 0.7675, 0.665340909090909]","[0.6027777777777777, 0.7097222222222221, 0.6901515151515152, 0.6863636363636364, 0.6506493506493506, 0.632070707070707, 0.5603535353535354, 0.5808080808080809, 0.6474747474747474, 0.6058080808080808]","[0.6212647002120686, 0.7170688788335847, 0.7128205128205128, 0.7093653250773994, 0.6611946532999164, 0.6501464222052457, 0.5687709230033478, 0.6192056309703369, 0.6724780701754386, 0.6137923637923638]","[0.7144621682665161, 0.7678571428571428, 0.7832125603864735, 0.7787267080745341, 0.6990299823633157, 0.8057471264367817, 0.6345136345136345, 0.7777777777777778, 0.7344444444444443, 0.6576767676767676]","[0.6304347826086957, 0.717391304347826, 0.717391304347826, 0.717391304347826, 0.6666666666666666, 0.6666666666666666, 0.6, 0.6222222222222222, 0.6666666666666666, 0.6444444444444445]","[0.6267759700253979, 0.7064069775067218, 0.7152731326644369, 0.7120911293579217, 0.6634957764782327, 0.6483745013156778, 0.5800605770763589, 0.6215518686106921, 0.6645711500974658, 0.629677296343963]","[array([[ 6,  0,  0,  6],
       [ 1,  4,  3,  1],
       [ 0,  0,  6,  4],
       [ 0,  0,  2, 13]]), array([[ 5,  1,  1,  5],
       [ 0,  8,  0,  1],
       [ 0,  0,  6,  4],
       [ 1,  0,  0, 14]]), array([[ 8,  1,  0,  2],
       [ 1,  6,  0,  3],
       [ 0,  0,  5,  5],
       [ 0,  1,  0, 14]]), array([[ 6,  1,  0,  4],
       [ 2,  6,  0,  2],
       [ 0,  0,  6,  4],
       [ 0,  0,  0, 15]]), array([[ 6,  1,  2,  2],
       [ 1,  7,  0,  2],
       [ 0,  0,  5,  5],
       [ 0,  1,  1, 12]]), array([[ 3,  0,  0,  8],
       [ 0,  7,  1,  2],
       [ 0,  0,  5,  4],
       [ 0,  0,  0, 15]]), array([[ 4,  2,  1,  4],
       [ 1,  4,  0,  4],
       [ 1,  0,  5,  4],
       [ 0,  0,  1, 14]]), array([[ 6,  0,  0,  5],
       [ 0,  4,  0,  5],
       [ 0,  0,  4,  6],
       [ 0,  0,  1, 14]]), array([[ 6,  0,  0,  5],
       [ 1,  7,  0,  1],
       [ 0,  0,  4,  6],
       [ 1,  0,  1, 13]]), array([[ 6,  1,  0,  4],
       [ 2,  4,  2,  1],
       [ 2,  0,  5,  3],
       [ 0,  0,  1, 14]])]"
5,"[0.8026315789473685, 0.7847826086956522, 0.7982646420824295, 0.7734204793028322, 0.777292576419214, 0.803030303030303, 0.8431372549019608, 0.7986870897155361, 0.7872807017543859, 0.8173913043478261]","[0.8026315789473685, 0.7847826086956522, 0.7982646420824295, 0.7734204793028322, 0.777292576419214, 0.803030303030303, 0.8431372549019608, 0.7986870897155361, 0.7872807017543859, 0.8173913043478261]","[0.8026315789473685, 0.7847826086956522, 0.7982646420824295, 0.7734204793028322, 0.777292576419214, 0.803030303030303, 0.8431372549019608, 0.7986870897155361, 0.7872807017543859, 0.8173913043478261]","[0.8026315789473685, 0.7847826086956522, 0.7982646420824295, 0.7734204793028322, 0.777292576419214, 0.803030303030303, 0.8431372549019608, 0.7986870897155361, 0.7872807017543859, 0.8173913043478261]","[0.8995535714285714, 0.8937768240343348, 0.8975770925110133, 0.8907563025210083, 0.8924050632911392, 0.8988888888888888, 0.912621359223301, 0.8982300884955752, 0.895021645021645, 0.9036697247706422]","[0.7784523105516601, 0.7616318789469367, 0.7734146682116747, 0.7463900322616531, 0.7527809678830517, 0.7794263367942633, 0.821120876132557, 0.7742938947100759, 0.7639153662557268, 0.7941092626281795]","[0.8046804277406389, 0.7890421236889433, 0.7994425560855142, 0.7742590349435636, 0.7814200078529008, 0.804906743751101, 0.8431058369293664, 0.8006645103867327, 0.791496610407739, 0.8184892822009097]","[0.8819313909774436, 0.876226908005225, 0.8809139296874253, 0.8724300177587375, 0.8731413409982864, 0.8826936026936028, 0.8979630687226346, 0.8806374779729285, 0.8766043897622844, 0.8877542879936179]","[0.8026315789473685, 0.7847826086956522, 0.7982646420824295, 0.7734204793028322, 0.777292576419214, 0.803030303030303, 0.8431372549019608, 0.7986870897155361, 0.7872807017543859, 0.8173913043478261]","[0.8089770525546495, 0.7927929117755089, 0.8047894493914388, 0.7803136652780592, 0.7849295725637367, 0.8096975346822965, 0.8476229962043111, 0.8051277575833862, 0.7947372477159443, 0.8232602532389374]","[array([[ 68,   0,   0,  32],
       [  0, 110,   0,  23],
       [  0,   0,  54,  35],
       [  0,   0,   0, 134]]), array([[ 67,   0,   0,  33],
       [  0, 107,   0,  30],
       [  0,   0,  53,  36],
       [  0,   0,   0, 134]]), array([[ 65,   0,   0,  36],
       [  0, 114,   0,  23],
       [  0,   0,  55,  34],
       [  0,   0,   0, 134]]), array([[ 63,   0,   0,  38],
       [  0, 108,   0,  27],
       [  0,   0,  50,  39],
       [  0,   0,   0, 134]]), array([[ 64,   0,   0,  37],
       [  0, 104,   0,  29],
       [  0,   0,  53,  36],
       [  0,   0,   0, 135]]), array([[ 67,   0,   0,  34],
       [  0, 114,   0,  23],
       [  0,   0,  56,  34],
       [  0,   0,   0, 134]]), array([[ 74,   0,   0,  27],
       [  0, 120,   0,  15],
       [  0,   0,  59,  30],
       [  0,   0,   0, 134]]), array([[ 67,   0,   0,  34],
       [  0, 110,   0,  23],
       [  0,   0,  54,  35],
       [  0,   0,   0, 134]]), array([[ 66,   0,   0,  35],
       [  0, 105,   0,  27],
       [  0,   0,  54,  35],
       [  0,   0,   0, 134]]), array([[ 72,   0,   0,  29],
       [  0, 115,   0,  21],
       [  0,   0,  55,  34],
       [  0,   0,   0, 134]])]","[0.7391304347826086, 0.6086956521739131, 0.6304347826086957, 0.6304347826086957, 0.7111111111111111, 0.6444444444444445, 0.6, 0.5777777777777777, 0.6222222222222222, 0.6888888888888889]","[0.7391304347826086, 0.6086956521739131, 0.6304347826086957, 0.6304347826086957, 0.7111111111111111, 0.6444444444444445, 0.6, 0.5777777777777777, 0.6222222222222222, 0.6888888888888889]","[0.7391304347826086, 0.6086956521739131, 0.6304347826086957, 0.6304347826086957, 0.7111111111111111, 0.6444444444444445, 0.6, 0.5777777777777777, 0.6222222222222222, 0.6888888888888889]","[0.7391304347826086, 0.6086956521739131, 0.6304347826086957, 0.6304347826086957, 0.7111111111111111, 0.6444444444444445, 0.6, 0.5777777777777777, 0.6222222222222222, 0.6888888888888889]","[0.8629807692307692, 0.8314732142857143, 0.7855603448275862, 0.7459770114942529, 0.8090277777777778, 0.7546296296296297, 0.7709677419354839, 0.796875, 0.7453703703703703, 0.7751831501831501]","[0.7194444444444444, 0.575, 0.5886363636363636, 0.5909090909090909, 0.6840909090909091, 0.6131313131313132, 0.5520202020202021, 0.533080808080808, 0.5969696969696969, 0.6575757575757576]","[0.7429758488761358, 0.5874590834697218, 0.6084505772005772, 0.6089349376114082, 0.6954887218045113, 0.6384803921568627, 0.572567287784679, 0.566175181201777, 0.6268207282913165, 0.6755738880918221]","[0.8375836120401338, 0.7988159937888198, 0.7610569715142429, 0.7193903048475762, 0.7904320987654321, 0.7246913580246913, 0.7435125448028673, 0.7569444444444444, 0.7123456790123457, 0.7489214489214489]","[0.7391304347826086, 0.6086956521739131, 0.6304347826086957, 0.6304347826086957, 0.7111111111111111, 0.6444444444444445, 0.6, 0.5777777777777777, 0.6222222222222222, 0.6888888888888889]","[0.7366820535213023, 0.5856489717498043, 0.6167850868937825, 0.6138494923661163, 0.7000835421888054, 0.6372549019607843, 0.5805659075224292, 0.5696743563764841, 0.6212511671335201, 0.6756017854296189]","[array([[ 6,  1,  0,  5],
       [ 0,  7,  0,  2],
       [ 0,  0,  6,  4],
       [ 0,  0,  0, 15]]), array([[ 4,  1,  0,  7],
       [ 0,  6,  0,  3],
       [ 0,  0,  3,  7],
       [ 0,  0,  0, 15]]), array([[ 5,  3,  0,  3],
       [ 0,  5,  0,  5],
       [ 0,  0,  4,  6],
       [ 0,  0,  0, 15]]), array([[ 4,  1,  0,  6],
       [ 2,  4,  0,  4],
       [ 0,  0,  6,  4],
       [ 0,  0,  0, 15]]), array([[ 7,  2,  0,  2],
       [ 1,  7,  0,  2],
       [ 0,  0,  4,  6],
       [ 0,  0,  0, 14]]), array([[ 4,  0,  0,  7],
       [ 2,  6,  0,  2],
       [ 0,  0,  5,  4],
       [ 0,  0,  1, 14]]), array([[ 4,  1,  1,  5],
       [ 0,  4,  0,  5],
       [ 0,  0,  4,  6],
       [ 0,  0,  0, 15]]), array([[ 5,  0,  0,  6],
       [ 0,  4,  0,  5],
       [ 0,  0,  3,  7],
       [ 0,  0,  1, 14]]), array([[ 5,  0,  0,  6],
       [ 1,  6,  0,  2],
       [ 0,  0,  4,  6],
       [ 0,  0,  2, 13]]), array([[ 4,  1,  0,  6],
       [ 2,  6,  0,  1],
       [ 0,  0,  6,  4],
       [ 0,  0,  0, 15]])]"
6,"[0.6885964912280702, 0.6804347826086956, 0.6811279826464208, 0.6775599128540305, 0.6746724890829694, 0.6883116883116883, 0.7363834422657952, 0.6914660831509847, 0.6798245614035088, 0.691304347826087]","[0.6885964912280702, 0.6804347826086956, 0.6811279826464208, 0.6775599128540305, 0.6746724890829694, 0.6883116883116883, 0.7363834422657952, 0.6914660831509847, 0.6798245614035088, 0.691304347826087]","[0.6885964912280702, 0.6804347826086956, 0.6811279826464208, 0.6775599128540305, 0.6746724890829694, 0.6883116883116883, 0.7363834422657952, 0.6914660831509847, 0.6798245614035088, 0.691304347826087]","[0.6885964912280702, 0.6804347826086956, 0.6811279826464208, 0.6775599128540305, 0.6746724890829694, 0.6883116883116883, 0.7363834422657952, 0.6914660831509847, 0.6798245614035088, 0.691304347826087]","[0.8713768115942029, 0.8692170818505338, 0.8692170818505338, 0.8687943262411347, 0.8688380281690141, 0.8705035971223022, 0.8813725490196078, 0.8718181818181818, 0.8696428571428572, 0.8713768115942029]","[0.6655187125116162, 0.6576988846059214, 0.6552934121428218, 0.6501044486471119, 0.6493305936997349, 0.6656787759067878, 0.7108344355034755, 0.6655592842379616, 0.6565686765305745, 0.6666516019579486]","[0.6978541818350568, 0.6893505651170085, 0.685848796670996, 0.6812802160115732, 0.6812865498960352, 0.6969841179620899, 0.7412143969849484, 0.697125340923806, 0.6887750332779947, 0.6981706189023262]","[0.8488113399440631, 0.847609469286709, 0.847940034429254, 0.8467837883774472, 0.8453548803739467, 0.8497617490423246, 0.8614720833867316, 0.8496598368808435, 0.8467731829573935, 0.8501260239445495]","[0.6885964912280702, 0.6804347826086956, 0.6811279826464208, 0.6775599128540305, 0.6746724890829694, 0.6883116883116883, 0.7363834422657952, 0.6914660831509847, 0.6798245614035088, 0.691304347826087]","[0.6981523276844213, 0.690177526624597, 0.6895150883405973, 0.6857534479649914, 0.6827598536912839, 0.6984064809141167, 0.7453052946475827, 0.7000484035211517, 0.688981183993396, 0.7008194801938176]","[array([[ 54,   0,   0,  46],
       [  0,  79,   0,  54],
       [  0,   0,  47,  42],
       [  0,   0,   0, 134]]), array([[ 53,   0,   0,  47],
       [  0,  80,   0,  57],
       [  0,   0,  46,  43],
       [  0,   0,   0, 134]]), array([[ 47,   0,   0,  54],
       [  0,  86,   0,  51],
       [  0,   0,  47,  42],
       [  0,   0,   0, 134]]), array([[ 50,   0,   0,  51],
       [  0,  84,   0,  51],
       [  0,   0,  43,  46],
       [  0,   0,   0, 134]]), array([[ 48,   0,   0,  53],
       [  0,  79,   0,  54],
       [  0,   0,  47,  42],
       [  0,   0,   0, 135]]), array([[ 54,   0,   0,  47],
       [  0,  83,   0,  54],
       [  0,   0,  47,  43],
       [  0,   0,   0, 134]]), array([[ 58,   0,   0,  43],
       [  0,  97,   0,  38],
       [  0,   0,  49,  40],
       [  0,   0,   0, 134]]), array([[ 50,   0,   0,  51],
       [  0,  85,   0,  48],
       [  0,   0,  47,  42],
       [  0,   0,   0, 134]]), array([[ 52,   0,   0,  49],
       [  0,  77,   0,  55],
       [  0,   0,  47,  42],
       [  0,   0,   0, 134]]), array([[ 53,   0,   0,  48],
       [  0,  85,   0,  51],
       [  0,   0,  46,  43],
       [  0,   0,   0, 134]])]","[0.5, 0.5434782608695652, 0.5434782608695652, 0.5434782608695652, 0.5777777777777777, 0.5333333333333333, 0.5111111111111111, 0.4666666666666667, 0.5111111111111111, 0.5111111111111111]","[0.5, 0.5434782608695652, 0.5434782608695652, 0.5434782608695652, 0.5777777777777777, 0.5333333333333333, 0.5111111111111111, 0.4666666666666667, 0.5111111111111111, 0.5111111111111111]","[0.5, 0.5434782608695652, 0.5434782608695652, 0.5434782608695652, 0.5777777777777777, 0.5333333333333333, 0.5111111111111111, 0.4666666666666667, 0.5111111111111111, 0.5111111111111111]","[0.5, 0.5434782608695652, 0.5434782608695652, 0.5434782608695652, 0.5777777777777777, 0.5333333333333333, 0.5111111111111111, 0.4666666666666667, 0.5111111111111111, 0.5111111111111111]","[0.7541666666666667, 0.8541666666666666, 0.7946428571428571, 0.7738095238095237, 0.7379032258064516, 0.684375, 0.7916666666666666, 0.7820945945945946, 0.6848958333333333, 0.5729166666666666]","[0.44305555555555554, 0.4986111111111111, 0.4909090909090909, 0.4954545454545455, 0.5431818181818182, 0.4898989898989899, 0.4487373737373737, 0.41439393939393937, 0.4686868686868687, 0.4515151515151515]","[0.4379679144385027, 0.516289592760181, 0.5058608058608058, 0.5034798534798535, 0.5501984126984127, 0.5013171225937183, 0.4522536287242169, 0.4084249084249084, 0.48671416193318573, 0.4379217273954116]","[0.7228260869565217, 0.8097826086956522, 0.7593167701863355, 0.7339544513457557, 0.7127240143369176, 0.6502777777777777, 0.75, 0.7372372372372372, 0.6465277777777778, 0.5564814814814815]","[0.5, 0.5434782608695652, 0.5434782608695652, 0.5434782608695652, 0.5777777777777777, 0.5333333333333333, 0.5111111111111111, 0.4666666666666667, 0.5111111111111111, 0.5111111111111111]","[0.45426644966286917, 0.5168994688176274, 0.5166905558209907, 0.5092371396719223, 0.5532627865961199, 0.5050365867387143, 0.46880570409982175, 0.4154660154660154, 0.490882834312121, 0.4600989653621233]","[array([[ 3,  0,  0,  9],
       [ 0,  2,  2,  5],
       [ 0,  0,  3,  7],
       [ 0,  0,  0, 15]]), array([[ 3,  0,  0,  9],
       [ 0,  4,  0,  5],
       [ 0,  0,  3,  7],
       [ 0,  0,  0, 15]]), array([[ 4,  1,  0,  6],
       [ 0,  3,  0,  7],
       [ 0,  0,  3,  7],
       [ 0,  0,  0, 15]]), array([[ 2,  0,  0,  9],
       [ 1,  3,  0,  6],
       [ 0,  0,  5,  5],
       [ 0,  0,  0, 15]]), array([[ 3,  0,  1,  7],
       [ 1,  6,  0,  3],
       [ 0,  0,  3,  7],
       [ 0,  0,  0, 14]]), array([[ 2,  0,  0,  9],
       [ 2,  4,  0,  4],
       [ 0,  0,  4,  5],
       [ 0,  0,  1, 14]]), array([[ 3,  0,  1,  7],
       [ 0,  2,  0,  7],
       [ 0,  0,  3,  7],
       [ 0,  0,  0, 15]]), array([[ 1,  0,  0, 10],
       [ 0,  3,  0,  6],
       [ 0,  0,  3,  7],
       [ 0,  0,  1, 14]]), array([[ 4,  0,  0,  7],
       [ 1,  4,  0,  4],
       [ 0,  0,  2,  8],
       [ 1,  0,  1, 13]]), array([[ 3,  1,  0,  7],
       [ 2,  3,  1,  3],
       [ 3,  0,  2,  5],
       [ 0,  0,  0, 15]])]"
7,"[0.6425438596491229, 0.6565217391304348, 0.6399132321041214, 0.6383442265795207, 0.631004366812227, 0.6623376623376623, 0.681917211328976, 0.649890590809628, 0.6447368421052632, 0.6608695652173913]","[0.6425438596491229, 0.6565217391304348, 0.6399132321041214, 0.6383442265795207, 0.631004366812227, 0.6623376623376623, 0.681917211328976, 0.649890590809628, 0.6447368421052632, 0.6608695652173913]","[0.6425438596491229, 0.6565217391304348, 0.6399132321041214, 0.6383442265795207, 0.631004366812227, 0.6623376623376623, 0.681917211328976, 0.649890590809628, 0.6447368421052632, 0.6608695652173913]","[0.6425438596491229, 0.6565217391304348, 0.6399132321041214, 0.6383442265795207, 0.631004366812227, 0.6623376623376623, 0.681917211328976, 0.649890590809628, 0.6447368421052632, 0.6608695652173913]","[0.8627946127946128, 0.8647260273972602, 0.8616666666666667, 0.8616666666666667, 0.8610197368421053, 0.8655172413793103, 0.8696428571428572, 0.8639455782312925, 0.8631756756756757, 0.8655172413793103]","[0.6167474866942637, 0.6309884769949972, 0.6117813905560161, 0.6075775742368245, 0.6062328058437338, 0.6364144443641444, 0.6566795630873948, 0.6228163578375241, 0.6202802162238696, 0.6354559985079804]","[0.6477206991528137, 0.6619184110740317, 0.6410473198613635, 0.636444238803251, 0.636576064789757, 0.6670044881577453, 0.6881360055469898, 0.6535984461586919, 0.6514083579152918, 0.666473979790855]","[0.8387234922322642, 0.8423764145324598, 0.8391612436731744, 0.8384604212055193, 0.8361368076304297, 0.8439767129422301, 0.8477746654217243, 0.8404263237023474, 0.8391714082503556, 0.8432983508245877]","[0.6425438596491229, 0.6565217391304348, 0.6399132321041214, 0.6383442265795207, 0.631004366812227, 0.6623376623376623, 0.681917211328976, 0.649890590809628, 0.6447368421052632, 0.6608695652173913]","[0.6492323906465459, 0.6646299323932833, 0.6460426876340155, 0.6433278123494387, 0.6364538007453135, 0.6707187934710176, 0.6908091406550471, 0.6566730639788931, 0.651758374407047, 0.6691517723368483]","[array([[ 48,   0,   0,  52],
       [  0,  70,   0,  63],
       [  0,   0,  41,  48],
       [  0,   0,   0, 134]]), array([[ 49,   0,   0,  51],
       [  0,  77,   0,  60],
       [  0,   0,  42,  47],
       [  0,   0,   0, 134]]), array([[ 44,   0,   0,  57],
       [  0,  77,   0,  60],
       [  0,   0,  40,  49],
       [  0,   0,   0, 134]]), array([[ 46,   0,   0,  55],
       [  0,  77,   0,  58],
       [  0,   0,  36,  53],
       [  0,   0,   0, 134]]), array([[ 45,   0,   0,  56],
       [  0,  66,   0,  67],
       [  0,   0,  43,  46],
       [  0,   0,   0, 135]]), array([[ 50,   0,   0,  51],
       [  0,  80,   0,  57],
       [  0,   0,  42,  48],
       [  0,   0,   0, 134]]), array([[ 50,   0,   0,  51],
       [  0,  83,   0,  52],
       [  0,   0,  46,  43],
       [  0,   0,   0, 134]]), array([[ 46,   0,   0,  55],
       [  0,  75,   0,  58],
       [  0,   0,  42,  47],
       [  0,   0,   0, 134]]), array([[ 48,   0,   0,  53],
       [  0,  69,   0,  63],
       [  0,   0,  43,  46],
       [  0,   0,   0, 134]]), array([[ 49,   0,   0,  52],
       [  0,  78,   0,  58],
       [  0,   0,  43,  46],
       [  0,   0,   0, 134]])]","[0.5217391304347826, 0.5434782608695652, 0.5, 0.43478260869565216, 0.5333333333333333, 0.5555555555555556, 0.4888888888888889, 0.4888888888888889, 0.4666666666666667, 0.5555555555555556]","[0.5217391304347826, 0.5434782608695652, 0.5, 0.43478260869565216, 0.5333333333333333, 0.5555555555555556, 0.4888888888888889, 0.4888888888888889, 0.4666666666666667, 0.5555555555555556]","[0.5217391304347826, 0.5434782608695652, 0.5, 0.43478260869565216, 0.5333333333333333, 0.5555555555555556, 0.4888888888888889, 0.4888888888888889, 0.4666666666666667, 0.5555555555555556]","[0.5217391304347826, 0.5434782608695652, 0.5, 0.43478260869565216, 0.5333333333333333, 0.5555555555555556, 0.4888888888888889, 0.4888888888888889, 0.4666666666666667, 0.5555555555555556]","[0.8041666666666666, 0.8541666666666666, 0.7541666666666667, 0.71875, 0.6879032258064516, 0.746875, 0.7888513513513513, 0.8486842105263158, 0.616421568627451, 0.6959677419354838]","[0.4666666666666667, 0.4986111111111111, 0.44545454545454544, 0.37272727272727274, 0.4909090909090909, 0.5126262626262625, 0.426010101010101, 0.43106060606060603, 0.420959595959596, 0.5042929292929292]","[0.4730392156862745, 0.516289592760181, 0.43936651583710407, 0.3414918414918415, 0.489690170940171, 0.5346504559270516, 0.4192057942057942, 0.42356071601354617, 0.4249607535321821, 0.5095205306202748]","[0.7576086956521739, 0.8097826086956522, 0.7228260869565217, 0.6766304347826086, 0.6693906810035842, 0.711388888888889, 0.7462462462462462, 0.7982456140350876, 0.5848583877995642, 0.6657347670250896]","[0.5217391304347826, 0.5434782608695652, 0.5, 0.43478260869565216, 0.5333333333333333, 0.5555555555555556, 0.4888888888888889, 0.4888888888888889, 0.4666666666666667, 0.5555555555555556]","[0.4848678601875533, 0.5168994688176274, 0.45268542199488493, 0.3595824465389682, 0.5016999050332385, 0.5376291793313069, 0.4354867354867355, 0.4319840885878622, 0.43191348334205476, 0.5205156310015645]","[array([[ 4,  0,  0,  8],
       [ 1,  3,  0,  5],
       [ 0,  0,  2,  8],
       [ 0,  0,  0, 15]]), array([[ 3,  0,  0,  9],
       [ 0,  4,  0,  5],
       [ 0,  0,  3,  7],
       [ 0,  0,  0, 15]]), array([[ 2,  2,  0,  7],
       [ 0,  3,  0,  7],
       [ 0,  0,  3,  7],
       [ 0,  0,  0, 15]]), array([[ 1,  0,  0, 10],
       [ 1,  2,  0,  7],
       [ 0,  0,  2,  8],
       [ 0,  0,  0, 15]]), array([[ 4,  3,  0,  4],
       [ 1,  3,  0,  6],
       [ 0,  0,  3,  7],
       [ 0,  0,  0, 14]]), array([[ 3,  0,  0,  8],
       [ 1,  4,  0,  5],
       [ 0,  0,  4,  5],
       [ 0,  0,  1, 14]]), array([[ 2,  0,  1,  8],
       [ 0,  2,  0,  7],
       [ 0,  0,  3,  7],
       [ 0,  0,  0, 15]]), array([[ 1,  0,  0, 10],
       [ 0,  3,  0,  6],
       [ 0,  0,  3,  7],
       [ 0,  0,  0, 15]]), array([[ 3,  0,  0,  8],
       [ 1,  4,  0,  4],
       [ 0,  0,  1,  9],
       [ 0,  0,  2, 13]]), array([[ 3,  1,  0,  7],
       [ 2,  4,  0,  3],
       [ 1,  0,  3,  6],
       [ 0,  0,  0, 15]])]"
8,"[0.618421052631579, 0.6217391304347826, 0.6095444685466378, 0.6122004357298475, 0.6069868995633187, 0.6298701298701299, 0.6492374727668845, 0.6323851203501094, 0.6228070175438597, 0.6304347826086957]","[0.618421052631579, 0.6217391304347826, 0.6095444685466378, 0.6122004357298475, 0.6069868995633187, 0.6298701298701299, 0.6492374727668845, 0.6323851203501094, 0.6228070175438597, 0.6304347826086957]","[0.618421052631579, 0.6217391304347826, 0.6095444685466378, 0.6122004357298475, 0.6069868995633187, 0.6298701298701299, 0.6492374727668845, 0.6323851203501094, 0.6228070175438597, 0.6304347826086957]","[0.618421052631579, 0.6217391304347826, 0.6095444685466378, 0.6122004357298475, 0.6069868995633187, 0.6298701298701299, 0.6492374727668845, 0.6323851203501094, 0.6228070175438597, 0.6304347826086957]","[0.8587662337662337, 0.8587662337662337, 0.856687898089172, 0.8573717948717948, 0.8571428571428571, 0.8598360655737705, 0.8635593220338983, 0.8609271523178808, 0.8594771241830066, 0.8601973684210527]","[0.5908017234096476, 0.595153981792832, 0.5810134527764267, 0.5815708911715142, 0.5773363768749942, 0.6026286205262863, 0.6222459137299499, 0.6022749609589666, 0.5944403429106955, 0.6039266538187196]","[0.6197969331262593, 0.6238381515682815, 0.6075277105307489, 0.6084728602330867, 0.6047211592269559, 0.6313291988207583, 0.6527480343831055, 0.6313255408914532, 0.6236031644163602, 0.6332719561047568]","[0.8339883800410116, 0.8354319593450028, 0.8333724802078007, 0.833445058935255, 0.8315658140985651, 0.8373855652544178, 0.8406705808500424, 0.8368861130030287, 0.8348239880747621, 0.8370995423340961]","[0.618421052631579, 0.6217391304347826, 0.6095444685466378, 0.6122004357298475, 0.6069868995633187, 0.6298701298701299, 0.6492374727668845, 0.6323851203501094, 0.6228070175438597, 0.6304347826086957]","[0.6224581752998133, 0.6268573387920287, 0.6124706945938087, 0.6148975986936417, 0.6086296432723838, 0.6357145100198072, 0.6563164503969262, 0.636844741533495, 0.6270495089079052, 0.6363713324434529]","[array([[ 44,   0,   0,  56],
       [  0,  66,   0,  67],
       [  0,   0,  38,  51],
       [  0,   0,   0, 134]]), array([[ 45,   0,   0,  55],
       [  0,  69,   0,  68],
       [  0,   0,  38,  51],
       [  0,   0,   0, 134]]), array([[ 39,   0,   0,  62],
       [  0,  70,   0,  67],
       [  0,   0,  38,  51],
       [  0,   0,   0, 134]]), array([[ 43,   0,   0,  58],
       [  0,  70,   0,  65],
       [  0,   0,  34,  55],
       [  0,   0,   0, 134]]), array([[ 39,   0,   0,  62],
       [  0,  66,   0,  67],
       [  0,   0,  38,  51],
       [  0,   0,   0, 135]]), array([[ 46,   0,   0,  55],
       [  0,  73,   0,  64],
       [  0,   0,  38,  52],
       [  0,   0,   0, 134]]), array([[ 47,   0,   0,  54],
       [  0,  76,   0,  59],
       [  0,   0,  41,  48],
       [  0,   0,   0, 134]]), array([[ 43,   0,   0,  58],
       [  0,  74,   0,  59],
       [  0,   0,  38,  51],
       [  0,   0,   0, 134]]), array([[ 44,   0,   0,  57],
       [  0,  68,   0,  64],
       [  0,   0,  38,  51],
       [  0,   0,   0, 134]]), array([[ 46,   0,   0,  55],
       [  0,  71,   0,  65],
       [  0,   0,  39,  50],
       [  0,   0,   0, 134]])]","[0.4782608695652174, 0.5217391304347826, 0.45652173913043476, 0.41304347826086957, 0.4888888888888889, 0.4888888888888889, 0.4888888888888889, 0.4888888888888889, 0.4, 0.4888888888888889]","[0.4782608695652174, 0.5217391304347826, 0.45652173913043476, 0.41304347826086957, 0.4888888888888889, 0.4888888888888889, 0.4888888888888889, 0.4888888888888889, 0.4, 0.4888888888888889]","[0.4782608695652174, 0.5217391304347826, 0.45652173913043476, 0.41304347826086957, 0.4888888888888889, 0.4888888888888889, 0.4888888888888889, 0.4888888888888889, 0.4, 0.4888888888888889]","[0.4782608695652174, 0.5217391304347826, 0.45652173913043476, 0.41304347826086957, 0.4888888888888889, 0.4888888888888889, 0.4888888888888889, 0.4888888888888889, 0.4, 0.4888888888888889]","[0.7986842105263158, 0.8513513513513513, 0.7211538461538461, 0.5892857142857143, 0.75, 0.6625, 0.8486842105263158, 0.8486842105263158, 0.5878378378378378, 0.5344696969696969]","[0.4111111111111111, 0.47777777777777775, 0.39545454545454545, 0.35, 0.4431818181818182, 0.4393939393939394, 0.426010101010101, 0.43106060606060603, 0.3426767676767677, 0.43106060606060603]","[0.39248982611912686, 0.4848901098901099, 0.37286324786324787, 0.2982456140350877, 0.4333333333333333, 0.4367032967032967, 0.42472621717904735, 0.42356071601354617, 0.32579920079920077, 0.4073489010989011]","[0.7504576659038902, 0.8061104582843713, 0.6906354515050167, 0.5512422360248447, 0.7244444444444444, 0.6277777777777778, 0.7982456140350876, 0.7982456140350876, 0.5541541541541541, 0.5163299663299663]","[0.4782608695652174, 0.5217391304347826, 0.45652173913043476, 0.41304347826086957, 0.4888888888888889, 0.4888888888888889, 0.4888888888888889, 0.4888888888888889, 0.4, 0.4888888888888889]","[0.4189338737956216, 0.48339703774486387, 0.391304347826087, 0.3165522501906941, 0.4455026455026455, 0.4435653235653236, 0.4391842957880694, 0.4319840885878622, 0.34342324342324343, 0.4244505494505495]","[array([[ 4,  0,  0,  8],
       [ 1,  1,  0,  7],
       [ 0,  0,  2,  8],
       [ 0,  0,  0, 15]]), array([[ 2,  0,  0, 10],
       [ 0,  4,  0,  5],
       [ 0,  0,  3,  7],
       [ 0,  0,  0, 15]]), array([[ 2,  1,  0,  8],
       [ 0,  1,  0,  9],
       [ 0,  0,  3,  7],
       [ 0,  0,  0, 15]]), array([[ 0,  0,  0, 11],
       [ 0,  2,  0,  8],
       [ 0,  0,  2,  8],
       [ 0,  0,  0, 15]]), array([[ 3,  2,  0,  6],
       [ 0,  3,  0,  7],
       [ 0,  0,  2,  8],
       [ 0,  0,  0, 14]]), array([[ 1,  0,  0, 10],
       [ 1,  4,  0,  5],
       [ 0,  0,  3,  6],
       [ 0,  0,  1, 14]]), array([[ 2,  0,  0,  9],
       [ 0,  2,  0,  7],
       [ 0,  0,  3,  7],
       [ 0,  0,  0, 15]]), array([[ 1,  0,  0, 10],
       [ 0,  3,  0,  6],
       [ 0,  0,  3,  7],
       [ 0,  0,  0, 15]]), array([[ 2,  0,  0,  9],
       [ 1,  2,  0,  6],
       [ 0,  0,  1,  9],
       [ 0,  0,  2, 13]]), array([[ 1,  1,  1,  8],
       [ 1,  3,  1,  4],
       [ 1,  0,  3,  6],
       [ 0,  0,  0, 15]])]"
9,"[0.6052631578947368, 0.6, 0.5813449023861171, 0.5969498910675382, 0.5873362445414847, 0.6103896103896104, 0.644880174291939, 0.6148796498905909, 0.5964912280701754, 0.6043478260869565]","[0.6052631578947368, 0.6, 0.5813449023861171, 0.5969498910675382, 0.5873362445414847, 0.6103896103896104, 0.644880174291939, 0.6148796498905909, 0.5964912280701754, 0.6043478260869565]","[0.6052631578947368, 0.6, 0.5813449023861171, 0.5969498910675382, 0.5873362445414847, 0.6103896103896104, 0.644880174291939, 0.6148796498905909, 0.5964912280701754, 0.6043478260869565]","[0.6052631578947368, 0.6, 0.5813449023861171, 0.5969498910675382, 0.5873362445414847, 0.6103896103896104, 0.644880174291939, 0.6148796498905909, 0.5964912280701754, 0.6043478260869565]","[0.856687898089172, 0.8553459119496856, 0.8524464831804281, 0.8550156739811913, 0.8541666666666666, 0.856687898089172, 0.8627946127946128, 0.8580645161290322, 0.8553459119496856, 0.8560126582278481]","[0.5754927346456028, 0.5745712704010498, 0.5514199025085811, 0.5667377411898493, 0.5571076010194582, 0.5829984823299849, 0.6131772165980642, 0.5839258843515508, 0.5693878376601704, 0.5770445331876215]","[0.6024958837667841, 0.6011840301429843, 0.5733616430636491, 0.5921373279798131, 0.5815350499174029, 0.6099885107533342, 0.6418642909630496, 0.6110316198551493, 0.5959303593393793, 0.6038859867330016]","[0.8315454240697284, 0.8314465408805032, 0.8284410303355954, 0.8306936846490599, 0.8280567685589519, 0.8337331458350566, 0.8397775870542755, 0.8335286228559329, 0.8299680017654198, 0.8322234452394056]","[0.6052631578947368, 0.6, 0.5813449023861171, 0.5969498910675382, 0.5873362445414847, 0.6103896103896104, 0.644880174291939, 0.6148796498905909, 0.5964912280701754, 0.6043478260869565]","[0.6069446688527692, 0.6026692674221391, 0.5793466429677642, 0.5979103947261075, 0.5856796049513747, 0.6142286630226677, 0.6495681759577202, 0.6170734881765902, 0.5976231019568431, 0.6072784519431825]","[array([[ 39,   0,   0,  61],
       [  0,  66,   0,  67],
       [  0,   0,  37,  52],
       [  0,   0,   0, 134]]), array([[ 43,   0,   0,  57],
       [  0,  62,   0,  75],
       [  0,   0,  37,  52],
       [  0,   0,   0, 134]]), array([[ 33,   0,   0,  68],
       [  0,  65,   0,  72],
       [  0,   0,  36,  53],
       [  0,   0,   0, 134]]), array([[ 40,   0,   0,  61],
       [  0,  66,   0,  69],
       [  0,   0,  34,  55],
       [  0,   0,   0, 134]]), array([[ 35,   0,   0,  66],
       [  0,  62,   0,  71],
       [  0,   0,  37,  52],
       [  0,   0,   0, 135]]), array([[ 44,   0,   0,  57],
       [  0,  68,   0,  69],
       [  0,   0,  36,  54],
       [  0,   0,   0, 134]]), array([[ 43,   0,   0,  58],
       [  0,  81,   0,  54],
       [  0,   0,  38,  51],
       [  0,   0,   0, 134]]), array([[ 39,   0,   0,  62],
       [  0,  71,   0,  62],
       [  0,   0,  37,  52],
       [  0,   0,   0, 134]]), array([[ 40,   0,   0,  61],
       [  0,  60,   0,  72],
       [  0,   0,  38,  51],
       [  0,   0,   0, 134]]), array([[ 43,   0,   0,  58],
       [  0,  65,   0,  71],
       [  0,   0,  36,  53],
       [  0,   0,   0, 134]])]","[0.5, 0.5217391304347826, 0.43478260869565216, 0.391304347826087, 0.4666666666666667, 0.4888888888888889, 0.5111111111111111, 0.4888888888888889, 0.4, 0.5111111111111111]","[0.5, 0.5217391304347826, 0.43478260869565216, 0.391304347826087, 0.4666666666666667, 0.4888888888888889, 0.5111111111111111, 0.4888888888888889, 0.4, 0.5111111111111111]","[0.5, 0.5217391304347826, 0.43478260869565216, 0.391304347826087, 0.4666666666666667, 0.4888888888888889, 0.5111111111111111, 0.4888888888888889, 0.4, 0.5111111111111111]","[0.5, 0.5217391304347826, 0.43478260869565216, 0.391304347826087, 0.4666666666666667, 0.4888888888888889, 0.5111111111111111, 0.4888888888888889, 0.4, 0.5111111111111111]","[0.8486842105263158, 0.8513513513513513, 0.71875, 0.5872093023255814, 0.7612612612612613, 0.6154411764705882, 0.8513513513513513, 0.8486842105263158, 0.5878378378378378, 0.6227941176470588]","[0.4458333333333333, 0.47777777777777775, 0.3704545454545455, 0.325, 0.4181818181818182, 0.4393939393939394, 0.4487373737373737, 0.43106060606060603, 0.3426767676767677, 0.4588383838383838]","[0.44984276729559747, 0.4848901098901099, 0.3382867132867133, 0.258098223615465, 0.4046541693600517, 0.43003663003663, 0.45766733266733267, 0.42356071601354617, 0.32579920079920077, 0.44152276295133436]","[0.8026315789473684, 0.8061104582843713, 0.6875, 0.5485338725985844, 0.7325325325325325, 0.5872549019607843, 0.8018018018018018, 0.7982456140350876, 0.5541541541541541, 0.5959477124183006]","[0.5, 0.5217391304347826, 0.43478260869565216, 0.391304347826087, 0.4666666666666667, 0.4888888888888889, 0.5111111111111111, 0.4888888888888889, 0.4, 0.5111111111111111]","[0.4592152037188953, 0.48339703774486387, 0.36013986013986016, 0.28065512698196354, 0.41801814742991217, 0.43890923890923894, 0.47236097236097235, 0.4319840885878622, 0.34342324342324343, 0.45121227978370837]","[array([[ 3,  0,  0,  9],
       [ 0,  3,  0,  6],
       [ 0,  0,  2,  8],
       [ 0,  0,  0, 15]]), array([[ 2,  0,  0, 10],
       [ 0,  4,  0,  5],
       [ 0,  0,  3,  7],
       [ 0,  0,  0, 15]]), array([[ 2,  1,  0,  8],
       [ 0,  1,  0,  9],
       [ 0,  0,  2,  8],
       [ 0,  0,  0, 15]]), array([[ 0,  0,  0, 11],
       [ 0,  2,  0,  8],
       [ 0,  0,  1,  9],
       [ 0,  0,  0, 15]]), array([[ 3,  1,  0,  7],
       [ 0,  2,  0,  8],
       [ 0,  0,  2,  8],
       [ 0,  0,  0, 14]]), array([[ 1,  1,  0,  9],
       [ 1,  4,  0,  5],
       [ 0,  0,  3,  6],
       [ 0,  0,  1, 14]]), array([[ 3,  0,  0,  8],
       [ 0,  2,  0,  7],
       [ 0,  0,  3,  7],
       [ 0,  0,  0, 15]]), array([[ 1,  0,  0, 10],
       [ 0,  3,  0,  6],
       [ 0,  0,  3,  7],
       [ 0,  0,  0, 15]]), array([[ 2,  0,  0,  9],
       [ 1,  2,  0,  6],
       [ 0,  0,  1,  9],
       [ 0,  0,  2, 13]]), array([[ 1,  1,  1,  8],
       [ 1,  4,  0,  4],
       [ 0,  0,  3,  7],
       [ 0,  0,  0, 15]])]"
10,"[0.581140350877193, 0.5956521739130435, 0.5813449023861171, 0.5708061002178649, 0.5698689956331878, 0.5800865800865801, 0.6143790849673203, 0.6017505470459519, 0.5789473684210527, 0.591304347826087]","[0.581140350877193, 0.5956521739130435, 0.5813449023861171, 0.5708061002178649, 0.5698689956331878, 0.5800865800865801, 0.6143790849673203, 0.6017505470459519, 0.5789473684210527, 0.591304347826087]","[0.581140350877193, 0.5956521739130435, 0.5813449023861171, 0.5708061002178649, 0.5698689956331878, 0.5800865800865801, 0.6143790849673203, 0.6017505470459519, 0.5789473684210527, 0.591304347826087]","[0.581140350877193, 0.5956521739130435, 0.5813449023861171, 0.5708061002178649, 0.5698689956331878, 0.5800865800865801, 0.6143790849673203, 0.6017505470459519, 0.5789473684210527, 0.591304347826087]","[0.8530769230769231, 0.8546875, 0.8524464831804281, 0.8512084592145015, 0.8516566265060241, 0.8521341463414634, 0.8577170418006431, 0.8560126582278481, 0.852760736196319, 0.8540372670807453]","[0.551405550392836, 0.5665615517099976, 0.5504357312627843, 0.5388608711058371, 0.5378292348961178, 0.5503416765034168, 0.5844239667412434, 0.57052730279364, 0.5500809912451919, 0.5634670725003763]","[0.575039543048077, 0.5918198282859829, 0.5721611625674825, 0.5596037584813505, 0.5585333037511068, 0.5727092606285645, 0.6115612632967902, 0.5961010887591031, 0.5736706141742804, 0.5885069961335501]","[0.8273009446693658, 0.830679347826087, 0.8284410303355954, 0.8262477867951478, 0.8250973325616878, 0.8284500052792736, 0.8338482231048904, 0.83112206741822, 0.8269292864061996, 0.8299216851201728]","[0.581140350877193, 0.5956521739130435, 0.5813449023861171, 0.5708061002178649, 0.5698689956331878, 0.5800865800865801, 0.6143790849673203, 0.6017505470459519, 0.5789473684210527, 0.591304347826087]","[0.579056587250238, 0.5967859330356164, 0.5791153251685284, 0.5667825295328652, 0.5642511393108182, 0.5788106352956913, 0.6172857991972515, 0.6022273839946244, 0.5767616905096596, 0.5921747115220868]","[array([[ 35,   0,   0,  65],
       [  0,  60,   0,  73],
       [  0,   0,  36,  53],
       [  0,   0,   0, 134]]), array([[ 38,   0,   0,  62],
       [  0,  66,   0,  71],
       [  0,   0,  36,  53],
       [  0,   0,   0, 134]]), array([[ 33,   0,   0,  68],
       [  0,  66,   0,  71],
       [  0,   0,  35,  54],
       [  0,   0,   0, 134]]), array([[ 34,   0,   0,  67],
       [  0,  62,   0,  73],
       [  0,   0,  32,  57],
       [  0,   0,   0, 134]]), array([[ 31,   0,   0,  70],
       [  0,  60,   0,  73],
       [  0,   0,  35,  54],
       [  0,   0,   0, 135]]), array([[ 36,   0,   0,  65],
       [  0,  64,   0,  73],
       [  0,   0,  34,  56],
       [  0,   0,   0, 134]]), array([[ 40,   0,   0,  61],
       [  0,  71,   0,  64],
       [  0,   0,  37,  52],
       [  0,   0,   0, 134]]), array([[ 37,   0,   0,  64],
       [  0,  68,   0,  65],
       [  0,   0,  36,  53],
       [  0,   0,   0, 134]]), array([[ 36,   0,   0,  65],
       [  0,  58,   0,  74],
       [  0,   0,  36,  53],
       [  0,   0,   0, 134]]), array([[ 39,   0,   0,  62],
       [  0,  63,   0,  73],
       [  0,   0,  36,  53],
       [  0,   0,   0, 134]])]","[0.43478260869565216, 0.5, 0.43478260869565216, 0.391304347826087, 0.4666666666666667, 0.4444444444444444, 0.4666666666666667, 0.4888888888888889, 0.37777777777777777, 0.4888888888888889]","[0.43478260869565216, 0.5, 0.43478260869565216, 0.391304347826087, 0.4666666666666667, 0.4444444444444444, 0.4666666666666667, 0.4888888888888889, 0.37777777777777777, 0.4888888888888889]","[0.43478260869565216, 0.5, 0.43478260869565216, 0.391304347826087, 0.4666666666666667, 0.4444444444444444, 0.4666666666666667, 0.4888888888888889, 0.37777777777777777, 0.4888888888888889]","[0.43478260869565216, 0.5, 0.43478260869565216, 0.391304347826087, 0.4666666666666667, 0.4444444444444444, 0.4666666666666667, 0.4888888888888889, 0.37777777777777777, 0.4888888888888889]","[0.78125, 0.8486842105263158, 0.71875, 0.5872093023255814, 0.7612612612612613, 0.6987612612612613, 0.7861842105263158, 0.8486842105263158, 0.5855263157894737, 0.6458333333333333]","[0.3652777777777778, 0.45, 0.3704545454545455, 0.325, 0.4181818181818182, 0.3893939393939394, 0.3982323232323232, 0.43106060606060603, 0.3148989898989899, 0.43383838383838386]","[0.3255681818181818, 0.45332262077545094, 0.3382867132867133, 0.258098223615465, 0.4046541693600517, 0.3685897435897436, 0.37557536802819824, 0.42356071601354617, 0.2825316193240721, 0.41628959276018107]","[0.7309782608695652, 0.8026315789473684, 0.6875, 0.5485338725985844, 0.7325325325325325, 0.6687187187187187, 0.7426900584795321, 0.7982456140350876, 0.5510721247563353, 0.6092592592592592]","[0.43478260869565216, 0.5, 0.43478260869565216, 0.391304347826087, 0.4666666666666667, 0.4444444444444444, 0.4666666666666667, 0.4888888888888889, 0.37777777777777777, 0.4888888888888889]","[0.3543478260869565, 0.45727221916721505, 0.36013986013986016, 0.28065512698196354, 0.41801814742991217, 0.3809116809116809, 0.3991310157347894, 0.4319840885878622, 0.3075513166079204, 0.4251382604323781]","[array([[ 3,  0,  0,  9],
       [ 1,  1,  0,  7],
       [ 0,  0,  1,  9],
       [ 0,  0,  0, 15]]), array([[ 2,  0,  0, 10],
       [ 0,  3,  0,  6],
       [ 0,  0,  3,  7],
       [ 0,  0,  0, 15]]), array([[ 2,  1,  0,  8],
       [ 0,  1,  0,  9],
       [ 0,  0,  2,  8],
       [ 0,  0,  0, 15]]), array([[ 0,  0,  0, 11],
       [ 0,  2,  0,  8],
       [ 0,  0,  1,  9],
       [ 0,  0,  0, 15]]), array([[ 3,  1,  0,  7],
       [ 0,  2,  0,  8],
       [ 0,  0,  2,  8],
       [ 0,  0,  0, 14]]), array([[ 1,  1,  0,  9],
       [ 0,  2,  0,  8],
       [ 0,  0,  3,  6],
       [ 0,  0,  1, 14]]), array([[ 2,  0,  1,  8],
       [ 0,  1,  0,  8],
       [ 0,  0,  3,  7],
       [ 0,  0,  0, 15]]), array([[ 1,  0,  0, 10],
       [ 0,  3,  0,  6],
       [ 0,  0,  3,  7],
       [ 0,  0,  0, 15]]), array([[ 2,  0,  0,  9],
       [ 1,  1,  0,  7],
       [ 0,  0,  1,  9],
       [ 0,  0,  2, 13]]), array([[ 1,  0,  1,  9],
       [ 1,  4,  0,  4],
       [ 0,  0,  2,  8],
       [ 0,  0,  0, 15]])]"
