reg_alpha value,Train_Accuracy,Train_Precision_micro,Train_Recall_micro,Train_f1_micro,Train_Precision_macro,Train_Recall_macro,Train_f1_macro,Train_Precision_weighted,Train_Recall_weighted,Train_f1_weighted,Train_Confusion_Matrix,Test_Accuracy,Test_Precision_micro,Test_Recall_micro,Test_f1_micro,Test_Precision_macro,Test_Recall_macro,Test_f1_macro,Test_Precision_weighted,Test_Recall_weighted,Test_f1_weighted,Test_Confusion_Matrix
1e-05,"[1.0, 1.0, 1.0, 1.0, 1.0, 1.0, 1.0, 1.0, 1.0, 1.0]","[1.0, 1.0, 1.0, 1.0, 1.0, 1.0, 1.0, 1.0, 1.0, 1.0]","[1.0, 1.0, 1.0, 1.0, 1.0, 1.0, 1.0, 1.0, 1.0, 1.0]","[1.0, 1.0, 1.0, 1.0, 1.0, 1.0, 1.0, 1.0, 1.0, 1.0]","[1.0, 1.0, 1.0, 1.0, 1.0, 1.0, 1.0, 1.0, 1.0, 1.0]","[1.0, 1.0, 1.0, 1.0, 1.0, 1.0, 1.0, 1.0, 1.0, 1.0]","[1.0, 1.0, 1.0, 1.0, 1.0, 1.0, 1.0, 1.0, 1.0, 1.0]","[1.0, 1.0, 1.0, 1.0, 1.0, 1.0, 1.0, 1.0, 1.0, 1.0]","[1.0, 1.0, 1.0, 1.0, 1.0, 1.0, 1.0, 1.0, 1.0, 1.0]","[1.0, 1.0, 1.0, 1.0, 1.0, 1.0, 1.0, 1.0, 1.0, 1.0]","[array([[100,   0,   0,   0],
       [  0, 134,   0,   0],
       [  0,   0,  89,   0],
       [  0,   0,   0, 134]]), array([[100,   0,   0,   0],
       [  0, 134,   0,   0],
       [  0,   0,  89,   0],
       [  0,   0,   0, 134]]), array([[101,   0,   0,   0],
       [  0, 134,   0,   0],
       [  0,   0,  89,   0],
       [  0,   0,   0, 134]]), array([[101,   0,   0,   0],
       [  0, 134,   0,   0],
       [  0,   0,  89,   0],
       [  0,   0,   0, 134]]), array([[101,   0,   0,   0],
       [  0, 135,   0,   0],
       [  0,   0,  89,   0],
       [  0,   0,   0, 135]]), array([[101,   0,   0,   0],
       [  0, 134,   0,   0],
       [  0,   0,  90,   0],
       [  0,   0,   0, 134]]), array([[101,   0,   0,   0],
       [  0, 134,   0,   0],
       [  0,   0,  89,   0],
       [  0,   0,   0, 134]]), array([[101,   0,   0,   0],
       [  0, 134,   0,   0],
       [  0,   0,  89,   0],
       [  0,   0,   0, 134]]), array([[101,   0,   0,   0],
       [  0, 134,   0,   0],
       [  0,   0,  89,   0],
       [  0,   0,   0, 134]]), array([[101,   0,   0,   0],
       [  0, 134,   0,   0],
       [  0,   0,  89,   0],
       [  0,   0,   0, 134]])]","[0.7608695652173914, 0.782608695652174, 0.7391304347826086, 0.782608695652174, 0.7333333333333333, 0.8222222222222222, 0.7111111111111111, 0.8666666666666667, 0.7333333333333333, 0.8444444444444444]","[0.7608695652173914, 0.782608695652174, 0.7391304347826086, 0.782608695652174, 0.7333333333333333, 0.8222222222222222, 0.7111111111111111, 0.8666666666666667, 0.7333333333333333, 0.8444444444444444]","[0.7608695652173914, 0.782608695652174, 0.7391304347826086, 0.782608695652174, 0.7333333333333333, 0.8222222222222222, 0.7111111111111111, 0.8666666666666667, 0.7333333333333333, 0.8444444444444444]","[0.7608695652173914, 0.782608695652174, 0.7391304347826086, 0.782608695652174, 0.7333333333333333, 0.8222222222222222, 0.7111111111111111, 0.8666666666666667, 0.7333333333333333, 0.8444444444444444]","[0.7923076923076923, 0.7976190476190477, 0.7397875816993464, 0.7883986928104575, 0.7361111111111112, 0.8377005347593582, 0.7125, 0.8782051282051283, 0.7518674136321195, 0.8506493506493507]","[0.7583333333333333, 0.7694444444444445, 0.7257575757575758, 0.7734848484848486, 0.7233766233766235, 0.8095959595959596, 0.6924242424242424, 0.861111111111111, 0.7234848484848484, 0.8517676767676767]","[0.7651515151515151, 0.7762180629827689, 0.7266098484848484, 0.7791275062656642, 0.7234848484848484, 0.8184523809523809, 0.6965311004784689, 0.8645833333333334, 0.7331235697940504, 0.8461822660098522]","[0.7803790412486065, 0.7914078674948241, 0.7433219664677465, 0.7860755896561523, 0.7382716049382716, 0.8316815210932857, 0.7175308641975309, 0.8735042735042735, 0.7425251582114327, 0.8574314574314573]","[0.7608695652173914, 0.782608695652174, 0.7391304347826086, 0.782608695652174, 0.7333333333333333, 0.8222222222222222, 0.7111111111111111, 0.8666666666666667, 0.7333333333333333, 0.8444444444444444]","[0.7624505928853756, 0.77993489886073, 0.7353672595520422, 0.782380543750681, 0.7297643097643098, 0.8222222222222222, 0.708201311359206, 0.8657407407407406, 0.7337909992372236, 0.8463382594417077]","[array([[10,  0,  0,  2],
       [ 2,  6,  0,  1],
       [ 1,  0,  8,  1],
       [ 0,  0,  4, 11]]), array([[10,  1,  0,  1],
       [ 2,  7,  0,  0],
       [ 0,  0,  6,  4],
       [ 0,  1,  1, 13]]), array([[ 7,  4,  0,  0],
       [ 1,  8,  0,  1],
       [ 1,  0,  6,  3],
       [ 0,  0,  2, 13]]), array([[ 8,  2,  0,  1],
       [ 2,  7,  0,  1],
       [ 0,  0,  8,  2],
       [ 0,  1,  1, 13]]), array([[ 7,  4,  0,  0],
       [ 2,  8,  0,  0],
       [ 0,  0,  6,  4],
       [ 0,  0,  2, 12]]), array([[ 8,  2,  0,  1],
       [ 2,  8,  0,  0],
       [ 0,  0,  7,  2],
       [ 0,  1,  0, 14]]), array([[ 7,  3,  1,  0],
       [ 1,  6,  0,  2],
       [ 1,  0,  6,  3],
       [ 0,  1,  1, 13]]), array([[11,  0,  0,  0],
       [ 2,  7,  0,  0],
       [ 0,  0,  8,  2],
       [ 0,  0,  2, 13]]), array([[ 8,  1,  0,  2],
       [ 3,  6,  0,  0],
       [ 0,  0,  7,  3],
       [ 1,  0,  2, 12]]), array([[ 9,  2,  0,  0],
       [ 0,  8,  0,  1],
       [ 0,  0,  9,  1],
       [ 0,  1,  2, 12]])]"
0.01,"[1.0, 1.0, 1.0, 1.0, 1.0, 1.0, 1.0, 1.0, 1.0, 1.0]","[1.0, 1.0, 1.0, 1.0, 1.0, 1.0, 1.0, 1.0, 1.0, 1.0]","[1.0, 1.0, 1.0, 1.0, 1.0, 1.0, 1.0, 1.0, 1.0, 1.0]","[1.0, 1.0, 1.0, 1.0, 1.0, 1.0, 1.0, 1.0, 1.0, 1.0]","[1.0, 1.0, 1.0, 1.0, 1.0, 1.0, 1.0, 1.0, 1.0, 1.0]","[1.0, 1.0, 1.0, 1.0, 1.0, 1.0, 1.0, 1.0, 1.0, 1.0]","[1.0, 1.0, 1.0, 1.0, 1.0, 1.0, 1.0, 1.0, 1.0, 1.0]","[1.0, 1.0, 1.0, 1.0, 1.0, 1.0, 1.0, 1.0, 1.0, 1.0]","[1.0, 1.0, 1.0, 1.0, 1.0, 1.0, 1.0, 1.0, 1.0, 1.0]","[1.0, 1.0, 1.0, 1.0, 1.0, 1.0, 1.0, 1.0, 1.0, 1.0]","[array([[100,   0,   0,   0],
       [  0, 134,   0,   0],
       [  0,   0,  89,   0],
       [  0,   0,   0, 134]]), array([[100,   0,   0,   0],
       [  0, 134,   0,   0],
       [  0,   0,  89,   0],
       [  0,   0,   0, 134]]), array([[101,   0,   0,   0],
       [  0, 134,   0,   0],
       [  0,   0,  89,   0],
       [  0,   0,   0, 134]]), array([[101,   0,   0,   0],
       [  0, 134,   0,   0],
       [  0,   0,  89,   0],
       [  0,   0,   0, 134]]), array([[101,   0,   0,   0],
       [  0, 135,   0,   0],
       [  0,   0,  89,   0],
       [  0,   0,   0, 135]]), array([[101,   0,   0,   0],
       [  0, 134,   0,   0],
       [  0,   0,  90,   0],
       [  0,   0,   0, 134]]), array([[101,   0,   0,   0],
       [  0, 134,   0,   0],
       [  0,   0,  89,   0],
       [  0,   0,   0, 134]]), array([[101,   0,   0,   0],
       [  0, 134,   0,   0],
       [  0,   0,  89,   0],
       [  0,   0,   0, 134]]), array([[101,   0,   0,   0],
       [  0, 134,   0,   0],
       [  0,   0,  89,   0],
       [  0,   0,   0, 134]]), array([[101,   0,   0,   0],
       [  0, 134,   0,   0],
       [  0,   0,  89,   0],
       [  0,   0,   0, 134]])]","[0.782608695652174, 0.8260869565217391, 0.6739130434782609, 0.8043478260869565, 0.7111111111111111, 0.8, 0.7111111111111111, 0.8222222222222222, 0.7777777777777778, 0.8]","[0.782608695652174, 0.8260869565217391, 0.6739130434782609, 0.8043478260869565, 0.7111111111111111, 0.8, 0.7111111111111111, 0.8222222222222222, 0.7777777777777778, 0.8]","[0.782608695652174, 0.8260869565217391, 0.6739130434782609, 0.8043478260869565, 0.7111111111111111, 0.8, 0.7111111111111111, 0.8222222222222222, 0.7777777777777778, 0.8]","[0.782608695652174, 0.8260869565217391, 0.6739130434782609, 0.8043478260869565, 0.7111111111111111, 0.8, 0.7111111111111111, 0.8222222222222222, 0.7777777777777778, 0.8]","[0.7912087912087912, 0.8462301587301587, 0.6817067736185384, 0.809375, 0.7074175824175823, 0.798489010989011, 0.7321428571428571, 0.8178210678210679, 0.7862137862137862, 0.8136363636363637]","[0.7833333333333333, 0.8180555555555555, 0.6530303030303031, 0.7962121212121213, 0.702922077922078, 0.8030303030303031, 0.7085858585858587, 0.823989898989899, 0.7772727272727273, 0.8040404040404041]","[0.7795807453416149, 0.82482917409388, 0.6548295454545454, 0.7997740377123267, 0.6946984840912876, 0.7927878166180068, 0.7007947639083683, 0.8201721649997512, 0.7744047619047618, 0.801002506265664]","[0.7947921643573818, 0.8348861283643892, 0.6877664109121909, 0.8084239130434783, 0.7157997557997557, 0.8096092796092796, 0.7404761904761904, 0.823088023088023, 0.7896991896991897, 0.8181818181818182]","[0.782608695652174, 0.8260869565217391, 0.6739130434782609, 0.8043478260869565, 0.7111111111111111, 0.8, 0.7111111111111111, 0.8222222222222222, 0.7777777777777778, 0.8]","[0.781778287874696, 0.8234131597302953, 0.6695899209486166, 0.8036330128530872, 0.7034186610398504, 0.797299595816127, 0.708306062022752, 0.8218938149972632, 0.7767724867724867, 0.8018267891952102]","[array([[10,  1,  0,  1],
       [ 2,  6,  0,  1],
       [ 1,  0,  9,  0],
       [ 0,  0,  4, 11]]), array([[11,  0,  0,  1],
       [ 1,  8,  0,  0],
       [ 0,  0,  6,  4],
       [ 0,  1,  1, 13]]), array([[ 6,  5,  0,  0],
       [ 3,  7,  0,  0],
       [ 1,  0,  5,  4],
       [ 1,  0,  1, 13]]), array([[ 9,  1,  1,  0],
       [ 2,  7,  0,  1],
       [ 0,  0,  8,  2],
       [ 1,  0,  1, 13]]), array([[ 5,  5,  1,  0],
       [ 2,  8,  0,  0],
       [ 0,  0,  7,  3],
       [ 0,  0,  2, 12]]), array([[ 6,  4,  0,  1],
       [ 2,  8,  0,  0],
       [ 0,  0,  9,  0],
       [ 0,  1,  1, 13]]), array([[ 6,  5,  0,  0],
       [ 0,  8,  0,  1],
       [ 1,  0,  6,  3],
       [ 0,  1,  2, 12]]), array([[ 9,  1,  0,  1],
       [ 2,  7,  0,  0],
       [ 0,  0,  9,  1],
       [ 0,  1,  2, 12]]), array([[10,  1,  0,  0],
       [ 3,  6,  0,  0],
       [ 0,  0,  8,  2],
       [ 1,  0,  3, 11]]), array([[ 8,  3,  0,  0],
       [ 0,  8,  0,  1],
       [ 0,  0,  8,  2],
       [ 0,  0,  3, 12]])]"
0.1,"[1.0, 1.0, 1.0, 1.0, 1.0, 1.0, 1.0, 1.0, 1.0, 1.0]","[1.0, 1.0, 1.0, 1.0, 1.0, 1.0, 1.0, 1.0, 1.0, 1.0]","[1.0, 1.0, 1.0, 1.0, 1.0, 1.0, 1.0, 1.0, 1.0, 1.0]","[1.0, 1.0, 1.0, 1.0, 1.0, 1.0, 1.0, 1.0, 1.0, 1.0]","[1.0, 1.0, 1.0, 1.0, 1.0, 1.0, 1.0, 1.0, 1.0, 1.0]","[1.0, 1.0, 1.0, 1.0, 1.0, 1.0, 1.0, 1.0, 1.0, 1.0]","[1.0, 1.0, 1.0, 1.0, 1.0, 1.0, 1.0, 1.0, 1.0, 1.0]","[1.0, 1.0, 1.0, 1.0, 1.0, 1.0, 1.0, 1.0, 1.0, 1.0]","[1.0, 1.0, 1.0, 1.0, 1.0, 1.0, 1.0, 1.0, 1.0, 1.0]","[1.0, 1.0, 1.0, 1.0, 1.0, 1.0, 1.0, 1.0, 1.0, 1.0]","[array([[100,   0,   0,   0],
       [  0, 134,   0,   0],
       [  0,   0,  89,   0],
       [  0,   0,   0, 134]]), array([[100,   0,   0,   0],
       [  0, 134,   0,   0],
       [  0,   0,  89,   0],
       [  0,   0,   0, 134]]), array([[101,   0,   0,   0],
       [  0, 134,   0,   0],
       [  0,   0,  89,   0],
       [  0,   0,   0, 134]]), array([[101,   0,   0,   0],
       [  0, 134,   0,   0],
       [  0,   0,  89,   0],
       [  0,   0,   0, 134]]), array([[101,   0,   0,   0],
       [  0, 135,   0,   0],
       [  0,   0,  89,   0],
       [  0,   0,   0, 135]]), array([[101,   0,   0,   0],
       [  0, 134,   0,   0],
       [  0,   0,  90,   0],
       [  0,   0,   0, 134]]), array([[101,   0,   0,   0],
       [  0, 134,   0,   0],
       [  0,   0,  89,   0],
       [  0,   0,   0, 134]]), array([[101,   0,   0,   0],
       [  0, 134,   0,   0],
       [  0,   0,  89,   0],
       [  0,   0,   0, 134]]), array([[101,   0,   0,   0],
       [  0, 134,   0,   0],
       [  0,   0,  89,   0],
       [  0,   0,   0, 134]]), array([[101,   0,   0,   0],
       [  0, 134,   0,   0],
       [  0,   0,  89,   0],
       [  0,   0,   0, 134]])]","[0.7608695652173914, 0.7608695652173914, 0.7391304347826086, 0.782608695652174, 0.7777777777777778, 0.8, 0.6888888888888889, 0.7555555555555555, 0.8, 0.7777777777777778]","[0.7608695652173914, 0.7608695652173914, 0.7391304347826086, 0.782608695652174, 0.7777777777777778, 0.8, 0.6888888888888889, 0.7555555555555555, 0.8, 0.7777777777777778]","[0.7608695652173914, 0.7608695652173914, 0.7391304347826086, 0.782608695652174, 0.7777777777777778, 0.8, 0.6888888888888889, 0.7555555555555555, 0.8, 0.7777777777777778]","[0.7608695652173914, 0.7608695652173914, 0.7391304347826086, 0.782608695652174, 0.7777777777777778, 0.8, 0.6888888888888889, 0.7555555555555555, 0.8, 0.7777777777777778]","[0.775974025974026, 0.7893787499050656, 0.7717086834733894, 0.7798076923076922, 0.7753968253968254, 0.8002705627705627, 0.6947786690433749, 0.7512019230769231, 0.80501443001443, 0.7992609922756981]","[0.7625, 0.7555555555555555, 0.7340909090909091, 0.7772727272727273, 0.7733766233766234, 0.7878787878787878, 0.6757575757575758, 0.7378787878787879, 0.8101010101010102, 0.7762626262626262]","[0.7603073463268366, 0.7581232492997199, 0.7290032679738563, 0.7749999999999999, 0.7711038961038962, 0.7902950310559006, 0.6791666666666666, 0.7403146742567995, 0.8068990396576603, 0.7838585434173669]","[0.7771033314511575, 0.7836240799627526, 0.7695165022530751, 0.7817725752508361, 0.782716049382716, 0.8052669552669554, 0.7011751501947581, 0.7567307692307692, 0.8012987012987013, 0.7891942298805046]","[0.7608695652173914, 0.7608695652173914, 0.7391304347826086, 0.782608695652174, 0.7777777777777778, 0.8, 0.6888888888888889, 0.7555555555555555, 0.8, 0.7777777777777778]","[0.7613177107098624, 0.7580928023383267, 0.7323458368854788, 0.7789855072463768, 0.7771717171717171, 0.7995054060271453, 0.6892592592592592, 0.7522278445428351, 0.7999635103083379, 0.779573607220666]","[array([[ 9,  1,  1,  1],
       [ 2,  6,  0,  1],
       [ 0,  0,  9,  1],
       [ 0,  0,  4, 11]]), array([[ 8,  2,  0,  2],
       [ 1,  8,  0,  0],
       [ 0,  0,  6,  4],
       [ 0,  1,  1, 13]]), array([[ 7,  4,  0,  0],
       [ 0, 10,  0,  0],
       [ 0,  0,  5,  5],
       [ 0,  1,  2, 12]]), array([[10,  1,  0,  0],
       [ 3,  6,  0,  1],
       [ 0,  0,  8,  2],
       [ 0,  1,  2, 12]]), array([[ 7,  4,  0,  0],
       [ 2,  8,  0,  0],
       [ 0,  0,  8,  2],
       [ 0,  0,  2, 12]]), array([[ 9,  2,  0,  0],
       [ 2,  8,  0,  0],
       [ 1,  0,  6,  2],
       [ 0,  1,  1, 13]]), array([[ 7,  4,  0,  0],
       [ 1,  6,  0,  2],
       [ 1,  0,  6,  3],
       [ 0,  1,  2, 12]]), array([[ 9,  2,  0,  0],
       [ 3,  6,  0,  0],
       [ 1,  0,  6,  3],
       [ 0,  0,  2, 13]]), array([[ 9,  1,  0,  1],
       [ 1,  8,  0,  0],
       [ 0,  0,  8,  2],
       [ 1,  0,  3, 11]]), array([[ 8,  1,  0,  2],
       [ 1,  7,  0,  1],
       [ 0,  0,  8,  2],
       [ 0,  0,  3, 12]])]"
1,"[1.0, 1.0, 1.0, 1.0, 1.0, 1.0, 1.0, 1.0, 1.0, 1.0]","[1.0, 1.0, 1.0, 1.0, 1.0, 1.0, 1.0, 1.0, 1.0, 1.0]","[1.0, 1.0, 1.0, 1.0, 1.0, 1.0, 1.0, 1.0, 1.0, 1.0]","[1.0, 1.0, 1.0, 1.0, 1.0, 1.0, 1.0, 1.0, 1.0, 1.0]","[1.0, 1.0, 1.0, 1.0, 1.0, 1.0, 1.0, 1.0, 1.0, 1.0]","[1.0, 1.0, 1.0, 1.0, 1.0, 1.0, 1.0, 1.0, 1.0, 1.0]","[1.0, 1.0, 1.0, 1.0, 1.0, 1.0, 1.0, 1.0, 1.0, 1.0]","[1.0, 1.0, 1.0, 1.0, 1.0, 1.0, 1.0, 1.0, 1.0, 1.0]","[1.0, 1.0, 1.0, 1.0, 1.0, 1.0, 1.0, 1.0, 1.0, 1.0]","[1.0, 1.0, 1.0, 1.0, 1.0, 1.0, 1.0, 1.0, 1.0, 1.0]","[array([[100,   0,   0,   0],
       [  0, 134,   0,   0],
       [  0,   0,  89,   0],
       [  0,   0,   0, 134]]), array([[100,   0,   0,   0],
       [  0, 134,   0,   0],
       [  0,   0,  89,   0],
       [  0,   0,   0, 134]]), array([[101,   0,   0,   0],
       [  0, 134,   0,   0],
       [  0,   0,  89,   0],
       [  0,   0,   0, 134]]), array([[101,   0,   0,   0],
       [  0, 134,   0,   0],
       [  0,   0,  89,   0],
       [  0,   0,   0, 134]]), array([[101,   0,   0,   0],
       [  0, 135,   0,   0],
       [  0,   0,  89,   0],
       [  0,   0,   0, 135]]), array([[101,   0,   0,   0],
       [  0, 134,   0,   0],
       [  0,   0,  90,   0],
       [  0,   0,   0, 134]]), array([[101,   0,   0,   0],
       [  0, 134,   0,   0],
       [  0,   0,  89,   0],
       [  0,   0,   0, 134]]), array([[101,   0,   0,   0],
       [  0, 134,   0,   0],
       [  0,   0,  89,   0],
       [  0,   0,   0, 134]]), array([[101,   0,   0,   0],
       [  0, 134,   0,   0],
       [  0,   0,  89,   0],
       [  0,   0,   0, 134]]), array([[101,   0,   0,   0],
       [  0, 134,   0,   0],
       [  0,   0,  89,   0],
       [  0,   0,   0, 134]])]","[0.7391304347826086, 0.8260869565217391, 0.6739130434782609, 0.8478260869565217, 0.7111111111111111, 0.8, 0.7555555555555555, 0.8222222222222222, 0.7555555555555555, 0.7111111111111111]","[0.7391304347826086, 0.8260869565217391, 0.6739130434782609, 0.8478260869565217, 0.7111111111111111, 0.8, 0.7555555555555555, 0.8222222222222222, 0.7555555555555555, 0.7111111111111111]","[0.7391304347826086, 0.8260869565217391, 0.6739130434782609, 0.8478260869565217, 0.7111111111111111, 0.8, 0.7555555555555555, 0.8222222222222222, 0.7555555555555555, 0.7111111111111111]","[0.7391304347826086, 0.8260869565217391, 0.6739130434782609, 0.8478260869565217, 0.7111111111111111, 0.8, 0.7555555555555555, 0.8222222222222222, 0.7555555555555555, 0.7111111111111111]","[0.75503663003663, 0.8371991978609625, 0.6792925824175824, 0.8483766233766233, 0.7090909090909091, 0.798489010989011, 0.7599264705882353, 0.8425324675324676, 0.7497835497835499, 0.7013888888888888]","[0.7416666666666666, 0.8222222222222223, 0.6674242424242425, 0.8522727272727273, 0.6983766233766234, 0.8030303030303031, 0.7401515151515151, 0.8166666666666667, 0.7457070707070708, 0.697979797979798]","[0.7421601699150425, 0.8254870645817441, 0.6650578885130489, 0.8496454694730556, 0.7, 0.7927878166180068, 0.7459403717627402, 0.8173727422003284, 0.7444487577639751, 0.6991039426523298]","[0.7517916865742953, 0.8332538944431527, 0.6806348542761586, 0.8506493506493505, 0.7125252525252525, 0.8096092796092796, 0.7649019607843137, 0.8393939393939394, 0.7543049543049544, 0.71]","[0.7391304347826086, 0.8260869565217391, 0.6739130434782609, 0.8478260869565217, 0.7111111111111111, 0.8, 0.7555555555555555, 0.8222222222222222, 0.7555555555555555, 0.7111111111111111]","[0.740246724463855, 0.8256306033672713, 0.6699428109557135, 0.8485400157064326, 0.7081481481481482, 0.797299595816127, 0.7562320152232432, 0.8202853493887976, 0.7521911663216012, 0.7099163679808841]","[array([[10,  1,  0,  1],
       [ 2,  6,  0,  1],
       [ 0,  0,  8,  2],
       [ 0,  0,  5, 10]]), array([[10,  1,  0,  1],
       [ 1,  8,  0,  0],
       [ 0,  0,  7,  3],
       [ 0,  1,  1, 13]]), array([[ 7,  4,  0,  0],
       [ 2,  8,  0,  0],
       [ 0,  0,  5,  5],
       [ 1,  1,  2, 11]]), array([[10,  1,  0,  0],
       [ 1,  8,  0,  1],
       [ 0,  0,  9,  1],
       [ 0,  2,  1, 12]]), array([[ 7,  4,  0,  0],
       [ 3,  7,  0,  0],
       [ 0,  0,  6,  4],
       [ 0,  0,  2, 12]]), array([[ 6,  4,  0,  1],
       [ 2,  8,  0,  0],
       [ 0,  0,  9,  0],
       [ 0,  1,  1, 13]]), array([[ 8,  3,  0,  0],
       [ 1,  6,  0,  2],
       [ 1,  0,  7,  2],
       [ 0,  1,  1, 13]]), array([[11,  0,  0,  0],
       [ 3,  6,  0,  0],
       [ 0,  0,  8,  2],
       [ 0,  0,  3, 12]]), array([[ 8,  2,  0,  1],
       [ 3,  5,  0,  1],
       [ 0,  0,  9,  1],
       [ 1,  0,  2, 12]]), array([[ 7,  3,  0,  1],
       [ 3,  5,  0,  1],
       [ 0,  0,  8,  2],
       [ 0,  1,  2, 12]])]"
100,"[0.29321663019693656, 0.29321663019693656, 0.2925764192139738, 0.2925764192139738, 0.29347826086956524, 0.29193899782135074, 0.2925764192139738, 0.2925764192139738, 0.2925764192139738, 0.2925764192139738]","[0.29321663019693656, 0.29321663019693656, 0.2925764192139738, 0.2925764192139738, 0.29347826086956524, 0.29193899782135074, 0.2925764192139738, 0.2925764192139738, 0.2925764192139738, 0.2925764192139738]","[0.29321663019693656, 0.29321663019693656, 0.2925764192139738, 0.2925764192139738, 0.29347826086956524, 0.29193899782135074, 0.2925764192139738, 0.2925764192139738, 0.2925764192139738, 0.2925764192139738]","[0.29321663019693656, 0.29321663019693656, 0.2925764192139738, 0.2925764192139738, 0.29347826086956524, 0.29193899782135074, 0.2925764192139738, 0.2925764192139738, 0.2925764192139738, 0.2925764192139738]","[0.07330415754923414, 0.07330415754923414, 0.07314410480349345, 0.07314410480349345, 0.07336956521739131, 0.07298474945533769, 0.07314410480349345, 0.07314410480349345, 0.07314410480349345, 0.07314410480349345]","[0.25, 0.25, 0.25, 0.25, 0.25, 0.25, 0.25, 0.25, 0.25, 0.25]","[0.11336717428087986, 0.11336717428087986, 0.11317567567567567, 0.11317567567567567, 0.1134453781512605, 0.11298482293423272, 0.11317567567567567, 0.11317567567567567, 0.11317567567567567, 0.11317567567567567]","[0.08597599222404703, 0.08597599222404703, 0.08560096108007094, 0.08560096108007094, 0.08612948960302458, 0.08522837844893465, 0.08560096108007094, 0.08560096108007094, 0.08560096108007094, 0.08560096108007094]","[0.29321663019693656, 0.29321663019693656, 0.2925764192139738, 0.2925764192139738, 0.29347826086956524, 0.29193899782135074, 0.2925764192139738, 0.2925764192139738, 0.2925764192139738, 0.2925764192139738]","[0.1329645632703536, 0.1329645632703536, 0.1324501357252449, 0.1324501357252449, 0.13317500913408842, 0.13193870390577067, 0.1324501357252449, 0.1324501357252449, 0.1324501357252449, 0.1324501357252449]","[array([[  0, 100,   0,   0],
       [  0, 134,   0,   0],
       [  0,  89,   0,   0],
       [  0, 134,   0,   0]]), array([[  0, 100,   0,   0],
       [  0, 134,   0,   0],
       [  0,  89,   0,   0],
       [  0, 134,   0,   0]]), array([[  0, 101,   0,   0],
       [  0, 134,   0,   0],
       [  0,  89,   0,   0],
       [  0, 134,   0,   0]]), array([[  0, 101,   0,   0],
       [  0, 134,   0,   0],
       [  0,  89,   0,   0],
       [  0, 134,   0,   0]]), array([[  0, 101,   0,   0],
       [  0, 135,   0,   0],
       [  0,  89,   0,   0],
       [  0, 135,   0,   0]]), array([[  0, 101,   0,   0],
       [  0, 134,   0,   0],
       [  0,  90,   0,   0],
       [  0, 134,   0,   0]]), array([[  0, 101,   0,   0],
       [  0, 134,   0,   0],
       [  0,  89,   0,   0],
       [  0, 134,   0,   0]]), array([[  0, 101,   0,   0],
       [  0, 134,   0,   0],
       [  0,  89,   0,   0],
       [  0, 134,   0,   0]]), array([[  0, 101,   0,   0],
       [  0, 134,   0,   0],
       [  0,  89,   0,   0],
       [  0, 134,   0,   0]]), array([[  0, 101,   0,   0],
       [  0, 134,   0,   0],
       [  0,  89,   0,   0],
       [  0, 134,   0,   0]])]","[0.1956521739130435, 0.1956521739130435, 0.21739130434782608, 0.21739130434782608, 0.2222222222222222, 0.2222222222222222, 0.2, 0.2, 0.2, 0.2]","[0.1956521739130435, 0.1956521739130435, 0.21739130434782608, 0.21739130434782608, 0.2222222222222222, 0.2222222222222222, 0.2, 0.2, 0.2, 0.2]","[0.1956521739130435, 0.1956521739130435, 0.21739130434782608, 0.21739130434782608, 0.2222222222222222, 0.2222222222222222, 0.2, 0.2, 0.2, 0.2]","[0.1956521739130435, 0.1956521739130435, 0.21739130434782608, 0.21739130434782608, 0.2222222222222222, 0.2222222222222222, 0.2, 0.2, 0.2, 0.2]","[0.04891304347826087, 0.04891304347826087, 0.05434782608695652, 0.05434782608695652, 0.05555555555555555, 0.05555555555555555, 0.05, 0.05, 0.05, 0.05]","[0.25, 0.25, 0.25, 0.25, 0.25, 0.25, 0.25, 0.25, 0.25, 0.25]","[0.08181818181818182, 0.08181818181818182, 0.08928571428571429, 0.08928571428571429, 0.09090909090909091, 0.09090909090909091, 0.08333333333333333, 0.08333333333333333, 0.08333333333333333, 0.08333333333333333]","[0.03827977315689981, 0.03827977315689981, 0.04725897920604915, 0.04725897920604915, 0.04938271604938272, 0.04938271604938272, 0.04, 0.04, 0.04, 0.04]","[0.1956521739130435, 0.1956521739130435, 0.21739130434782608, 0.21739130434782608, 0.2222222222222222, 0.2222222222222222, 0.2, 0.2, 0.2, 0.2]","[0.06403162055335967, 0.06403162055335967, 0.07763975155279504, 0.07763975155279504, 0.08080808080808081, 0.08080808080808081, 0.06666666666666667, 0.06666666666666667, 0.06666666666666667, 0.06666666666666667]","[array([[ 0, 12,  0,  0],
       [ 0,  9,  0,  0],
       [ 0, 10,  0,  0],
       [ 0, 15,  0,  0]]), array([[ 0, 12,  0,  0],
       [ 0,  9,  0,  0],
       [ 0, 10,  0,  0],
       [ 0, 15,  0,  0]]), array([[ 0, 11,  0,  0],
       [ 0, 10,  0,  0],
       [ 0, 10,  0,  0],
       [ 0, 15,  0,  0]]), array([[ 0, 11,  0,  0],
       [ 0, 10,  0,  0],
       [ 0, 10,  0,  0],
       [ 0, 15,  0,  0]]), array([[ 0, 11,  0,  0],
       [ 0, 10,  0,  0],
       [ 0, 10,  0,  0],
       [ 0, 14,  0,  0]]), array([[ 0, 11,  0,  0],
       [ 0, 10,  0,  0],
       [ 0,  9,  0,  0],
       [ 0, 15,  0,  0]]), array([[ 0, 11,  0,  0],
       [ 0,  9,  0,  0],
       [ 0, 10,  0,  0],
       [ 0, 15,  0,  0]]), array([[ 0, 11,  0,  0],
       [ 0,  9,  0,  0],
       [ 0, 10,  0,  0],
       [ 0, 15,  0,  0]]), array([[ 0, 11,  0,  0],
       [ 0,  9,  0,  0],
       [ 0, 10,  0,  0],
       [ 0, 15,  0,  0]]), array([[ 0, 11,  0,  0],
       [ 0,  9,  0,  0],
       [ 0, 10,  0,  0],
       [ 0, 15,  0,  0]])]"
