weights value,Train_Accuracy,Train_Precision_micro,Train_Recall_micro,Train_f1_micro,Train_Precision_macro,Train_Recall_macro,Train_f1_macro,Train_Precision_weighted,Train_Recall_weighted,Train_f1_weighted,Train_Confusion_Matrix,Test_Accuracy,Test_Precision_micro,Test_Recall_micro,Test_f1_micro,Test_Precision_macro,Test_Recall_macro,Test_f1_macro,Test_Precision_weighted,Test_Recall_weighted,Test_f1_weighted,Test_Confusion_Matrix
uniform,"[0.8747433264887063, 0.8459958932238193, 0.8436213991769548, 0.8641975308641975, 0.8568507157464212, 0.8559670781893004, 0.8357289527720739, 0.8480492813141683, 0.8542094455852156, 0.839835728952772]","[0.8747433264887063, 0.8459958932238193, 0.8436213991769548, 0.8641975308641975, 0.8568507157464212, 0.8559670781893004, 0.8357289527720739, 0.8480492813141683, 0.8542094455852156, 0.839835728952772]","[0.8747433264887063, 0.8459958932238193, 0.8436213991769548, 0.8641975308641975, 0.8568507157464212, 0.8559670781893004, 0.8357289527720739, 0.8480492813141683, 0.8542094455852156, 0.839835728952772]","[0.8747433264887063, 0.8459958932238193, 0.8436213991769548, 0.8641975308641975, 0.8568507157464212, 0.8559670781893004, 0.8357289527720739, 0.8480492813141683, 0.8542094455852156, 0.839835728952772]","[0.896113847672681, 0.8713310044764255, 0.8645580656011884, 0.8866817222623453, 0.8848425054310639, 0.882956113916674, 0.8631305000731753, 0.8761798990572575, 0.8769453811222554, 0.870413169235662]","[0.8539288849868305, 0.8235074626865672, 0.8215618336886994, 0.8446606254442075, 0.8321428571428572, 0.8316453447050461, 0.8131035996488147, 0.8253731343283581, 0.8331211589113258, 0.8136084284460052]","[0.8618064154540745, 0.8309134067074523, 0.8290476644517935, 0.8527823341504962, 0.8399337346248648, 0.8398834502090726, 0.8207194632717242, 0.8334604722503065, 0.8410240105720534, 0.8200940784615822]","[0.8891916234048687, 0.8621816735177366, 0.8563393023457092, 0.8786333109002663, 0.8748772043615021, 0.872931829662963, 0.8532290830058261, 0.8656565371396258, 0.868222879801534, 0.8614814347234391]","[0.8747433264887063, 0.8459958932238193, 0.8436213991769548, 0.8641975308641975, 0.8568507157464212, 0.8559670781893004, 0.8357289527720739, 0.8480492813141683, 0.8542094455852156, 0.839835728952772]","[0.870575959352178, 0.8401482437183708, 0.8382984082449194, 0.8602556356092272, 0.8502790161956018, 0.8500833174383248, 0.8298546385133058, 0.8424087501054348, 0.84946379808341, 0.8320272930740245]","[array([[132,   1,   1,   0],
       [ 27,  55,   0,   3],
       [  1,   0, 132,   1],
       [  2,   1,  24, 107]]), array([[132,   1,   1,   0],
       [ 30,  51,   0,   4],
       [  1,   0, 128,   5],
       [  1,   1,  31, 101]]), array([[131,   1,   2,   0],
       [ 29,  51,   0,   4],
       [  1,   0, 126,   7],
       [  0,   2,  30, 102]]), array([[131,   1,   2,   0],
       [ 26,  55,   0,   3],
       [  1,   0, 130,   3],
       [  2,   1,  27, 104]]), array([[135,   0,   0,   0],
       [ 29,  50,   0,   5],
       [  1,   0, 132,   2],
       [  2,   1,  30, 102]]), array([[133,   1,   0,   0],
       [ 30,  50,   0,   4],
       [  1,   0, 129,   4],
       [  2,   0,  28, 104]]), array([[132,   1,   1,   0],
       [ 33,  50,   0,   2],
       [  1,   0, 125,   8],
       [  2,   1,  31, 100]]), array([[132,   0,   2,   0],
       [ 30,  51,   0,   4],
       [  1,   0, 128,   5],
       [  2,   1,  29, 102]]), array([[131,   0,   3,   0],
       [ 28,  53,   0,   4],
       [  1,   0, 128,   5],
       [  1,   2,  27, 104]]), array([[131,   1,   2,   0],
       [ 34,  47,   0,   4],
       [  0,   0, 132,   2],
       [  2,   1,  32,  99]])]","[0.6521739130434783, 0.8043478260869565, 0.8478260869565217, 0.7608695652173914, 0.7111111111111111, 0.7777777777777778, 0.7111111111111111, 0.7555555555555555, 0.7555555555555555, 0.7777777777777778]","[0.6521739130434783, 0.8043478260869565, 0.8478260869565217, 0.7608695652173914, 0.7111111111111111, 0.7777777777777778, 0.7111111111111111, 0.7555555555555555, 0.7555555555555555, 0.7777777777777778]","[0.6521739130434783, 0.8043478260869565, 0.8478260869565217, 0.7608695652173914, 0.7111111111111111, 0.7777777777777778, 0.7111111111111111, 0.7555555555555555, 0.7555555555555555, 0.7777777777777778]","[0.6521739130434783, 0.8043478260869565, 0.8478260869565217, 0.7608695652173914, 0.7111111111111111, 0.7777777777777778, 0.7111111111111111, 0.7555555555555555, 0.7555555555555555, 0.7777777777777778]","[0.7234848484848484, 0.8336038961038962, 0.8447940947940948, 0.7750811688311688, 0.7204045954045954, 0.7915584415584416, 0.6916666666666667, 0.807868601986249, 0.7888528138528138, 0.8348416289592759]","[0.6416666666666666, 0.788888888888889, 0.8462121212121212, 0.7522727272727272, 0.7103896103896105, 0.7888888888888889, 0.6901515151515152, 0.7333333333333334, 0.7472222222222222, 0.7694444444444445]","[0.6246794871794872, 0.7902298850574712, 0.8419486215538847, 0.7397007845283707, 0.7012254901960784, 0.7707929325576384, 0.6791497422633468, 0.7188013136288998, 0.74643172919035, 0.7574653607262303]","[0.7154150197628458, 0.828910220214568, 0.8583493800885104, 0.7807382834556746, 0.7348429348429348, 0.8060990860990861, 0.6996296296296296, 0.8055003819709702, 0.7825781625781626, 0.8453494218200102]","[0.6521739130434783, 0.8043478260869565, 0.8478260869565217, 0.7608695652173914, 0.7111111111111111, 0.7777777777777778, 0.7111111111111111, 0.7555555555555555, 0.7555555555555555, 0.7777777777777778]","[0.6340022296544037, 0.7988505747126438, 0.8493652609785333, 0.7492761555730071, 0.7092374727668845, 0.7724915607268549, 0.6956452928402438, 0.7372377303411786, 0.7507164610612886, 0.771104740669958]","[array([[12,  0,  0,  0],
       [ 5,  3,  0,  1],
       [ 1,  0,  7,  2],
       [ 0,  0,  7,  8]]), array([[12,  0,  0,  0],
       [ 4,  5,  0,  0],
       [ 0,  0,  8,  2],
       [ 0,  0,  3, 12]]), array([[ 9,  2,  0,  0],
       [ 3,  7,  0,  0],
       [ 0,  0, 10,  0],
       [ 1,  0,  1, 13]]), array([[10,  1,  0,  0],
       [ 5,  4,  0,  1],
       [ 0,  0,  9,  1],
       [ 1,  0,  2, 12]]), array([[ 8,  2,  1,  0],
       [ 5,  5,  0,  0],
       [ 0,  0,  9,  1],
       [ 0,  0,  4, 10]]), array([[11,  0,  0,  0],
       [ 4,  6,  0,  0],
       [ 0,  0,  8,  1],
       [ 0,  1,  4, 10]]), array([[ 8,  2,  1,  0],
       [ 3,  3,  0,  3],
       [ 0,  0,  9,  1],
       [ 1,  0,  2, 12]]), array([[11,  0,  0,  0],
       [ 6,  3,  0,  0],
       [ 0,  0,  8,  2],
       [ 0,  0,  3, 12]]), array([[11,  0,  0,  0],
       [ 4,  5,  0,  0],
       [ 0,  0,  7,  3],
       [ 0,  0,  4, 11]]), array([[11,  0,  0,  0],
       [ 5,  4,  0,  0],
       [ 1,  0,  9,  0],
       [ 0,  0,  4, 11]])]"
distance,"[1.0, 1.0, 1.0, 1.0, 1.0, 1.0, 1.0, 1.0, 1.0, 1.0]","[1.0, 1.0, 1.0, 1.0, 1.0, 1.0, 1.0, 1.0, 1.0, 1.0]","[1.0, 1.0, 1.0, 1.0, 1.0, 1.0, 1.0, 1.0, 1.0, 1.0]","[1.0, 1.0, 1.0, 1.0, 1.0, 1.0, 1.0, 1.0, 1.0, 1.0]","[1.0, 1.0, 1.0, 1.0, 1.0, 1.0, 1.0, 1.0, 1.0, 1.0]","[1.0, 1.0, 1.0, 1.0, 1.0, 1.0, 1.0, 1.0, 1.0, 1.0]","[1.0, 1.0, 1.0, 1.0, 1.0, 1.0, 1.0, 1.0, 1.0, 1.0]","[1.0, 1.0, 1.0, 1.0, 1.0, 1.0, 1.0, 1.0, 1.0, 1.0]","[1.0, 1.0, 1.0, 1.0, 1.0, 1.0, 1.0, 1.0, 1.0, 1.0]","[1.0, 1.0, 1.0, 1.0, 1.0, 1.0, 1.0, 1.0, 1.0, 1.0]","[array([[134,   0,   0,   0],
       [  0,  85,   0,   0],
       [  0,   0, 134,   0],
       [  0,   0,   0, 134]]), array([[134,   0,   0,   0],
       [  0,  85,   0,   0],
       [  0,   0, 134,   0],
       [  0,   0,   0, 134]]), array([[134,   0,   0,   0],
       [  0,  84,   0,   0],
       [  0,   0, 134,   0],
       [  0,   0,   0, 134]]), array([[134,   0,   0,   0],
       [  0,  84,   0,   0],
       [  0,   0, 134,   0],
       [  0,   0,   0, 134]]), array([[135,   0,   0,   0],
       [  0,  84,   0,   0],
       [  0,   0, 135,   0],
       [  0,   0,   0, 135]]), array([[134,   0,   0,   0],
       [  0,  84,   0,   0],
       [  0,   0, 134,   0],
       [  0,   0,   0, 134]]), array([[134,   0,   0,   0],
       [  0,  85,   0,   0],
       [  0,   0, 134,   0],
       [  0,   0,   0, 134]]), array([[134,   0,   0,   0],
       [  0,  85,   0,   0],
       [  0,   0, 134,   0],
       [  0,   0,   0, 134]]), array([[134,   0,   0,   0],
       [  0,  85,   0,   0],
       [  0,   0, 134,   0],
       [  0,   0,   0, 134]]), array([[134,   0,   0,   0],
       [  0,  85,   0,   0],
       [  0,   0, 134,   0],
       [  0,   0,   0, 134]])]","[0.6956521739130435, 0.8043478260869565, 0.8478260869565217, 0.8043478260869565, 0.7555555555555555, 0.8, 0.7333333333333333, 0.8, 0.8444444444444444, 0.7777777777777778]","[0.6956521739130435, 0.8043478260869565, 0.8478260869565217, 0.8043478260869565, 0.7555555555555555, 0.8, 0.7333333333333333, 0.8, 0.8444444444444444, 0.7777777777777778]","[0.6956521739130435, 0.8043478260869565, 0.8478260869565217, 0.8043478260869565, 0.7555555555555555, 0.8, 0.7333333333333333, 0.8, 0.8444444444444444, 0.7777777777777778]","[0.6956521739130435, 0.8043478260869565, 0.8478260869565217, 0.8043478260869565, 0.7555555555555555, 0.8, 0.7333333333333333, 0.8, 0.8444444444444444, 0.7777777777777778]","[0.756827731092437, 0.8085352147852148, 0.8446428571428573, 0.8333333333333333, 0.7564102564102563, 0.8091179653679653, 0.7234848484848485, 0.8309027777777778, 0.8646978021978022, 0.7821428571428571]","[0.6833333333333333, 0.8069444444444445, 0.8462121212121212, 0.8, 0.7532467532467532, 0.8138888888888888, 0.7179292929292929, 0.7805555555555556, 0.8416666666666666, 0.7689393939393938]","[0.6652298850574712, 0.8043255763843998, 0.8447901049475263, 0.7990384615384616, 0.7477703455964325, 0.7972283272283271, 0.713245356793744, 0.7839978357805183, 0.8388311688311689, 0.7693965517241379]","[0.7485842162952138, 0.8101870955131826, 0.8517080745341615, 0.8275362318840579, 0.7686609686609687, 0.8228715728715729, 0.7277777777777777, 0.8229320987654322, 0.8664224664224665, 0.7873015873015872]","[0.6956521739130435, 0.8043478260869565, 0.8478260869565217, 0.8043478260869565, 0.7555555555555555, 0.8, 0.7333333333333333, 0.8, 0.8444444444444444, 0.7777777777777778]","[0.6760369815092454, 0.8037037557497915, 0.8490645981357148, 0.8001672240802675, 0.7553573640530162, 0.7967418260751594, 0.7243271423916585, 0.7930073322263476, 0.8426435786435786, 0.7769731800766283]","[array([[12,  0,  0,  0],
       [ 5,  3,  0,  1],
       [ 0,  0,  8,  2],
       [ 0,  0,  6,  9]]), array([[11,  1,  0,  0],
       [ 2,  7,  0,  0],
       [ 0,  0,  8,  2],
       [ 1,  0,  3, 11]]), array([[ 9,  2,  0,  0],
       [ 2,  8,  0,  0],
       [ 0,  0,  9,  1],
       [ 1,  0,  1, 13]]), array([[11,  0,  0,  0],
       [ 3,  6,  0,  1],
       [ 0,  0,  8,  2],
       [ 1,  0,  2, 12]]), array([[ 8,  2,  1,  0],
       [ 4,  6,  0,  0],
       [ 0,  0,  9,  1],
       [ 0,  0,  3, 11]]), array([[11,  0,  0,  0],
       [ 3,  7,  0,  0],
       [ 0,  0,  8,  1],
       [ 0,  1,  4, 10]]), array([[ 8,  2,  1,  0],
       [ 2,  4,  0,  3],
       [ 0,  0,  9,  1],
       [ 1,  0,  2, 12]]), array([[11,  0,  0,  0],
       [ 4,  5,  0,  0],
       [ 0,  0,  7,  3],
       [ 0,  0,  2, 13]]), array([[11,  0,  0,  0],
       [ 3,  6,  0,  0],
       [ 0,  0,  9,  1],
       [ 0,  0,  3, 12]]), array([[10,  1,  0,  0],
       [ 3,  6,  0,  0],
       [ 1,  0,  7,  2],
       [ 0,  0,  3, 12]])]"
