min_child_weight value,Train_Accuracy,Train_Precision_micro,Train_Recall_micro,Train_f1_micro,Train_Precision_macro,Train_Recall_macro,Train_f1_macro,Train_Precision_weighted,Train_Recall_weighted,Train_f1_weighted,Train_Confusion_Matrix,Test_Accuracy,Test_Precision_micro,Test_Recall_micro,Test_f1_micro,Test_Precision_macro,Test_Recall_macro,Test_f1_macro,Test_Precision_weighted,Test_Recall_weighted,Test_f1_weighted,Test_Confusion_Matrix
1,"[1.0, 1.0, 1.0, 1.0, 1.0, 1.0, 1.0, 1.0, 1.0, 1.0]","[1.0, 1.0, 1.0, 1.0, 1.0, 1.0, 1.0, 1.0, 1.0, 1.0]","[1.0, 1.0, 1.0, 1.0, 1.0, 1.0, 1.0, 1.0, 1.0, 1.0]","[1.0, 1.0, 1.0, 1.0, 1.0, 1.0, 1.0, 1.0, 1.0, 1.0]","[1.0, 1.0, 1.0, 1.0, 1.0, 1.0, 1.0, 1.0, 1.0, 1.0]","[1.0, 1.0, 1.0, 1.0, 1.0, 1.0, 1.0, 1.0, 1.0, 1.0]","[1.0, 1.0, 1.0, 1.0, 1.0, 1.0, 1.0, 1.0, 1.0, 1.0]","[1.0, 1.0, 1.0, 1.0, 1.0, 1.0, 1.0, 1.0, 1.0, 1.0]","[1.0, 1.0, 1.0, 1.0, 1.0, 1.0, 1.0, 1.0, 1.0, 1.0]","[1.0, 1.0, 1.0, 1.0, 1.0, 1.0, 1.0, 1.0, 1.0, 1.0]","[array([[100,   0,   0,   0],
       [  0,  85,   0,   0],
       [  0,   0,  89,   0],
       [  0,   0,   0, 134]]), array([[100,   0,   0,   0],
       [  0,  85,   0,   0],
       [  0,   0,  89,   0],
       [  0,   0,   0, 134]]), array([[101,   0,   0,   0],
       [  0,  84,   0,   0],
       [  0,   0,  89,   0],
       [  0,   0,   0, 134]]), array([[101,   0,   0,   0],
       [  0,  84,   0,   0],
       [  0,   0,  89,   0],
       [  0,   0,   0, 134]]), array([[101,   0,   0,   0],
       [  0,  84,   0,   0],
       [  0,   0,  89,   0],
       [  0,   0,   0, 135]]), array([[101,   0,   0,   0],
       [  0,  84,   0,   0],
       [  0,   0,  90,   0],
       [  0,   0,   0, 134]]), array([[101,   0,   0,   0],
       [  0,  85,   0,   0],
       [  0,   0,  89,   0],
       [  0,   0,   0, 134]]), array([[101,   0,   0,   0],
       [  0,  85,   0,   0],
       [  0,   0,  89,   0],
       [  0,   0,   0, 134]]), array([[101,   0,   0,   0],
       [  0,  85,   0,   0],
       [  0,   0,  89,   0],
       [  0,   0,   0, 134]]), array([[101,   0,   0,   0],
       [  0,  85,   0,   0],
       [  0,   0,  89,   0],
       [  0,   0,   0, 134]])]","[0.7608695652173914, 0.7391304347826086, 0.7608695652173914, 0.8695652173913043, 0.7111111111111111, 0.8, 0.7111111111111111, 0.8222222222222222, 0.8444444444444444, 0.7333333333333333]","[0.7608695652173914, 0.7391304347826086, 0.7608695652173914, 0.8695652173913043, 0.7111111111111111, 0.8, 0.7111111111111111, 0.8222222222222222, 0.8444444444444444, 0.7333333333333333]","[0.7608695652173914, 0.7391304347826086, 0.7608695652173914, 0.8695652173913043, 0.7111111111111111, 0.8, 0.7111111111111111, 0.8222222222222222, 0.8444444444444444, 0.7333333333333333]","[0.7608695652173914, 0.7391304347826085, 0.7608695652173914, 0.8695652173913043, 0.7111111111111111, 0.8000000000000002, 0.7111111111111111, 0.8222222222222222, 0.8444444444444444, 0.7333333333333333]","[0.7955128205128206, 0.7549603174603176, 0.7929292929292929, 0.8781045751633987, 0.7246794871794873, 0.8008949792038027, 0.7025297619047619, 0.8131944444444446, 0.8637820512820512, 0.736111111111111]","[0.7583333333333333, 0.7166666666666667, 0.7401515151515152, 0.8628787878787878, 0.702922077922078, 0.7868686868686869, 0.6997474747474748, 0.8095959595959596, 0.8527777777777777, 0.7257575757575758]","[0.7655797101449275, 0.7219979775126834, 0.7424242424242424, 0.868562030075188, 0.6959718670076727, 0.790108543417367, 0.6902329749103943, 0.8107270865335382, 0.8472725442834139, 0.7268371571502502]","[0.7859531772575251, 0.7497412008281574, 0.789855072463768, 0.8726484796817278, 0.7293447293447293, 0.8012494223278537, 0.7176587301587303, 0.8205555555555555, 0.8662393162393162, 0.7382716049382716]","[0.7608695652173914, 0.7391304347826086, 0.7608695652173914, 0.8695652173913043, 0.7111111111111111, 0.8, 0.7111111111111111, 0.8222222222222222, 0.8444444444444444, 0.7333333333333333]","[0.7642722117202269, 0.7315628744656877, 0.753623188405797, 0.8690135665250082, 0.7028246660983234, 0.7967958294428883, 0.7042612504978096, 0.820651988393924, 0.8445920558239398, 0.7319682594445405]","[array([[10,  0,  1,  1],
       [ 2,  6,  0,  1],
       [ 0,  0,  8,  2],
       [ 0,  0,  4, 11]]), array([[10,  1,  0,  1],
       [ 3,  6,  0,  0],
       [ 1,  0,  5,  4],
       [ 0,  1,  1, 13]]), array([[ 8,  3,  0,  0],
       [ 2,  8,  0,  0],
       [ 1,  0,  5,  4],
       [ 0,  1,  0, 14]]), array([[ 9,  0,  1,  1],
       [ 1,  8,  0,  1],
       [ 0,  0,  9,  1],
       [ 0,  1,  0, 14]]), array([[ 5,  5,  1,  0],
       [ 1,  8,  0,  1],
       [ 0,  0,  7,  3],
       [ 0,  0,  2, 12]]), array([[ 7,  2,  1,  1],
       [ 2,  8,  0,  0],
       [ 0,  0,  7,  2],
       [ 0,  1,  0, 14]]), array([[ 5,  5,  1,  0],
       [ 1,  7,  0,  1],
       [ 1,  0,  7,  2],
       [ 0,  0,  2, 13]]), array([[ 8,  2,  1,  0],
       [ 2,  7,  0,  0],
       [ 0,  0,  8,  2],
       [ 0,  0,  1, 14]]), array([[11,  0,  0,  0],
       [ 2,  7,  0,  0],
       [ 0,  0,  9,  1],
       [ 0,  0,  4, 11]]), array([[ 7,  2,  1,  1],
       [ 2,  6,  0,  1],
       [ 0,  0,  8,  2],
       [ 0,  0,  3, 12]])]"
3,"[1.0, 1.0, 1.0, 1.0, 1.0, 1.0, 1.0, 1.0, 1.0, 1.0]","[1.0, 1.0, 1.0, 1.0, 1.0, 1.0, 1.0, 1.0, 1.0, 1.0]","[1.0, 1.0, 1.0, 1.0, 1.0, 1.0, 1.0, 1.0, 1.0, 1.0]","[1.0, 1.0, 1.0, 1.0, 1.0, 1.0, 1.0, 1.0, 1.0, 1.0]","[1.0, 1.0, 1.0, 1.0, 1.0, 1.0, 1.0, 1.0, 1.0, 1.0]","[1.0, 1.0, 1.0, 1.0, 1.0, 1.0, 1.0, 1.0, 1.0, 1.0]","[1.0, 1.0, 1.0, 1.0, 1.0, 1.0, 1.0, 1.0, 1.0, 1.0]","[1.0, 1.0, 1.0, 1.0, 1.0, 1.0, 1.0, 1.0, 1.0, 1.0]","[1.0, 1.0, 1.0, 1.0, 1.0, 1.0, 1.0, 1.0, 1.0, 1.0]","[1.0, 1.0, 1.0, 1.0, 1.0, 1.0, 1.0, 1.0, 1.0, 1.0]","[array([[100,   0,   0,   0],
       [  0,  85,   0,   0],
       [  0,   0,  89,   0],
       [  0,   0,   0, 134]]), array([[100,   0,   0,   0],
       [  0,  85,   0,   0],
       [  0,   0,  89,   0],
       [  0,   0,   0, 134]]), array([[101,   0,   0,   0],
       [  0,  84,   0,   0],
       [  0,   0,  89,   0],
       [  0,   0,   0, 134]]), array([[101,   0,   0,   0],
       [  0,  84,   0,   0],
       [  0,   0,  89,   0],
       [  0,   0,   0, 134]]), array([[101,   0,   0,   0],
       [  0,  84,   0,   0],
       [  0,   0,  89,   0],
       [  0,   0,   0, 135]]), array([[101,   0,   0,   0],
       [  0,  84,   0,   0],
       [  0,   0,  90,   0],
       [  0,   0,   0, 134]]), array([[101,   0,   0,   0],
       [  0,  85,   0,   0],
       [  0,   0,  89,   0],
       [  0,   0,   0, 134]]), array([[101,   0,   0,   0],
       [  0,  85,   0,   0],
       [  0,   0,  89,   0],
       [  0,   0,   0, 134]]), array([[101,   0,   0,   0],
       [  0,  85,   0,   0],
       [  0,   0,  89,   0],
       [  0,   0,   0, 134]]), array([[101,   0,   0,   0],
       [  0,  85,   0,   0],
       [  0,   0,  89,   0],
       [  0,   0,   0, 134]])]","[0.717391304347826, 0.717391304347826, 0.7608695652173914, 0.782608695652174, 0.7333333333333333, 0.7777777777777778, 0.6666666666666666, 0.6666666666666666, 0.7555555555555555, 0.7333333333333333]","[0.717391304347826, 0.717391304347826, 0.7608695652173914, 0.782608695652174, 0.7333333333333333, 0.7777777777777778, 0.6666666666666666, 0.6666666666666666, 0.7555555555555555, 0.7333333333333333]","[0.717391304347826, 0.717391304347826, 0.7608695652173914, 0.782608695652174, 0.7333333333333333, 0.7777777777777778, 0.6666666666666666, 0.6666666666666666, 0.7555555555555555, 0.7333333333333333]","[0.717391304347826, 0.717391304347826, 0.7608695652173914, 0.782608695652174, 0.7333333333333333, 0.7777777777777778, 0.6666666666666666, 0.6666666666666666, 0.7555555555555555, 0.7333333333333333]","[0.7190934065934066, 0.7335526315789473, 0.766729797979798, 0.796474358974359, 0.7500763125763126, 0.7825126262626263, 0.6474264705882353, 0.6791666666666667, 0.7533730158730159, 0.7723039215686275]","[0.7180555555555556, 0.6958333333333333, 0.7424242424242424, 0.7772727272727273, 0.7256493506493507, 0.7641414141414142, 0.6441919191919192, 0.6568181818181819, 0.7573232323232324, 0.7335858585858586]","[0.7098214285714286, 0.701593137254902, 0.7482323232323232, 0.781998679494435, 0.7247902364607168, 0.7663744923806844, 0.6412828947368421, 0.6651923927465723, 0.7547517907712811, 0.733587813115677]","[0.7259913999044434, 0.7303585049580473, 0.7681708388230126, 0.7908305462653288, 0.7524487857821192, 0.7792087542087541, 0.663235294117647, 0.672716049382716, 0.7563492063492063, 0.769368191721133]","[0.717391304347826, 0.717391304347826, 0.7608695652173914, 0.782608695652174, 0.7333333333333333, 0.7777777777777778, 0.6666666666666666, 0.6666666666666666, 0.7555555555555555, 0.7333333333333333]","[0.7138975155279503, 0.7113171355498721, 0.7580808080808081, 0.7822662664140482, 0.7301839138910077, 0.7712322994056741, 0.6603070175438597, 0.6666011433813291, 0.7552890221555889, 0.7323842136535634]","[array([[ 9,  2,  0,  1],
       [ 3,  5,  0,  1],
       [ 0,  0,  9,  1],
       [ 0,  0,  5, 10]]), array([[ 9,  2,  0,  1],
       [ 3,  6,  0,  0],
       [ 0,  0,  5,  5],
       [ 0,  1,  1, 13]]), array([[ 7,  3,  1,  0],
       [ 2,  7,  0,  1],
       [ 0,  0,  7,  3],
       [ 0,  1,  0, 14]]), array([[10,  1,  0,  0],
       [ 2,  6,  0,  2],
       [ 0,  0,  8,  2],
       [ 1,  2,  0, 12]]), array([[ 6,  5,  0,  0],
       [ 1,  8,  0,  1],
       [ 0,  0,  7,  3],
       [ 0,  0,  2, 12]]), array([[ 6,  3,  0,  2],
       [ 2,  8,  0,  0],
       [ 0,  0,  7,  2],
       [ 0,  0,  1, 14]]), array([[ 5,  5,  1,  0],
       [ 2,  5,  0,  2],
       [ 1,  0,  7,  2],
       [ 0,  0,  2, 13]]), array([[ 8,  2,  0,  1],
       [ 2,  6,  0,  1],
       [ 0,  0,  5,  5],
       [ 0,  0,  4, 11]]), array([[ 9,  2,  0,  0],
       [ 2,  7,  0,  0],
       [ 0,  0,  7,  3],
       [ 1,  0,  3, 11]]), array([[ 6,  2,  2,  1],
       [ 0,  8,  0,  1],
       [ 0,  0,  7,  3],
       [ 0,  0,  3, 12]])]"
5,"[1.0, 1.0, 1.0, 1.0, 1.0, 1.0, 1.0, 1.0, 1.0, 1.0]","[1.0, 1.0, 1.0, 1.0, 1.0, 1.0, 1.0, 1.0, 1.0, 1.0]","[1.0, 1.0, 1.0, 1.0, 1.0, 1.0, 1.0, 1.0, 1.0, 1.0]","[1.0, 1.0, 1.0, 1.0, 1.0, 1.0, 1.0, 1.0, 1.0, 1.0]","[1.0, 1.0, 1.0, 1.0, 1.0, 1.0, 1.0, 1.0, 1.0, 1.0]","[1.0, 1.0, 1.0, 1.0, 1.0, 1.0, 1.0, 1.0, 1.0, 1.0]","[1.0, 1.0, 1.0, 1.0, 1.0, 1.0, 1.0, 1.0, 1.0, 1.0]","[1.0, 1.0, 1.0, 1.0, 1.0, 1.0, 1.0, 1.0, 1.0, 1.0]","[1.0, 1.0, 1.0, 1.0, 1.0, 1.0, 1.0, 1.0, 1.0, 1.0]","[1.0, 1.0, 1.0, 1.0, 1.0, 1.0, 1.0, 1.0, 1.0, 1.0]","[array([[100,   0,   0,   0],
       [  0,  85,   0,   0],
       [  0,   0,  89,   0],
       [  0,   0,   0, 134]]), array([[100,   0,   0,   0],
       [  0,  85,   0,   0],
       [  0,   0,  89,   0],
       [  0,   0,   0, 134]]), array([[101,   0,   0,   0],
       [  0,  84,   0,   0],
       [  0,   0,  89,   0],
       [  0,   0,   0, 134]]), array([[101,   0,   0,   0],
       [  0,  84,   0,   0],
       [  0,   0,  89,   0],
       [  0,   0,   0, 134]]), array([[101,   0,   0,   0],
       [  0,  84,   0,   0],
       [  0,   0,  89,   0],
       [  0,   0,   0, 135]]), array([[101,   0,   0,   0],
       [  0,  84,   0,   0],
       [  0,   0,  90,   0],
       [  0,   0,   0, 134]]), array([[101,   0,   0,   0],
       [  0,  85,   0,   0],
       [  0,   0,  89,   0],
       [  0,   0,   0, 134]]), array([[101,   0,   0,   0],
       [  0,  85,   0,   0],
       [  0,   0,  89,   0],
       [  0,   0,   0, 134]]), array([[101,   0,   0,   0],
       [  0,  85,   0,   0],
       [  0,   0,  89,   0],
       [  0,   0,   0, 134]]), array([[101,   0,   0,   0],
       [  0,  85,   0,   0],
       [  0,   0,  89,   0],
       [  0,   0,   0, 134]])]","[0.717391304347826, 0.782608695652174, 0.7391304347826086, 0.8260869565217391, 0.7333333333333333, 0.8, 0.7333333333333333, 0.8222222222222222, 0.7555555555555555, 0.7777777777777778]","[0.717391304347826, 0.782608695652174, 0.7391304347826086, 0.8260869565217391, 0.7333333333333333, 0.8, 0.7333333333333333, 0.8222222222222222, 0.7555555555555555, 0.7777777777777778]","[0.717391304347826, 0.782608695652174, 0.7391304347826086, 0.8260869565217391, 0.7333333333333333, 0.8, 0.7333333333333333, 0.8222222222222222, 0.7555555555555555, 0.7777777777777778]","[0.717391304347826, 0.782608695652174, 0.7391304347826085, 0.8260869565217391, 0.7333333333333333, 0.8000000000000002, 0.7333333333333333, 0.8222222222222222, 0.7555555555555555, 0.7777777777777778]","[0.7402597402597403, 0.8119047619047619, 0.7702380952380952, 0.8347184065934066, 0.7440476190476191, 0.8125, 0.7174242424242424, 0.8156565656565656, 0.7729166666666666, 0.8011363636363636]","[0.7208333333333333, 0.7583333333333333, 0.7106060606060607, 0.818939393939394, 0.727922077922078, 0.7790404040404042, 0.7174242424242424, 0.8156565656565656, 0.7467171717171717, 0.7813131313131312]","[0.7222326336831584, 0.7723039215686274, 0.7124999999999999, 0.8194813409234661, 0.7164553752535496, 0.7833333333333334, 0.7174242424242424, 0.8156565656565657, 0.7362914862914863, 0.7784690220174092]","[0.73828345567476, 0.7996894409937888, 0.7613871635610766, 0.830879718107979, 0.751005291005291, 0.8098765432098765, 0.7333333333333333, 0.8222222222222222, 0.785, 0.8015151515151515]","[0.717391304347826, 0.782608695652174, 0.7391304347826086, 0.8260869565217391, 0.7333333333333333, 0.8, 0.7333333333333333, 0.8222222222222222, 0.7555555555555555, 0.7777777777777778]","[0.720713013058688, 0.778452685421995, 0.7239130434782608, 0.8218725077688861, 0.723484336263241, 0.7935353535353535, 0.7333333333333333, 0.8222222222222222, 0.7487787932232376, 0.7775001422313251]","[array([[ 9,  1,  1,  1],
       [ 2,  6,  0,  1],
       [ 0,  0,  8,  2],
       [ 0,  0,  5, 10]]), array([[10,  1,  0,  1],
       [ 2,  6,  0,  1],
       [ 0,  0,  6,  4],
       [ 0,  0,  1, 14]]), array([[10,  1,  0,  0],
       [ 3,  5,  0,  2],
       [ 1,  0,  5,  4],
       [ 0,  0,  1, 14]]), array([[10,  0,  0,  1],
       [ 3,  6,  0,  1],
       [ 0,  0,  9,  1],
       [ 0,  1,  1, 13]]), array([[ 5,  5,  1,  0],
       [ 1,  9,  0,  0],
       [ 0,  0,  7,  3],
       [ 0,  0,  2, 12]]), array([[ 8,  2,  0,  1],
       [ 1,  9,  0,  0],
       [ 0,  1,  5,  3],
       [ 0,  0,  1, 14]]), array([[ 7,  3,  1,  0],
       [ 3,  6,  0,  0],
       [ 1,  0,  7,  2],
       [ 0,  0,  2, 13]]), array([[ 9,  2,  0,  0],
       [ 2,  7,  0,  0],
       [ 0,  0,  8,  2],
       [ 0,  0,  2, 13]]), array([[10,  1,  0,  0],
       [ 5,  4,  0,  0],
       [ 0,  0,  9,  1],
       [ 1,  0,  3, 11]]), array([[ 7,  2,  1,  1],
       [ 0,  8,  0,  1],
       [ 0,  0,  8,  2],
       [ 0,  1,  2, 12]])]"
