subsample value,Train_Accuracy,Train_Precision_micro,Train_Recall_micro,Train_f1_micro,Train_Precision_macro,Train_Recall_macro,Train_f1_macro,Train_Precision_weighted,Train_Recall_weighted,Train_f1_weighted,Train_Confusion_Matrix,Test_Accuracy,Test_Precision_micro,Test_Recall_micro,Test_f1_micro,Test_Precision_macro,Test_Recall_macro,Test_f1_macro,Test_Precision_weighted,Test_Recall_weighted,Test_f1_weighted,Test_Confusion_Matrix
0.6,"[1.0, 1.0, 1.0, 1.0, 1.0, 1.0, 1.0, 1.0, 1.0, 1.0]","[1.0, 1.0, 1.0, 1.0, 1.0, 1.0, 1.0, 1.0, 1.0, 1.0]","[1.0, 1.0, 1.0, 1.0, 1.0, 1.0, 1.0, 1.0, 1.0, 1.0]","[1.0, 1.0, 1.0, 1.0, 1.0, 1.0, 1.0, 1.0, 1.0, 1.0]","[1.0, 1.0, 1.0, 1.0, 1.0, 1.0, 1.0, 1.0, 1.0, 1.0]","[1.0, 1.0, 1.0, 1.0, 1.0, 1.0, 1.0, 1.0, 1.0, 1.0]","[1.0, 1.0, 1.0, 1.0, 1.0, 1.0, 1.0, 1.0, 1.0, 1.0]","[1.0, 1.0, 1.0, 1.0, 1.0, 1.0, 1.0, 1.0, 1.0, 1.0]","[1.0, 1.0, 1.0, 1.0, 1.0, 1.0, 1.0, 1.0, 1.0, 1.0]","[1.0, 1.0, 1.0, 1.0, 1.0, 1.0, 1.0, 1.0, 1.0, 1.0]","[array([[100,   0,   0,   0],
       [  0, 137,   0,   0],
       [  0,   0,  89,   0],
       [  0,   0,   0, 134]]), array([[100,   0,   0,   0],
       [  0, 125,   0,   0],
       [  0,   0,  89,   0],
       [  0,   0,   0, 134]]), array([[101,   0,   0,   0],
       [  0, 138,   0,   0],
       [  0,   0,  89,   0],
       [  0,   0,   0, 134]]), array([[101,   0,   0,   0],
       [  0, 136,   0,   0],
       [  0,   0,  89,   0],
       [  0,   0,   0, 134]]), array([[101,   0,   0,   0],
       [  0, 141,   0,   0],
       [  0,   0,  89,   0],
       [  0,   0,   0, 135]]), array([[101,   0,   0,   0],
       [  0, 140,   0,   0],
       [  0,   0,  90,   0],
       [  0,   0,   0, 134]]), array([[101,   0,   0,   0],
       [  0, 136,   0,   0],
       [  0,   0,  89,   0],
       [  0,   0,   0, 134]]), array([[101,   0,   0,   0],
       [  0, 139,   0,   0],
       [  0,   0,  89,   0],
       [  0,   0,   0, 134]]), array([[101,   0,   0,   0],
       [  0, 127,   0,   0],
       [  0,   0,  89,   0],
       [  0,   0,   0, 134]]), array([[101,   0,   0,   0],
       [  0, 126,   0,   0],
       [  0,   0,  89,   0],
       [  0,   0,   0, 134]])]","[0.717391304347826, 0.7391304347826086, 0.6956521739130435, 0.8260869565217391, 0.7333333333333333, 0.8444444444444444, 0.7333333333333333, 0.7777777777777778, 0.7333333333333333, 0.7111111111111111]","[0.717391304347826, 0.7391304347826086, 0.6956521739130435, 0.8260869565217391, 0.7333333333333333, 0.8444444444444444, 0.7333333333333333, 0.7777777777777778, 0.7333333333333333, 0.7111111111111111]","[0.717391304347826, 0.7391304347826086, 0.6956521739130435, 0.8260869565217391, 0.7333333333333333, 0.8444444444444444, 0.7333333333333333, 0.7777777777777778, 0.7333333333333333, 0.7111111111111111]","[0.717391304347826, 0.7391304347826086, 0.6956521739130435, 0.8260869565217391, 0.7333333333333333, 0.8444444444444444, 0.7333333333333333, 0.7777777777777778, 0.7333333333333333, 0.7111111111111111]","[0.7096861471861471, 0.7625, 0.7083333333333334, 0.8321449792038027, 0.7291666666666665, 0.8485576923076923, 0.7361111111111112, 0.7767857142857143, 0.7717086834733894, 0.7119755244755245]","[0.7124999999999999, 0.7125, 0.6946969696969697, 0.8151515151515152, 0.7211038961038961, 0.8300505050505049, 0.7174242424242424, 0.7517676767676769, 0.7161616161616162, 0.7141414141414142]","[0.7104885057471264, 0.7187713602187287, 0.6878947368421052, 0.8216208133971291, 0.7224762618690654, 0.8344665823318576, 0.7228468899521532, 0.7565008960573477, 0.7239661654135339, 0.7032363517489375]","[0.7206380575945793, 0.7619565217391304, 0.7119565217391305, 0.8289286729184427, 0.734074074074074, 0.8491452991452991, 0.7370370370370369, 0.7861111111111111, 0.7580454403983816, 0.7294094794094794]","[0.717391304347826, 0.7391304347826086, 0.6956521739130435, 0.8260869565217391, 0.7333333333333333, 0.8444444444444444, 0.7333333333333333, 0.7777777777777778, 0.7333333333333333, 0.7111111111111111]","[0.7183908045977011, 0.7321242830396149, 0.6916094584286804, 0.8253718535469107, 0.7312232772502638, 0.8423243610466886, 0.7308133971291866, 0.7749147749900438, 0.728763575605681, 0.7108800987977189]","[array([[ 9,  3,  0,  0],
       [ 3,  6,  0,  0],
       [ 0,  0,  7,  3],
       [ 0,  0,  4, 11]]), array([[ 7,  4,  0,  1],
       [ 3,  6,  0,  0],
       [ 0,  0,  6,  4],
       [ 0,  0,  0, 15]]), array([[ 6,  5,  0,  0],
       [ 1,  9,  0,  0],
       [ 0,  0,  6,  4],
       [ 1,  1,  2, 11]]), array([[ 8,  2,  0,  1],
       [ 2,  7,  0,  1],
       [ 0,  0,  9,  1],
       [ 1,  0,  0, 14]]), array([[ 8,  2,  1,  0],
       [ 4,  6,  0,  0],
       [ 0,  0,  7,  3],
       [ 0,  0,  2, 12]]), array([[10,  1,  0,  0],
       [ 3,  7,  0,  0],
       [ 0,  0,  7,  2],
       [ 0,  0,  1, 14]]), array([[ 7,  3,  1,  0],
       [ 1,  6,  0,  2],
       [ 0,  0,  7,  3],
       [ 1,  0,  1, 13]]), array([[ 9,  2,  0,  0],
       [ 3,  5,  0,  1],
       [ 2,  0,  7,  1],
       [ 0,  0,  1, 14]]), array([[10,  0,  0,  1],
       [ 4,  5,  0,  0],
       [ 0,  0,  6,  4],
       [ 0,  0,  3, 12]]), array([[ 6,  4,  1,  0],
       [ 2,  7,  0,  0],
       [ 0,  0,  8,  2],
       [ 0,  0,  4, 11]])]"
0.7,"[1.0, 1.0, 1.0, 1.0, 1.0, 1.0, 1.0, 1.0, 1.0, 1.0]","[1.0, 1.0, 1.0, 1.0, 1.0, 1.0, 1.0, 1.0, 1.0, 1.0]","[1.0, 1.0, 1.0, 1.0, 1.0, 1.0, 1.0, 1.0, 1.0, 1.0]","[1.0, 1.0, 1.0, 1.0, 1.0, 1.0, 1.0, 1.0, 1.0, 1.0]","[1.0, 1.0, 1.0, 1.0, 1.0, 1.0, 1.0, 1.0, 1.0, 1.0]","[1.0, 1.0, 1.0, 1.0, 1.0, 1.0, 1.0, 1.0, 1.0, 1.0]","[1.0, 1.0, 1.0, 1.0, 1.0, 1.0, 1.0, 1.0, 1.0, 1.0]","[1.0, 1.0, 1.0, 1.0, 1.0, 1.0, 1.0, 1.0, 1.0, 1.0]","[1.0, 1.0, 1.0, 1.0, 1.0, 1.0, 1.0, 1.0, 1.0, 1.0]","[1.0, 1.0, 1.0, 1.0, 1.0, 1.0, 1.0, 1.0, 1.0, 1.0]","[array([[100,   0,   0,   0],
       [  0, 137,   0,   0],
       [  0,   0,  89,   0],
       [  0,   0,   0, 134]]), array([[100,   0,   0,   0],
       [  0, 125,   0,   0],
       [  0,   0,  89,   0],
       [  0,   0,   0, 134]]), array([[101,   0,   0,   0],
       [  0, 138,   0,   0],
       [  0,   0,  89,   0],
       [  0,   0,   0, 134]]), array([[101,   0,   0,   0],
       [  0, 136,   0,   0],
       [  0,   0,  89,   0],
       [  0,   0,   0, 134]]), array([[101,   0,   0,   0],
       [  0, 141,   0,   0],
       [  0,   0,  89,   0],
       [  0,   0,   0, 135]]), array([[101,   0,   0,   0],
       [  0, 140,   0,   0],
       [  0,   0,  90,   0],
       [  0,   0,   0, 134]]), array([[101,   0,   0,   0],
       [  0, 136,   0,   0],
       [  0,   0,  89,   0],
       [  0,   0,   0, 134]]), array([[101,   0,   0,   0],
       [  0, 139,   0,   0],
       [  0,   0,  89,   0],
       [  0,   0,   0, 134]]), array([[101,   0,   0,   0],
       [  0, 127,   0,   0],
       [  0,   0,  89,   0],
       [  0,   0,   0, 134]]), array([[101,   0,   0,   0],
       [  0, 126,   0,   0],
       [  0,   0,  89,   0],
       [  0,   0,   0, 134]])]","[0.717391304347826, 0.6956521739130435, 0.6521739130434783, 0.7391304347826086, 0.7333333333333333, 0.8222222222222222, 0.6666666666666666, 0.7333333333333333, 0.6666666666666666, 0.6888888888888889]","[0.717391304347826, 0.6956521739130435, 0.6521739130434783, 0.7391304347826086, 0.7333333333333333, 0.8222222222222222, 0.6666666666666666, 0.7333333333333333, 0.6666666666666666, 0.6888888888888889]","[0.717391304347826, 0.6956521739130435, 0.6521739130434783, 0.7391304347826086, 0.7333333333333333, 0.8222222222222222, 0.6666666666666666, 0.7333333333333333, 0.6666666666666666, 0.6888888888888889]","[0.717391304347826, 0.6956521739130435, 0.6521739130434783, 0.7391304347826086, 0.7333333333333333, 0.8222222222222222, 0.6666666666666666, 0.7333333333333333, 0.6666666666666666, 0.6888888888888889]","[0.7174242424242424, 0.6932975113122173, 0.6444444444444444, 0.7197712418300652, 0.7317821067821068, 0.8193181818181818, 0.7277583527583529, 0.7282738095238095, 0.641559829059829, 0.6669191919191919]","[0.7194444444444444, 0.6763888888888889, 0.6386363636363637, 0.7219696969696969, 0.7305194805194806, 0.8095959595959596, 0.6515151515151515, 0.7012626262626263, 0.6257575757575757, 0.6669191919191919]","[0.7160287081339712, 0.6812254901960784, 0.6396217817270449, 0.71875, 0.7285714285714285, 0.8126411855064606, 0.6309523809523809, 0.7066239316239316, 0.6246212121212121, 0.6669191919191919]","[0.7231225296442688, 0.6961071217784773, 0.6582125603864735, 0.7274793975561238, 0.7375982042648709, 0.8238383838383839, 0.7391090391090391, 0.7502116402116403, 0.6575498575498576, 0.6888888888888889]","[0.717391304347826, 0.6956521739130435, 0.6521739130434783, 0.7391304347826086, 0.7333333333333333, 0.8222222222222222, 0.6666666666666666, 0.7333333333333333, 0.6666666666666666, 0.6888888888888889]","[0.717946050897996, 0.6924083546462063, 0.6535013422885276, 0.7309782608695652, 0.7330158730158729, 0.821336706725701, 0.6457912457912458, 0.734377967711301, 0.6535690235690237, 0.6888888888888889]","[array([[ 8,  3,  0,  1],
       [ 2,  7,  0,  0],
       [ 0,  0,  7,  3],
       [ 0,  0,  4, 11]]), array([[ 9,  2,  0,  1],
       [ 4,  5,  0,  0],
       [ 0,  0,  6,  4],
       [ 0,  1,  2, 12]]), array([[ 5,  6,  0,  0],
       [ 4,  6,  0,  0],
       [ 0,  0,  7,  3],
       [ 1,  0,  2, 12]]), array([[ 5,  4,  1,  1],
       [ 3,  6,  0,  1],
       [ 0,  0,  9,  1],
       [ 1,  0,  0, 14]]), array([[ 7,  3,  1,  0],
       [ 2,  8,  0,  0],
       [ 0,  0,  7,  3],
       [ 0,  0,  3, 11]]), array([[ 8,  3,  0,  0],
       [ 2,  8,  0,  0],
       [ 0,  0,  7,  2],
       [ 0,  0,  1, 14]]), array([[ 3,  7,  1,  0],
       [ 0,  6,  0,  3],
       [ 0,  0,  8,  2],
       [ 0,  0,  2, 13]]), array([[ 8,  3,  0,  0],
       [ 5,  4,  0,  0],
       [ 2,  0,  7,  1],
       [ 0,  0,  1, 14]]), array([[ 7,  3,  1,  0],
       [ 6,  3,  0,  0],
       [ 0,  0,  6,  4],
       [ 0,  0,  1, 14]]), array([[ 6,  4,  1,  0],
       [ 4,  5,  0,  0],
       [ 1,  0,  7,  2],
       [ 0,  0,  2, 13]])]"
0.8,"[1.0, 1.0, 1.0, 1.0, 1.0, 1.0, 1.0, 1.0, 1.0, 1.0]","[1.0, 1.0, 1.0, 1.0, 1.0, 1.0, 1.0, 1.0, 1.0, 1.0]","[1.0, 1.0, 1.0, 1.0, 1.0, 1.0, 1.0, 1.0, 1.0, 1.0]","[1.0, 1.0, 1.0, 1.0, 1.0, 1.0, 1.0, 1.0, 1.0, 1.0]","[1.0, 1.0, 1.0, 1.0, 1.0, 1.0, 1.0, 1.0, 1.0, 1.0]","[1.0, 1.0, 1.0, 1.0, 1.0, 1.0, 1.0, 1.0, 1.0, 1.0]","[1.0, 1.0, 1.0, 1.0, 1.0, 1.0, 1.0, 1.0, 1.0, 1.0]","[1.0, 1.0, 1.0, 1.0, 1.0, 1.0, 1.0, 1.0, 1.0, 1.0]","[1.0, 1.0, 1.0, 1.0, 1.0, 1.0, 1.0, 1.0, 1.0, 1.0]","[1.0, 1.0, 1.0, 1.0, 1.0, 1.0, 1.0, 1.0, 1.0, 1.0]","[array([[100,   0,   0,   0],
       [  0, 137,   0,   0],
       [  0,   0,  89,   0],
       [  0,   0,   0, 134]]), array([[100,   0,   0,   0],
       [  0, 125,   0,   0],
       [  0,   0,  89,   0],
       [  0,   0,   0, 134]]), array([[101,   0,   0,   0],
       [  0, 138,   0,   0],
       [  0,   0,  89,   0],
       [  0,   0,   0, 134]]), array([[101,   0,   0,   0],
       [  0, 136,   0,   0],
       [  0,   0,  89,   0],
       [  0,   0,   0, 134]]), array([[101,   0,   0,   0],
       [  0, 141,   0,   0],
       [  0,   0,  89,   0],
       [  0,   0,   0, 135]]), array([[101,   0,   0,   0],
       [  0, 140,   0,   0],
       [  0,   0,  90,   0],
       [  0,   0,   0, 134]]), array([[101,   0,   0,   0],
       [  0, 136,   0,   0],
       [  0,   0,  89,   0],
       [  0,   0,   0, 134]]), array([[101,   0,   0,   0],
       [  0, 139,   0,   0],
       [  0,   0,  89,   0],
       [  0,   0,   0, 134]]), array([[101,   0,   0,   0],
       [  0, 127,   0,   0],
       [  0,   0,  89,   0],
       [  0,   0,   0, 134]]), array([[101,   0,   0,   0],
       [  0, 126,   0,   0],
       [  0,   0,  89,   0],
       [  0,   0,   0, 134]])]","[0.6956521739130435, 0.7391304347826086, 0.6956521739130435, 0.6956521739130435, 0.7333333333333333, 0.8222222222222222, 0.7333333333333333, 0.7777777777777778, 0.7111111111111111, 0.7333333333333333]","[0.6956521739130435, 0.7391304347826086, 0.6956521739130435, 0.6956521739130435, 0.7333333333333333, 0.8222222222222222, 0.7333333333333333, 0.7777777777777778, 0.7111111111111111, 0.7333333333333333]","[0.6956521739130435, 0.7391304347826086, 0.6956521739130435, 0.6956521739130435, 0.7333333333333333, 0.8222222222222222, 0.7333333333333333, 0.7777777777777778, 0.7111111111111111, 0.7333333333333333]","[0.6956521739130435, 0.7391304347826086, 0.6956521739130435, 0.6956521739130435, 0.7333333333333333, 0.8222222222222222, 0.7333333333333333, 0.7777777777777778, 0.7111111111111111, 0.7333333333333333]","[0.6939033189033188, 0.751984126984127, 0.7012955182072829, 0.6798669467787115, 0.7249999999999999, 0.8221688034188034, 0.745343137254902, 0.7690972222222222, 0.704004329004329, 0.7226121509209744]","[0.6958333333333333, 0.7138888888888889, 0.6757575757575758, 0.6825757575757576, 0.7233766233766233, 0.8133838383838383, 0.7247474747474748, 0.747979797979798, 0.7068181818181818, 0.7063131313131313]","[0.6881400208986416, 0.7219979775126835, 0.6817695012787724, 0.6733270202020203, 0.7235632183908045, 0.8150928792569659, 0.7168504901960784, 0.7552205080255572, 0.7048066875653083, 0.7111742424242424]","[0.7107566346696781, 0.7479296066252588, 0.7056235537693338, 0.6867312142248203, 0.731111111111111, 0.8247625830959164, 0.7530501089324619, 0.7884259259259261, 0.7144300144300145, 0.7356209150326797]","[0.6956521739130435, 0.7391304347826086, 0.6956521739130435, 0.6956521739130435, 0.7333333333333333, 0.8222222222222222, 0.7333333333333333, 0.7777777777777778, 0.7111111111111111, 0.7333333333333333]","[0.6967834264685839, 0.7333211864861482, 0.694390776159235, 0.6834788098375055, 0.7315453384418902, 0.8210411650040133, 0.725735294117647, 0.7800148910013333, 0.7121328224776501, 0.7311728395061728]","[array([[ 7,  5,  0,  0],
       [ 2,  6,  0,  1],
       [ 0,  0,  8,  2],
       [ 0,  0,  4, 11]]), array([[10,  1,  0,  1],
       [ 4,  5,  0,  0],
       [ 0,  0,  6,  4],
       [ 0,  1,  1, 13]]), array([[ 7,  4,  0,  0],
       [ 4,  6,  0,  0],
       [ 0,  0,  6,  4],
       [ 1,  0,  1, 13]]), array([[ 4,  5,  1,  1],
       [ 2,  7,  0,  1],
       [ 0,  0,  8,  2],
       [ 1,  0,  1, 13]]), array([[ 7,  3,  1,  0],
       [ 3,  7,  0,  0],
       [ 0,  0,  7,  3],
       [ 0,  0,  2, 12]]), array([[10,  1,  0,  0],
       [ 3,  7,  0,  0],
       [ 0,  0,  7,  2],
       [ 0,  1,  1, 13]]), array([[ 5,  5,  1,  0],
       [ 0,  7,  0,  2],
       [ 0,  0,  8,  2],
       [ 1,  0,  1, 13]]), array([[ 7,  4,  0,  0],
       [ 4,  5,  0,  0],
       [ 1,  0,  8,  1],
       [ 0,  0,  0, 15]]), array([[ 8,  3,  0,  0],
       [ 3,  6,  0,  0],
       [ 0,  0,  7,  3],
       [ 0,  0,  4, 11]]), array([[ 7,  4,  0,  0],
       [ 3,  5,  0,  1],
       [ 1,  0,  7,  2],
       [ 0,  0,  1, 14]])]"
0.9,"[1.0, 1.0, 1.0, 1.0, 1.0, 1.0, 1.0, 1.0, 1.0, 1.0]","[1.0, 1.0, 1.0, 1.0, 1.0, 1.0, 1.0, 1.0, 1.0, 1.0]","[1.0, 1.0, 1.0, 1.0, 1.0, 1.0, 1.0, 1.0, 1.0, 1.0]","[1.0, 1.0, 1.0, 1.0, 1.0, 1.0, 1.0, 1.0, 1.0, 1.0]","[1.0, 1.0, 1.0, 1.0, 1.0, 1.0, 1.0, 1.0, 1.0, 1.0]","[1.0, 1.0, 1.0, 1.0, 1.0, 1.0, 1.0, 1.0, 1.0, 1.0]","[1.0, 1.0, 1.0, 1.0, 1.0, 1.0, 1.0, 1.0, 1.0, 1.0]","[1.0, 1.0, 1.0, 1.0, 1.0, 1.0, 1.0, 1.0, 1.0, 1.0]","[1.0, 1.0, 1.0, 1.0, 1.0, 1.0, 1.0, 1.0, 1.0, 1.0]","[1.0, 1.0, 1.0, 1.0, 1.0, 1.0, 1.0, 1.0, 1.0, 1.0]","[array([[100,   0,   0,   0],
       [  0, 137,   0,   0],
       [  0,   0,  89,   0],
       [  0,   0,   0, 134]]), array([[100,   0,   0,   0],
       [  0, 125,   0,   0],
       [  0,   0,  89,   0],
       [  0,   0,   0, 134]]), array([[101,   0,   0,   0],
       [  0, 138,   0,   0],
       [  0,   0,  89,   0],
       [  0,   0,   0, 134]]), array([[101,   0,   0,   0],
       [  0, 136,   0,   0],
       [  0,   0,  89,   0],
       [  0,   0,   0, 134]]), array([[101,   0,   0,   0],
       [  0, 141,   0,   0],
       [  0,   0,  89,   0],
       [  0,   0,   0, 135]]), array([[101,   0,   0,   0],
       [  0, 140,   0,   0],
       [  0,   0,  90,   0],
       [  0,   0,   0, 134]]), array([[101,   0,   0,   0],
       [  0, 136,   0,   0],
       [  0,   0,  89,   0],
       [  0,   0,   0, 134]]), array([[101,   0,   0,   0],
       [  0, 139,   0,   0],
       [  0,   0,  89,   0],
       [  0,   0,   0, 134]]), array([[101,   0,   0,   0],
       [  0, 127,   0,   0],
       [  0,   0,  89,   0],
       [  0,   0,   0, 134]]), array([[101,   0,   0,   0],
       [  0, 126,   0,   0],
       [  0,   0,  89,   0],
       [  0,   0,   0, 134]])]","[0.6956521739130435, 0.717391304347826, 0.6521739130434783, 0.717391304347826, 0.7555555555555555, 0.8, 0.7111111111111111, 0.7777777777777778, 0.8, 0.6888888888888889]","[0.6956521739130435, 0.717391304347826, 0.6521739130434783, 0.717391304347826, 0.7555555555555555, 0.8, 0.7111111111111111, 0.7777777777777778, 0.8, 0.6888888888888889]","[0.6956521739130435, 0.717391304347826, 0.6521739130434783, 0.717391304347826, 0.7555555555555555, 0.8, 0.7111111111111111, 0.7777777777777778, 0.8, 0.6888888888888889]","[0.6956521739130435, 0.717391304347826, 0.6521739130434783, 0.717391304347826, 0.7555555555555555, 0.8, 0.7111111111111111, 0.7777777777777778, 0.8, 0.6888888888888889]","[0.6976325757575758, 0.7266594516594517, 0.6499923687423688, 0.7194444444444444, 0.7512626262626263, 0.7943181818181818, 0.7113636363636364, 0.7707070707070707, 0.7996323529411764, 0.6745098039215686]","[0.6916666666666667, 0.7, 0.6303030303030304, 0.7030303030303031, 0.7483766233766235, 0.7845959595959595, 0.7030303030303029, 0.7651515151515152, 0.7795454545454545, 0.6696969696969697]","[0.6925708699902249, 0.7052480655253572, 0.627781380911008, 0.7082478924584188, 0.7473727422003283, 0.7885069863722616, 0.7014431239388794, 0.7669059011164274, 0.785317206592782, 0.6705435463659148]","[0.7016551383399211, 0.7289572746094485, 0.657300127408823, 0.7171497584541062, 0.7561840628507296, 0.8, 0.7202020202020202, 0.7841975308641976, 0.8022875816993463, 0.6830501089324618]","[0.6956521739130435, 0.717391304347826, 0.6521739130434783, 0.717391304347826, 0.7555555555555555, 0.8, 0.7111111111111111, 0.7777777777777778, 0.8, 0.6888888888888889]","[0.6965021887883038, 0.7154139556709976, 0.6429774992458249, 0.7139290915034622, 0.7534501003466519, 0.7991144845034788, 0.7102282588190907, 0.7801169590643275, 0.7969869912538284, 0.6842000835421889]","[array([[ 8,  3,  0,  1],
       [ 2,  6,  0,  1],
       [ 0,  0,  7,  3],
       [ 0,  0,  4, 11]]), array([[ 8,  3,  0,  1],
       [ 3,  6,  0,  0],
       [ 0,  0,  6,  4],
       [ 0,  1,  1, 13]]), array([[ 5,  6,  0,  0],
       [ 3,  7,  0,  0],
       [ 0,  0,  5,  5],
       [ 0,  0,  2, 13]]), array([[ 6,  3,  0,  2],
       [ 3,  6,  0,  1],
       [ 0,  0,  8,  2],
       [ 1,  0,  1, 13]]), array([[ 7,  3,  1,  0],
       [ 2,  8,  0,  0],
       [ 0,  0,  7,  3],
       [ 0,  0,  2, 12]]), array([[ 8,  3,  0,  0],
       [ 3,  7,  0,  0],
       [ 0,  0,  7,  2],
       [ 0,  0,  1, 14]]), array([[ 6,  5,  0,  0],
       [ 1,  6,  0,  2],
       [ 0,  0,  8,  2],
       [ 1,  0,  2, 12]]), array([[ 8,  3,  0,  0],
       [ 3,  6,  0,  0],
       [ 0,  0,  8,  2],
       [ 0,  1,  1, 13]]), array([[ 9,  2,  0,  0],
       [ 3,  6,  0,  0],
       [ 0,  0,  7,  3],
       [ 0,  0,  1, 14]]), array([[ 6,  3,  1,  1],
       [ 3,  6,  0,  0],
       [ 1,  0,  6,  3],
       [ 0,  0,  2, 13]])]"
