metric value,Train_Accuracy,Train_Precision_micro,Train_Recall_micro,Train_f1_micro,Train_Precision_macro,Train_Recall_macro,Train_f1_macro,Train_Precision_weighted,Train_Recall_weighted,Train_f1_weighted,Train_Confusion_Matrix,Test_Accuracy,Test_Precision_micro,Test_Recall_micro,Test_f1_micro,Test_Precision_macro,Test_Recall_macro,Test_f1_macro,Test_Precision_weighted,Test_Recall_weighted,Test_f1_weighted,Test_Confusion_Matrix
euclidean,"[1.0, 1.0, 1.0, 1.0, 1.0, 1.0, 1.0, 1.0, 1.0, 1.0]","[1.0, 1.0, 1.0, 1.0, 1.0, 1.0, 1.0, 1.0, 1.0, 1.0]","[1.0, 1.0, 1.0, 1.0, 1.0, 1.0, 1.0, 1.0, 1.0, 1.0]","[1.0, 1.0, 1.0, 1.0, 1.0, 1.0, 1.0, 1.0, 1.0, 1.0]","[1.0, 1.0, 1.0, 1.0, 1.0, 1.0, 1.0, 1.0, 1.0, 1.0]","[1.0, 1.0, 1.0, 1.0, 1.0, 1.0, 1.0, 1.0, 1.0, 1.0]","[1.0, 1.0, 1.0, 1.0, 1.0, 1.0, 1.0, 1.0, 1.0, 1.0]","[1.0, 1.0, 1.0, 1.0, 1.0, 1.0, 1.0, 1.0, 1.0, 1.0]","[1.0, 1.0, 1.0, 1.0, 1.0, 1.0, 1.0, 1.0, 1.0, 1.0]","[1.0, 1.0, 1.0, 1.0, 1.0, 1.0, 1.0, 1.0, 1.0, 1.0]","[array([[100,   0,   0,   0],
       [  0, 134,   0,   0],
       [  0,   0,  89,   0],
       [  0,   0,   0, 134]]), array([[100,   0,   0,   0],
       [  0, 134,   0,   0],
       [  0,   0,  89,   0],
       [  0,   0,   0, 134]]), array([[101,   0,   0,   0],
       [  0, 134,   0,   0],
       [  0,   0,  89,   0],
       [  0,   0,   0, 134]]), array([[101,   0,   0,   0],
       [  0, 134,   0,   0],
       [  0,   0,  89,   0],
       [  0,   0,   0, 134]]), array([[101,   0,   0,   0],
       [  0, 135,   0,   0],
       [  0,   0,  89,   0],
       [  0,   0,   0, 135]]), array([[101,   0,   0,   0],
       [  0, 134,   0,   0],
       [  0,   0,  90,   0],
       [  0,   0,   0, 134]]), array([[101,   0,   0,   0],
       [  0, 134,   0,   0],
       [  0,   0,  89,   0],
       [  0,   0,   0, 134]]), array([[101,   0,   0,   0],
       [  0, 134,   0,   0],
       [  0,   0,  89,   0],
       [  0,   0,   0, 134]]), array([[101,   0,   0,   0],
       [  0, 134,   0,   0],
       [  0,   0,  89,   0],
       [  0,   0,   0, 134]]), array([[101,   0,   0,   0],
       [  0, 134,   0,   0],
       [  0,   0,  89,   0],
       [  0,   0,   0, 134]])]","[0.7391304347826086, 0.7608695652173914, 0.7391304347826086, 0.7391304347826086, 0.7555555555555555, 0.8222222222222222, 0.6444444444444445, 0.8222222222222222, 0.7333333333333333, 0.8444444444444444]","[0.7391304347826086, 0.7608695652173914, 0.7391304347826086, 0.7391304347826086, 0.7555555555555555, 0.8222222222222222, 0.6444444444444445, 0.8222222222222222, 0.7333333333333333, 0.8444444444444444]","[0.7391304347826086, 0.7608695652173914, 0.7391304347826086, 0.7391304347826086, 0.7555555555555555, 0.8222222222222222, 0.6444444444444445, 0.8222222222222222, 0.7333333333333333, 0.8444444444444444]","[0.7391304347826086, 0.7608695652173914, 0.7391304347826086, 0.7391304347826086, 0.7555555555555555, 0.8222222222222222, 0.6444444444444445, 0.8222222222222222, 0.7333333333333333, 0.8444444444444444]","[0.7461219336219337, 0.7708333333333333, 0.7712128879892037, 0.7381944444444444, 0.7632554945054945, 0.8307158119658119, 0.66504329004329, 0.8253267973856209, 0.7234848484848484, 0.8416666666666667]","[0.7444444444444444, 0.7638888888888888, 0.7257575757575757, 0.7174242424242424, 0.7555194805194805, 0.817929292929293, 0.6446969696969697, 0.8095959595959596, 0.7234848484848484, 0.842929292929293]","[0.7433404509866279, 0.7587112943649446, 0.7272891708170682, 0.7232323232323232, 0.7512912716574043, 0.8182011935208867, 0.6428571428571428, 0.8134868421052631, 0.7234848484848484, 0.8383838383838385]","[0.7490589121023904, 0.7759661835748792, 0.7640123511118935, 0.7416666666666667, 0.7677350427350427, 0.8350189933523267, 0.6731601731601731, 0.8293246187363833, 0.7333333333333333, 0.8469135802469137]","[0.7391304347826086, 0.7608695652173914, 0.7391304347826086, 0.7391304347826086, 0.7555555555555555, 0.8222222222222222, 0.6444444444444445, 0.8222222222222222, 0.7333333333333333, 0.8444444444444444]","[0.7422444904030199, 0.760463571270392, 0.7315638771676215, 0.7356170399648662, 0.7540300025425883, 0.8230633702756466, 0.6476190476190475, 0.8217251461988304, 0.7333333333333333, 0.842020202020202]","[array([[10,  2,  0,  0],
       [ 1,  7,  0,  1],
       [ 0,  0,  7,  3],
       [ 0,  0,  5, 10]]), array([[ 8,  3,  0,  1],
       [ 1,  8,  0,  0],
       [ 0,  0,  7,  3],
       [ 0,  1,  2, 12]]), array([[ 7,  4,  0,  0],
       [ 0,  9,  0,  1],
       [ 0,  0,  5,  5],
       [ 1,  0,  1, 13]]), array([[ 7,  3,  1,  0],
       [ 3,  6,  0,  1],
       [ 0,  0,  7,  3],
       [ 0,  1,  0, 14]]), array([[ 7,  4,  0,  0],
       [ 1,  9,  0,  0],
       [ 0,  0,  7,  3],
       [ 0,  0,  3, 11]]), array([[ 8,  3,  0,  0],
       [ 1,  9,  0,  0],
       [ 0,  0,  7,  2],
       [ 0,  1,  1, 13]]), array([[ 6,  4,  1,  0],
       [ 1,  6,  0,  2],
       [ 0,  0,  7,  3],
       [ 0,  2,  3, 10]]), array([[ 8,  3,  0,  0],
       [ 1,  7,  0,  1],
       [ 0,  0,  8,  2],
       [ 0,  0,  1, 14]]), array([[ 8,  3,  0,  0],
       [ 3,  6,  0,  0],
       [ 0,  0,  7,  3],
       [ 0,  0,  3, 12]]), array([[ 8,  2,  0,  1],
       [ 1,  7,  0,  1],
       [ 0,  0, 10,  0],
       [ 0,  0,  2, 13]])]"
manhattan,"[1.0, 1.0, 1.0, 1.0, 1.0, 1.0, 1.0, 1.0, 1.0, 1.0]","[1.0, 1.0, 1.0, 1.0, 1.0, 1.0, 1.0, 1.0, 1.0, 1.0]","[1.0, 1.0, 1.0, 1.0, 1.0, 1.0, 1.0, 1.0, 1.0, 1.0]","[1.0, 1.0, 1.0, 1.0, 1.0, 1.0, 1.0, 1.0, 1.0, 1.0]","[1.0, 1.0, 1.0, 1.0, 1.0, 1.0, 1.0, 1.0, 1.0, 1.0]","[1.0, 1.0, 1.0, 1.0, 1.0, 1.0, 1.0, 1.0, 1.0, 1.0]","[1.0, 1.0, 1.0, 1.0, 1.0, 1.0, 1.0, 1.0, 1.0, 1.0]","[1.0, 1.0, 1.0, 1.0, 1.0, 1.0, 1.0, 1.0, 1.0, 1.0]","[1.0, 1.0, 1.0, 1.0, 1.0, 1.0, 1.0, 1.0, 1.0, 1.0]","[1.0, 1.0, 1.0, 1.0, 1.0, 1.0, 1.0, 1.0, 1.0, 1.0]","[array([[100,   0,   0,   0],
       [  0, 134,   0,   0],
       [  0,   0,  89,   0],
       [  0,   0,   0, 134]]), array([[100,   0,   0,   0],
       [  0, 134,   0,   0],
       [  0,   0,  89,   0],
       [  0,   0,   0, 134]]), array([[101,   0,   0,   0],
       [  0, 134,   0,   0],
       [  0,   0,  89,   0],
       [  0,   0,   0, 134]]), array([[101,   0,   0,   0],
       [  0, 134,   0,   0],
       [  0,   0,  89,   0],
       [  0,   0,   0, 134]]), array([[101,   0,   0,   0],
       [  0, 135,   0,   0],
       [  0,   0,  89,   0],
       [  0,   0,   0, 135]]), array([[101,   0,   0,   0],
       [  0, 134,   0,   0],
       [  0,   0,  90,   0],
       [  0,   0,   0, 134]]), array([[101,   0,   0,   0],
       [  0, 134,   0,   0],
       [  0,   0,  89,   0],
       [  0,   0,   0, 134]]), array([[101,   0,   0,   0],
       [  0, 134,   0,   0],
       [  0,   0,  89,   0],
       [  0,   0,   0, 134]]), array([[101,   0,   0,   0],
       [  0, 134,   0,   0],
       [  0,   0,  89,   0],
       [  0,   0,   0, 134]]), array([[101,   0,   0,   0],
       [  0, 134,   0,   0],
       [  0,   0,  89,   0],
       [  0,   0,   0, 134]])]","[0.7608695652173914, 0.8260869565217391, 0.6739130434782609, 0.8043478260869565, 0.7555555555555555, 0.8444444444444444, 0.7111111111111111, 0.7333333333333333, 0.7555555555555555, 0.8222222222222222]","[0.7608695652173914, 0.8260869565217391, 0.6739130434782609, 0.8043478260869565, 0.7555555555555555, 0.8444444444444444, 0.7111111111111111, 0.7333333333333333, 0.7555555555555555, 0.8222222222222222]","[0.7608695652173914, 0.8260869565217391, 0.6739130434782609, 0.8043478260869565, 0.7555555555555555, 0.8444444444444444, 0.7111111111111111, 0.7333333333333333, 0.7555555555555555, 0.8222222222222222]","[0.7608695652173914, 0.8260869565217391, 0.6739130434782609, 0.8043478260869565, 0.7555555555555555, 0.8444444444444444, 0.7111111111111111, 0.7333333333333333, 0.7555555555555555, 0.8222222222222222]","[0.7723214285714286, 0.8401663695781343, 0.7617389060887513, 0.8239898989898989, 0.7512626262626263, 0.8479166666666667, 0.7362938596491229, 0.7347222222222223, 0.75, 0.8557063851181498]","[0.7652777777777777, 0.8291666666666667, 0.6575757575757576, 0.7878787878787878, 0.7483766233766235, 0.8406565656565657, 0.6886363636363636, 0.7151515151515152, 0.7512626262626263, 0.8252525252525252]","[0.7665537218022005, 0.8266212406015038, 0.6474264705882353, 0.7975490196078432, 0.7473727422003283, 0.841380188439012, 0.6902427637721755, 0.7207792207792207, 0.7496867167919798, 0.8192091148053424]","[0.7700569358178054, 0.8393913560153969, 0.758491497285413, 0.8188405797101449, 0.7561840628507296, 0.8505555555555555, 0.7437621832358674, 0.7362962962962963, 0.7577777777777778, 0.8480643539467069]","[0.7608695652173914, 0.8260869565217391, 0.6739130434782609, 0.8043478260869565, 0.7555555555555555, 0.8444444444444444, 0.7111111111111111, 0.7333333333333333, 0.7555555555555555, 0.8222222222222222]","[0.7634832316462089, 0.8248181595292579, 0.6576939471440749, 0.8035340618460822, 0.7534501003466519, 0.8449367625838214, 0.705425874053325, 0.7303511303511303, 0.7558340295182401, 0.8143968456947998]","[array([[11,  1,  0,  0],
       [ 1,  7,  0,  1],
       [ 0,  0,  7,  3],
       [ 0,  0,  5, 10]]), array([[ 9,  2,  0,  1],
       [ 0,  9,  0,  0],
       [ 0,  0,  7,  3],
       [ 0,  0,  2, 13]]), array([[ 4,  7,  0,  0],
       [ 0,  9,  0,  1],
       [ 0,  0,  5,  5],
       [ 0,  1,  1, 13]]), array([[ 9,  2,  0,  0],
       [ 2,  7,  0,  1],
       [ 0,  0,  7,  3],
       [ 0,  1,  0, 14]]), array([[ 7,  3,  1,  0],
       [ 2,  8,  0,  0],
       [ 0,  0,  7,  3],
       [ 0,  0,  2, 12]]), array([[ 9,  2,  0,  0],
       [ 1,  9,  0,  0],
       [ 0,  0,  7,  2],
       [ 0,  1,  1, 13]]), array([[ 5,  6,  0,  0],
       [ 1,  6,  0,  2],
       [ 0,  0,  7,  3],
       [ 0,  0,  1, 14]]), array([[ 8,  3,  0,  0],
       [ 2,  6,  0,  1],
       [ 0,  0,  6,  4],
       [ 0,  0,  2, 13]]), array([[ 8,  3,  0,  0],
       [ 2,  7,  0,  0],
       [ 0,  0,  7,  3],
       [ 0,  0,  3, 12]]), array([[ 6,  1,  1,  3],
       [ 0,  8,  0,  1],
       [ 0,  0, 10,  0],
       [ 0,  0,  2, 13]])]"
minkowski,"[1.0, 1.0, 1.0, 1.0, 1.0, 1.0, 1.0, 1.0, 1.0, 1.0]","[1.0, 1.0, 1.0, 1.0, 1.0, 1.0, 1.0, 1.0, 1.0, 1.0]","[1.0, 1.0, 1.0, 1.0, 1.0, 1.0, 1.0, 1.0, 1.0, 1.0]","[1.0, 1.0, 1.0, 1.0, 1.0, 1.0, 1.0, 1.0, 1.0, 1.0]","[1.0, 1.0, 1.0, 1.0, 1.0, 1.0, 1.0, 1.0, 1.0, 1.0]","[1.0, 1.0, 1.0, 1.0, 1.0, 1.0, 1.0, 1.0, 1.0, 1.0]","[1.0, 1.0, 1.0, 1.0, 1.0, 1.0, 1.0, 1.0, 1.0, 1.0]","[1.0, 1.0, 1.0, 1.0, 1.0, 1.0, 1.0, 1.0, 1.0, 1.0]","[1.0, 1.0, 1.0, 1.0, 1.0, 1.0, 1.0, 1.0, 1.0, 1.0]","[1.0, 1.0, 1.0, 1.0, 1.0, 1.0, 1.0, 1.0, 1.0, 1.0]","[array([[100,   0,   0,   0],
       [  0, 134,   0,   0],
       [  0,   0,  89,   0],
       [  0,   0,   0, 134]]), array([[100,   0,   0,   0],
       [  0, 134,   0,   0],
       [  0,   0,  89,   0],
       [  0,   0,   0, 134]]), array([[101,   0,   0,   0],
       [  0, 134,   0,   0],
       [  0,   0,  89,   0],
       [  0,   0,   0, 134]]), array([[101,   0,   0,   0],
       [  0, 134,   0,   0],
       [  0,   0,  89,   0],
       [  0,   0,   0, 134]]), array([[101,   0,   0,   0],
       [  0, 135,   0,   0],
       [  0,   0,  89,   0],
       [  0,   0,   0, 135]]), array([[101,   0,   0,   0],
       [  0, 134,   0,   0],
       [  0,   0,  90,   0],
       [  0,   0,   0, 134]]), array([[101,   0,   0,   0],
       [  0, 134,   0,   0],
       [  0,   0,  89,   0],
       [  0,   0,   0, 134]]), array([[101,   0,   0,   0],
       [  0, 134,   0,   0],
       [  0,   0,  89,   0],
       [  0,   0,   0, 134]]), array([[101,   0,   0,   0],
       [  0, 134,   0,   0],
       [  0,   0,  89,   0],
       [  0,   0,   0, 134]]), array([[101,   0,   0,   0],
       [  0, 134,   0,   0],
       [  0,   0,  89,   0],
       [  0,   0,   0, 134]])]","[0.717391304347826, 0.8260869565217391, 0.717391304347826, 0.7608695652173914, 0.7555555555555555, 0.8222222222222222, 0.6666666666666666, 0.8222222222222222, 0.7333333333333333, 0.8444444444444444]","[0.717391304347826, 0.8260869565217391, 0.717391304347826, 0.7608695652173914, 0.7555555555555555, 0.8222222222222222, 0.6666666666666666, 0.8222222222222222, 0.7333333333333333, 0.8444444444444444]","[0.717391304347826, 0.8260869565217391, 0.717391304347826, 0.7608695652173914, 0.7555555555555555, 0.8222222222222222, 0.6666666666666666, 0.8222222222222222, 0.7333333333333333, 0.8444444444444444]","[0.717391304347826, 0.8260869565217391, 0.717391304347826, 0.7608695652173914, 0.7555555555555555, 0.8222222222222222, 0.6666666666666666, 0.8222222222222222, 0.7333333333333333, 0.8444444444444444]","[0.724404761904762, 0.8401663695781343, 0.7404970760233918, 0.7847222222222222, 0.7632554945054945, 0.8307158119658119, 0.6816152597402597, 0.8201500297088533, 0.7234848484848484, 0.84375]","[0.7236111111111111, 0.8291666666666667, 0.7007575757575758, 0.7424242424242424, 0.7555194805194805, 0.817929292929293, 0.6613636363636363, 0.8045454545454547, 0.7234848484848484, 0.847979797979798]","[0.7202606830556014, 0.8266212406015038, 0.7042446524064171, 0.7520944741532978, 0.7512912716574043, 0.8182011935208867, 0.6607526881720429, 0.8102923585702224, 0.7234848484848484, 0.8386762360446571]","[0.7314699792960664, 0.8393913560153969, 0.7351894228324435, 0.783816425120773, 0.7677350427350427, 0.8350189933523267, 0.6891955266955266, 0.8220406681190996, 0.7333333333333333, 0.8479629629629629]","[0.717391304347826, 0.8260869565217391, 0.717391304347826, 0.7608695652173914, 0.7555555555555555, 0.8222222222222222, 0.6666666666666666, 0.8222222222222222, 0.7333333333333333, 0.8444444444444444]","[0.7208309720737718, 0.8248181595292579, 0.7107242501743779, 0.7614392001860032, 0.7540300025425883, 0.8230633702756466, 0.6676702508960574, 0.8199776401788786, 0.7333333333333333, 0.8394471026049972]","[array([[ 9,  3,  0,  0],
       [ 1,  7,  0,  1],
       [ 0,  0,  7,  3],
       [ 0,  0,  5, 10]]), array([[ 9,  2,  0,  1],
       [ 0,  9,  0,  0],
       [ 0,  0,  7,  3],
       [ 0,  0,  2, 13]]), array([[ 7,  4,  0,  0],
       [ 1,  8,  0,  1],
       [ 0,  0,  5,  5],
       [ 1,  0,  1, 13]]), array([[ 7,  4,  0,  0],
       [ 2,  7,  0,  1],
       [ 0,  0,  7,  3],
       [ 0,  1,  0, 14]]), array([[ 7,  4,  0,  0],
       [ 1,  9,  0,  0],
       [ 0,  0,  7,  3],
       [ 0,  0,  3, 11]]), array([[ 8,  3,  0,  0],
       [ 1,  9,  0,  0],
       [ 0,  0,  7,  2],
       [ 0,  1,  1, 13]]), array([[ 6,  4,  1,  0],
       [ 1,  6,  0,  2],
       [ 0,  0,  7,  3],
       [ 0,  1,  3, 11]]), array([[ 9,  2,  0,  0],
       [ 2,  6,  0,  1],
       [ 0,  0,  8,  2],
       [ 0,  0,  1, 14]]), array([[ 8,  3,  0,  0],
       [ 3,  6,  0,  0],
       [ 0,  0,  7,  3],
       [ 0,  0,  3, 12]]), array([[ 7,  2,  0,  2],
       [ 1,  8,  0,  0],
       [ 0,  0, 10,  0],
       [ 0,  0,  2, 13]])]"
